id,expected,corpus,split,sourceUrl,year,team,name,playerType,before,after
SEASON_10641f3dabd0d1e2b603,4,Article2010,Holdout,https://img.inven.co.kr/image/site_image/bm/dataninfo/playercard/43f.jpg,2005,롯데,강민호,Hitter,5,4
SEASON_7888492eff84816b6536,4,Article2010,Train,https://img.inven.co.kr/image/site_image/bm/dataninfo/playercard/75f.jpg,2001,SK,강성우,Hitter,3,3
SEASON_bd079463f7c78f6cd3a2,4,Article2010,Train,https://img.inven.co.kr/image/site_image/bm/dataninfo/playercard/91f.jpg,2000,한화,강인권,Hitter,4,4
SEASON_5e12023342af28383662,4,Article2010,Train,https://img.inven.co.kr/image/site_image/bm/dataninfo/playercard/318f.jpg,2004,현대,김동수,Hitter,6,5
SEASON_13fdbe1dcbf4ecc5152b,4,Article2010,Train,https://img.inven.co.kr/image/site_image/bm/dataninfo/playercard/415f.jpg,2000,해태,김상훈,Hitter,4,4
SEASON_b7414b6e709bb7d988e2,4,Article2010,Train,https://img.inven.co.kr/image/site_image/bm/dataninfo/playercard/416f.jpg,2001,KIA,김상훈,Hitter,6,6
SEASON_3f2085f1be40a06d57d2,4,Article2010,Train,https://img.inven.co.kr/image/site_image/bm/dataninfo/playercard/420f.jpg,2005,KIA,김상훈,Hitter,6,5
SEASON_2e59f0d1540b7137770e,4,Article2010,Train,https://img.inven.co.kr/image/site_image/bm/dataninfo/playercard/603f.jpg,2000,LG,김정민,Hitter,4,4
SEASON_270520e968aea0a6ba34,4,Article2010,Train,https://img.inven.co.kr/image/site_image/bm/dataninfo/playercard/1611f.jpg,2001,SK,양용모,Hitter,4,4
SEASON_670e56ecf5761b13ca7e,4,Article2010,Train,https://img.inven.co.kr/image/site_image/bm/dataninfo/playercard/3562f.jpg,2009,두산,용덕한,Hitter,4,4
SEASON_bf8cce7a8b54640a896a,4,Article2010,Train,https://img.inven.co.kr/image/site_image/bm/dataninfo/playercard/2863f.jpg,2004,롯데,최기문,Hitter,6,6
SEASON_188053b5b22597ec05a2,5,Article2010,Validation,https://img.inven.co.kr/image/site_image/bm/dataninfo/playercard/3263f.jpg,2009,히어로즈,강귀태,Hitter,5,5
SEASON_7b5f7138c7cc378f5dbf,5,Article2010,Holdout,https://img.inven.co.kr/image/site_image/bm/dataninfo/playercard/3265f.jpg,2009,롯데,강민호,Hitter,6,5
SEASON_3d0643a4ae24c331821b,5,Article2010,Train,https://img.inven.co.kr/image/site_image/bm/dataninfo/playercard/92f.jpg,2001,한화,강인권,Hitter,5,4
SEASON_1eafc90c319a71329dc0,5,Article2010,Train,https://img.inven.co.kr/image/site_image/bm/dataninfo/playercard/316f.jpg,2002,SK,김동수,Hitter,6,5
SEASON_b8c60fa39955452c8d89,5,Article2010,Train,https://img.inven.co.kr/image/site_image/bm/dataninfo/playercard/319f.jpg,2005,현대,김동수,Hitter,5,5
SEASON_4a5060ae89f319baab44,5,Article2010,Train,https://img.inven.co.kr/image/site_image/bm/dataninfo/playercard/417f.jpg,2002,KIA,김상훈,Hitter,6,5
SEASON_5663094db2c448825a5c,5,Article2010,Train,https://img.inven.co.kr/image/site_image/bm/dataninfo/playercard/418f.jpg,2003,KIA,김상훈,Hitter,7,6
SEASON_3f692b4033a93a25d673,5,Article2010,Train,https://img.inven.co.kr/image/site_image/bm/dataninfo/playercard/419f.jpg,2004,KIA,김상훈,Hitter,7,6
SEASON_1a0e94b7053489df7a76,5,Article2010,Train,https://img.inven.co.kr/image/site_image/bm/dataninfo/playercard/421f.jpg,2006,KIA,김상훈,Hitter,6,5
SEASON_b4519e12e53a5ebf1283,5,Article2010,Train,https://img.inven.co.kr/image/site_image/bm/dataninfo/playercard/987f.jpg,2005,SK,박경완,Hitter,7,6
SEASON_3e07012ba134e52953b3,5,Article2010,Train,https://img.inven.co.kr/image/site_image/bm/dataninfo/playercard/3424f.jpg,2009,SK,박경완,Hitter,6,5
SEASON_9373069d79695004fb0e,5,Article2010,Train,https://img.inven.co.kr/image/site_image/bm/dataninfo/playercard/3513f.jpg,2009,한화,신경현,Hitter,4,4
SEASON_00bec8214140cef00cc1,5,Article2010,Train,https://img.inven.co.kr/image/site_image/bm/dataninfo/playercard/2697f.jpg,2000,LG,조인성,Hitter,4,4
SEASON_ce8d1ab4853ecd96bd0d,5,Article2010,Train,https://img.inven.co.kr/image/site_image/bm/dataninfo/playercard/2698f.jpg,2001,LG,조인성,Hitter,5,4
SEASON_20eca26cf84ab2c6a3fa,5,Article2010,Train,https://img.inven.co.kr/image/site_image/bm/dataninfo/playercard/2699f.jpg,2002,LG,조인성,Hitter,7,6
SEASON_cd75f8ae469e46d582db,5,Article2010,Train,https://img.inven.co.kr/image/site_image/bm/dataninfo/playercard/2700f.jpg,2003,LG,조인성,Hitter,8,7
SEASON_d2dbea4d8f4a30655373,5,Article2010,Train,https://img.inven.co.kr/image/site_image/bm/dataninfo/playercard/2701f.jpg,2004,LG,조인성,Hitter,7,6
SEASON_4dc082505169456c5434,5,Article2010,Train,https://img.inven.co.kr/image/site_image/bm/dataninfo/playercard/3741f.jpg,2009,LG,조인성,Hitter,5,5
SEASON_56e57863c80a9e7e882b,5,Article2010,Holdout,https://img.inven.co.kr/image/site_image/bm/dataninfo/playercard/2808f.jpg,2008,KIA,차일목,Hitter,5,5
SEASON_8e2ef254fd58e2d24410,5,Article2010,Train,https://img.inven.co.kr/image/site_image/bm/dataninfo/playercard/2824f.jpg,2007,두산,채상병,Hitter,6,5
SEASON_8efc2c0f2fd259cef0f6,5,Article2010,Train,https://img.inven.co.kr/image/site_image/bm/dataninfo/playercard/2825f.jpg,2008,두산,채상병,Hitter,6,5
SEASON_e3502967c37e327af958,5,Article2010,Train,https://img.inven.co.kr/image/site_image/bm/dataninfo/playercard/2859f.jpg,2000,롯데,최기문,Hitter,6,5
SEASON_f1f9194d120400a8b977,5,Article2010,Train,https://img.inven.co.kr/image/site_image/bm/dataninfo/playercard/2860f.jpg,2001,롯데,최기문,Hitter,8,7
SEASON_094a2ee79e8d7830f874,5,Article2010,Train,https://img.inven.co.kr/image/site_image/bm/dataninfo/playercard/2861f.jpg,2002,롯데,최기문,Hitter,7,6
SEASON_9a886a87c584d7ec643c,5,Article2010,Train,https://img.inven.co.kr/image/site_image/bm/dataninfo/playercard/2862f.jpg,2003,롯데,최기문,Hitter,7,6
SEASON_5d70e2c3d55bb4fd68be,5,Article2010,Validation,https://img.inven.co.kr/image/site_image/bm/dataninfo/playercard/3778f.jpg,2009,두산,최승환,Hitter,4,4
SEASON_cb86de231cdefc9c79d1,5,Article2010,Train,https://img.inven.co.kr/image/site_image/bm/dataninfo/playercard/3817f.jpg,2009,삼성,현재윤,Hitter,5,4
SEASON_84e997583220047840c9,5,Article2010,Holdout,https://img.inven.co.kr/image/site_image/bm/dataninfo/playercard/3128f.jpg,2001,두산,홍성흔,Hitter,7,6
SEASON_736081422d6346842d2a,6,Article2010,Holdout,https://img.inven.co.kr/image/site_image/bm/dataninfo/playercard/45f.jpg,2007,롯데,강민호,Hitter,8,7
SEASON_339dd3f89b399fe4c497,6,Article2010,Train,https://img.inven.co.kr/image/site_image/bm/dataninfo/playercard/3340f.jpg,2009,KIA,김상훈,Hitter,6,6
SEASON_05e9e496a0bd1fa8147a,6,Article2010,Train,https://img.inven.co.kr/image/site_image/bm/dataninfo/playercard/984f.jpg,2002,현대,박경완,Hitter,6,6
SEASON_ac7601956b11a33ba54d,6,Article2010,Train,https://img.inven.co.kr/image/site_image/bm/dataninfo/playercard/985f.jpg,2003,SK,박경완,Hitter,7,6
SEASON_bd37c64f56b6c871f07f,6,Article2010,Holdout,https://img.inven.co.kr/image/site_image/bm/dataninfo/playercard/3602f.jpg,2009,한화,이도형,Hitter,7,6
SEASON_744415531907457ec8b7,6,Article2010,Train,https://img.inven.co.kr/image/site_image/bm/dataninfo/playercard/3709f.jpg,2009,SK,정상호,Hitter,6,6
SEASON_a9ac93c76987718c5a2d,6,Article2010,Train,https://img.inven.co.kr/image/site_image/bm/dataninfo/playercard/2774f.jpg,2002,삼성,진갑용,Hitter,8,8
SEASON_637043662edf620414e7,6,Article2010,Train,https://img.inven.co.kr/image/site_image/bm/dataninfo/playercard/2775f.jpg,2003,삼성,진갑용,Hitter,8,8
SEASON_cf20704df362d3efd6d8,6,Article2010,Train,https://img.inven.co.kr/image/site_image/bm/dataninfo/playercard/2776f.jpg,2004,삼성,진갑용,Hitter,8,8
SEASON_89093c8194f4454ae29f,6,Article2010,Train,https://img.inven.co.kr/image/site_image/bm/dataninfo/playercard/2777f.jpg,2005,삼성,진갑용,Hitter,7,7
SEASON_976d5d8bcc3054e2716e,6,Article2010,Holdout,https://img.inven.co.kr/image/site_image/bm/dataninfo/playercard/3127f.jpg,2000,두산,홍성흔,Hitter,8,7
SEASON_2e3b1261ab3b3f09f628,6,Article2010,Holdout,https://img.inven.co.kr/image/site_image/bm/dataninfo/playercard/3130f.jpg,2003,두산,홍성흔,Hitter,6,5
SEASON_53b3bf4cd93e4eca4219,6,Article2010,Holdout,https://img.inven.co.kr/image/site_image/bm/dataninfo/playercard/3132f.jpg,2005,두산,홍성흔,Hitter,8,7
SEASON_4677db83cdfbfb011698,7,Article2010,Holdout,https://img.inven.co.kr/image/site_image/bm/dataninfo/playercard/44f.jpg,2006,롯데,강민호,Hitter,7,6
SEASON_4b09596145f11adc87ba,7,Article2010,Train,https://img.inven.co.kr/image/site_image/bm/dataninfo/playercard/317f.jpg,2003,현대,김동수,Hitter,8,7
SEASON_8b7d451b1df13fe74f53,7,Article2010,Train,https://img.inven.co.kr/image/site_image/bm/dataninfo/playercard/989f.jpg,2007,SK,박경완,Hitter,8,7
SEASON_754802dffe259597e690,7,Article2010,Train,https://img.inven.co.kr/image/site_image/bm/dataninfo/playercard/990f.jpg,2008,SK,박경완,Hitter,7,6
SEASON_1b2ec2ce40cc3dfb22d9,7,Article2010,Train,https://img.inven.co.kr/image/site_image/bm/dataninfo/playercard/2704f.jpg,2007,LG,조인성,Hitter,8,8
SEASON_fa6da83d2f2eb1340e8c,7,Article2010,Train,https://img.inven.co.kr/image/site_image/bm/dataninfo/playercard/2778f.jpg,2006,삼성,진갑용,Hitter,8,7
SEASON_21fa782478e31d2b89c6,7,Article2010,Holdout,https://img.inven.co.kr/image/site_image/bm/dataninfo/playercard/3129f.jpg,2002,두산,홍성흔,Hitter,8,7
SEASON_c0c11dbca54d390a765f,8,Article2010,Holdout,https://img.inven.co.kr/image/site_image/bm/dataninfo/playercard/46f.jpg,2008,롯데,강민호,Hitter,8,8
SEASON_36c19b3bfe6f948c52f2,8,Article2010,Train,https://img.inven.co.kr/image/site_image/bm/dataninfo/playercard/983f.jpg,2001,현대,박경완,Hitter,8,8
SEASON_63e4775ee87066593289,9,Article2010,Holdout,https://img.inven.co.kr/image/site_image/bm/dataninfo/playercard/3131f.jpg,2004,두산,홍성흔,Hitter,8,8
SEASON_d93c0941cc5e0b961b29,10,Article2010,Train,https://img.inven.co.kr/image/site_image/bm/dataninfo/playercard/986f.jpg,2004,SK,박경완,Hitter,10,9
SEASON_17cd89535255bcbb5081,5,Article2010,Train,https://img.inven.co.kr/image/site_image/bm/dataninfo/playercard/109f.jpg,2000,두산,강혁,Hitter,6,5
SEASON_ff7623997c1c9149fe1e,5,Article2010,Validation,https://img.inven.co.kr/image/site_image/bm/dataninfo/playercard/1300f.jpg,2001,LG,서용빈,Hitter,6,6
SEASON_e3d74c80af71f7960e1e,5,Article2010,Validation,https://img.inven.co.kr/image/site_image/bm/dataninfo/playercard/2014f.jpg,2008,우리,이숭용,Hitter,6,6
SEASON_ae3fed833ee36e09283b,5,Article2010,Train,https://img.inven.co.kr/image/site_image/bm/dataninfo/playercard/2353f.jpg,2005,두산,장원진,Hitter,7,6
SEASON_19a2c77d67fcbce05939,6,Article2010,Train,https://img.inven.co.kr/image/site_image/bm/dataninfo/playercard/849f.jpg,2005,롯데,라이온,Hitter,8,7
SEASON_14fa40f55e4bec8ff64f,6,Article2010,Validation,https://img.inven.co.kr/image/site_image/bm/dataninfo/playercard/1603f.jpg,2001,롯데,얀,Hitter,7,6
SEASON_b5161f25452d3d7ff5f0,6,Article2010,Validation,https://img.inven.co.kr/image/site_image/bm/dataninfo/playercard/2010f.jpg,2004,현대,이숭용,Hitter,8,7
SEASON_e90f960df0c246f1c230,6,Article2010,Train,https://img.inven.co.kr/image/site_image/bm/dataninfo/playercard/2326f.jpg,2000,해태,장성호,Hitter,8,8
SEASON_993383edc5b653237f13,6,Article2010,Holdout,https://img.inven.co.kr/image/site_image/bm/dataninfo/playercard/2374f.jpg,2001,한화,장종훈,Hitter,7,6
SEASON_111cf33c8c2bfb01e7dc,6,Article2010,Train,https://img.inven.co.kr/image/site_image/bm/dataninfo/playercard/3766f.jpg,2009,삼성,채태인,Hitter,8,7
SEASON_68e8cb25a4e2d5b81c26,6,Article2010,Validation,https://img.inven.co.kr/image/site_image/bm/dataninfo/playercard/2885f.jpg,2007,LG,최동수,Hitter,8,8
SEASON_fb4f95d6f45a424dd7bb,7,Article2010,Validation,https://img.inven.co.kr/image/site_image/bm/dataninfo/playercard/3623f.jpg,2009,히어로즈,이숭용,Hitter,7,6
SEASON_f8f7aec033d575207a0a,7,Article2010,Train,https://img.inven.co.kr/image/site_image/bm/dataninfo/playercard/3796f.jpg,2009,KIA,최희섭,Hitter,10,9
SEASON_e62bd79159ac08e697c1,8,Article2010,Train,https://img.inven.co.kr/image/site_image/bm/dataninfo/playercard/2015f.jpg,2000,삼성,이승엽,Hitter,10,9
SEASON_3e613ce441d1994968fb,8,Article2010,Train,https://img.inven.co.kr/image/site_image/bm/dataninfo/playercard/2331f.jpg,2005,KIA,장성호,Hitter,8,8
SEASON_e66479f1560c7ad8c01b,9,Article2010,Train,https://img.inven.co.kr/image/site_image/bm/dataninfo/playercard/3372f.jpg,2009,롯데,김주찬,Hitter,8,7
SEASON_49ff5efe7ed77f8591e2,9,Article2010,Holdout,https://img.inven.co.kr/image/site_image/bm/dataninfo/playercard/1736f.jpg,2001,두산,우즈,Hitter,9,9
SEASON_81101c25068ef8987615,9,Article2010,Train,https://img.inven.co.kr/image/site_image/bm/dataninfo/playercard/2017f.jpg,2002,삼성,이승엽,Hitter,10,10
SEASON_e0339c177ccb9940248c,9,Article2010,Train,https://img.inven.co.kr/image/site_image/bm/dataninfo/playercard/2328f.jpg,2002,KIA,장성호,Hitter,10,9
SEASON_8a4d2d35781e8f6a64a6,9,Article2010,Train,https://img.inven.co.kr/image/site_image/bm/dataninfo/playercard/2329f.jpg,2003,KIA,장성호,Hitter,10,9
SEASON_c93e86b3f8e9e8556324,9,Article2010,Train,https://img.inven.co.kr/image/site_image/bm/dataninfo/playercard/2332f.jpg,2006,KIA,장성호,Hitter,9,9
SEASON_33ce20a0e1df49e85216,10,Article2010,Holdout,https://img.inven.co.kr/image/site_image/bm/dataninfo/playercard/723f.jpg,2008,한화,김태균,Hitter,10,10
SEASON_c7bc8ab9a3dea1c4cfcd,3,Article2010,Validation,https://img.inven.co.kr/image/site_image/bm/dataninfo/playercard/1858f.jpg,2004,SK,이대수,Hitter,2,2
SEASON_102dd312a3b06b316785,4,Article2010,Train,https://img.inven.co.kr/image/site_image/bm/dataninfo/playercard/799f.jpg,2005,두산,나주환,Hitter,5,4
SEASON_d55aab5cc14c592a68e4,4,Article2010,Train,https://img.inven.co.kr/image/site_image/bm/dataninfo/playercard/1471f.jpg,2006,롯데,신명철,Hitter,3,3
SEASON_f3754032640851685910,4,Article2010,Train,https://img.inven.co.kr/image/site_image/bm/dataninfo/playercard/2158f.jpg,2000,두산,이종민,Hitter,3,3
SEASON_8c198802248af21f6bed,4,Article2010,Train,https://img.inven.co.kr/image/site_image/bm/dataninfo/playercard/2159f.jpg,2001,두산,이종민,Hitter,3,3
SEASON_8540e8a7f9e6b5b6302e,4,Article2010,Train,https://img.inven.co.kr/image/site_image/bm/dataninfo/playercard/2171f.jpg,2001,LG,이종열,Hitter,4,4
SEASON_6feafc7b248e2188a441,4,Article2010,Holdout,https://img.inven.co.kr/image/site_image/bm/dataninfo/playercard/2461f.jpg,2001,삼성,정경배,Hitter,5,5
SEASON_d74af240aa387747cbdf,4,Article2010,Train,https://img.inven.co.kr/image/site_image/bm/dataninfo/playercard/2831f.jpg,2006,현대,채종국,Hitter,4,4
SEASON_f16d595fa3183e385f8d,4,Article2010,Train,https://img.inven.co.kr/image/site_image/bm/dataninfo/playercard/3074f.jpg,2005,한화,한상훈,Hitter,4,3
SEASON_b83f33cc9e8b61fa8fc1,4,Article2010,Train,https://img.inven.co.kr/image/site_image/bm/dataninfo/playercard/3075f.jpg,2006,한화,한상훈,Hitter,4,4
SEASON_2fa62950bbab041efe20,5,Article2010,Train,https://img.inven.co.kr/image/site_image/bm/dataninfo/playercard/3279f.jpg,2009,두산,고영민,Hitter,5,5
SEASON_c350964e46a9ddbc6333,5,Article2010,Train,https://img.inven.co.kr/image/site_image/bm/dataninfo/playercard/560f.jpg,2007,현대,김일경,Hitter,6,6
SEASON_970e5946a30a2403dfdc,5,Article2010,Train,https://img.inven.co.kr/image/site_image/bm/dataninfo/playercard/561f.jpg,2008,우리,김일경,Hitter,5,4
SEASON_04c69b03c232d412705e,5,Article2010,Train,https://img.inven.co.kr/image/site_image/bm/dataninfo/playercard/623f.jpg,2001,KIA,김종국,Hitter,7,6
SEASON_401c52483a1fbe704599,5,Article2010,Train,https://img.inven.co.kr/image/site_image/bm/dataninfo/playercard/628f.jpg,2006,KIA,김종국,Hitter,6,5
SEASON_8307071cb16c8f65e9d5,5,Article2010,Train,https://img.inven.co.kr/image/site_image/bm/dataninfo/playercard/977f.jpg,2004,LG,박경수,Hitter,6,6
SEASON_acf5ca5f019ca8e6ddbb,5,Article2010,Train,https://img.inven.co.kr/image/site_image/bm/dataninfo/playercard/979f.jpg,2006,LG,박경수,Hitter,6,5
SEASON_8b390bd43578076739d0,5,Article2010,Train,https://img.inven.co.kr/image/site_image/bm/dataninfo/playercard/3423f.jpg,2009,LG,박경수,Hitter,6,5
SEASON_1c13fa577f0ab521077a,5,Article2010,Train,https://img.inven.co.kr/image/site_image/bm/dataninfo/playercard/1139f.jpg,2002,삼성,박정환,Hitter,6,5
SEASON_bf4c25ce2ae006ae8c08,5,Article2010,Train,https://img.inven.co.kr/image/site_image/bm/dataninfo/playercard/1155f.jpg,2002,현대,박종호,Hitter,7,6
SEASON_05f8fbb0620c83042827,5,Article2010,Train,https://img.inven.co.kr/image/site_image/bm/dataninfo/playercard/1158f.jpg,2005,삼성,박종호,Hitter,7,6
SEASON_80f58e468feae21b6e51,5,Article2010,Train,https://img.inven.co.kr/image/site_image/bm/dataninfo/playercard/1159f.jpg,2006,삼성,박종호,Hitter,5,4
SEASON_6737cf2f7fcdefa94d30,5,Article2010,Validation,https://img.inven.co.kr/image/site_image/bm/dataninfo/playercard/1210f.jpg,2006,롯데,박현승,Hitter,6,5
SEASON_68fc7eef4222c6db44ee,5,Article2010,Holdout,https://img.inven.co.kr/image/site_image/bm/dataninfo/playercard/1244f.jpg,2001,한화,백재호,Hitter,5,5
SEASON_165a79fbfb6ec3637011,5,Article2010,Holdout,https://img.inven.co.kr/image/site_image/bm/dataninfo/playercard/1248f.jpg,2005,한화,백재호,Hitter,6,5
SEASON_87209d331304e27a0d47,5,Article2010,Train,https://img.inven.co.kr/image/site_image/bm/dataninfo/playercard/1374f.jpg,2007,KIA,손지환,Hitter,5,5
SEASON_5bd9a58c64b0680418a4,5,Article2010,Train,https://img.inven.co.kr/image/site_image/bm/dataninfo/playercard/1468f.jpg,2003,롯데,신명철,Hitter,5,5
SEASON_26cdc3984288219f2bc0,5,Article2010,Train,https://img.inven.co.kr/image/site_image/bm/dataninfo/playercard/1473f.jpg,2008,삼성,신명철,Hitter,4,4
SEASON_c96f0ab1ff374e9e22c4,5,Article2010,Validation,https://img.inven.co.kr/image/site_image/bm/dataninfo/playercard/1551f.jpg,2000,두산,안경현,Hitter,6,6
SEASON_4a07f1fed393c49e3dba,5,Article2010,Validation,https://img.inven.co.kr/image/site_image/bm/dataninfo/playercard/3528f.jpg,2009,KIA,안치홍,Hitter,6,6
SEASON_857ad9094c0982b36aca,5,Article2010,Train,https://img.inven.co.kr/image/site_image/bm/dataninfo/playercard/2057f.jpg,2008,한화,이여상,Hitter,4,4
SEASON_9d1cf0e26fe83c731490,5,Article2010,Train,https://img.inven.co.kr/image/site_image/bm/dataninfo/playercard/2170f.jpg,2000,LG,이종열,Hitter,7,6
SEASON_da1311e36e4b2890e554,5,Article2010,Train,https://img.inven.co.kr/image/site_image/bm/dataninfo/playercard/2175f.jpg,2005,LG,이종열,Hitter,6,5
SEASON_f0c4fee6ea3131f66d01,5,Article2010,Validation,https://img.inven.co.kr/image/site_image/bm/dataninfo/playercard/2268f.jpg,2002,한화,임수민,Hitter,6,6
SEASON_607053aca76b87845863,5,Article2010,Validation,https://img.inven.co.kr/image/site_image/bm/dataninfo/playercard/2269f.jpg,2003,한화,임수민,Hitter,6,5
SEASON_3bf770a59a9472f1e34d,5,Article2010,Validation,https://img.inven.co.kr/image/site_image/bm/dataninfo/playercard/2270f.jpg,2004,한화,임수민,Hitter,6,6
SEASON_6dab9a792bbe6e00459c,5,Article2010,Holdout,https://img.inven.co.kr/image/site_image/bm/dataninfo/playercard/2460f.jpg,2000,삼성,정경배,Hitter,8,7
SEASON_a2f606264677964ea41d,5,Article2010,Holdout,https://img.inven.co.kr/image/site_image/bm/dataninfo/playercard/2464f.jpg,2004,SK,정경배,Hitter,8,7
SEASON_faefb9670773632a07f3,5,Article2010,Holdout,https://img.inven.co.kr/image/site_image/bm/dataninfo/playercard/2467f.jpg,2007,SK,정경배,Hitter,6,5
SEASON_059e1784021f29cce8e3,5,Article2010,Train,https://img.inven.co.kr/image/site_image/bm/dataninfo/playercard/2829f.jpg,2004,현대,채종국,Hitter,6,6
SEASON_0e270be2faa1bd99843a,5,Article2010,Train,https://img.inven.co.kr/image/site_image/bm/dataninfo/playercard/3076f.jpg,2007,한화,한상훈,Hitter,6,5
SEASON_0e6f687366063b841f0b,5,Article2010,Train,https://img.inven.co.kr/image/site_image/bm/dataninfo/playercard/3077f.jpg,2008,한화,한상훈,Hitter,5,5
SEASON_4740e17af9342c3584ad,6,Article2010,Train,https://img.inven.co.kr/image/site_image/bm/dataninfo/playercard/133f.jpg,2006,두산,고영민,Hitter,7,6
SEASON_846c86c4c10553d517d9,6,Article2010,Train,https://img.inven.co.kr/image/site_image/bm/dataninfo/playercard/3360f.jpg,2009,히어로즈,김일경,Hitter,5,5
SEASON_11b11a390d81946556ca,6,Article2010,Train,https://img.inven.co.kr/image/site_image/bm/dataninfo/playercard/625f.jpg,2003,KIA,김종국,Hitter,8,7
SEASON_e9808d72b4c6cff0e52a,6,Article2010,Train,https://img.inven.co.kr/image/site_image/bm/dataninfo/playercard/626f.jpg,2004,KIA,김종국,Hitter,8,7
SEASON_de00622caf60d34aec84,6,Article2010,Train,https://img.inven.co.kr/image/site_image/bm/dataninfo/playercard/630f.jpg,2008,KIA,김종국,Hitter,6,5
SEASON_66f172101a962cd25cde,6,Article2010,Train,https://img.inven.co.kr/image/site_image/bm/dataninfo/playercard/1154f.jpg,2001,현대,박종호,Hitter,7,6
SEASON_a30ec57239aaa5b170ff,6,Article2010,Train,https://img.inven.co.kr/image/site_image/bm/dataninfo/playercard/1156f.jpg,2003,현대,박종호,Hitter,8,7
SEASON_f50eea9e05e7f98a5682,6,Article2010,Train,https://img.inven.co.kr/image/site_image/bm/dataninfo/playercard/1157f.jpg,2004,삼성,박종호,Hitter,8,7
SEASON_c3abe65e24a24d7d5ac3,6,Article2010,Train,https://img.inven.co.kr/image/site_image/bm/dataninfo/playercard/1372f.jpg,2005,KIA,손지환,Hitter,7,6
SEASON_48c373b8103934110b95,6,Article2010,Train,https://img.inven.co.kr/image/site_image/bm/dataninfo/playercard/1470f.jpg,2005,롯데,신명철,Hitter,7,6
SEASON_9012ef847f656feb048a,6,Article2010,Train,https://img.inven.co.kr/image/site_image/bm/dataninfo/playercard/1472f.jpg,2007,삼성,신명철,Hitter,7,6
SEASON_9cb473947e44aaeca607,6,Article2010,Validation,https://img.inven.co.kr/image/site_image/bm/dataninfo/playercard/1553f.jpg,2002,두산,안경현,Hitter,8,7
SEASON_d8326a377c076a74f9ea,6,Article2010,Validation,https://img.inven.co.kr/image/site_image/bm/dataninfo/playercard/1555f.jpg,2004,두산,안경현,Hitter,8,7
SEASON_b44638ec743f8484b443,6,Article2010,Validation,https://img.inven.co.kr/image/site_image/bm/dataninfo/playercard/1556f.jpg,2005,두산,안경현,Hitter,8,7
SEASON_31f700115633d70a45c5,6,Article2010,Train,https://img.inven.co.kr/image/site_image/bm/dataninfo/playercard/2177f.jpg,2007,LG,이종열,Hitter,8,7
SEASON_9d94a3d6f54eae7217fc,6,Article2010,Holdout,https://img.inven.co.kr/image/site_image/bm/dataninfo/playercard/2463f.jpg,2003,SK,정경배,Hitter,7,6
SEASON_83aea27126cd82f0c73c,7,Article2010,Train,https://img.inven.co.kr/image/site_image/bm/dataninfo/playercard/624f.jpg,2002,KIA,김종국,Hitter,8,8
SEASON_23d448f28d908357c6fe,7,Article2010,Train,https://img.inven.co.kr/image/site_image/bm/dataninfo/playercard/1153f.jpg,2000,현대,박종호,Hitter,8,8
SEASON_d40d2742c0a3590fc3b2,7,Article2010,Validation,https://img.inven.co.kr/image/site_image/bm/dataninfo/playercard/1552f.jpg,2001,두산,안경현,Hitter,8,8
SEASON_9923e157febb6eccf057,7,Article2010,Validation,https://img.inven.co.kr/image/site_image/bm/dataninfo/playercard/1554f.jpg,2003,두산,안경현,Hitter,8,8
SEASON_7f3608da9908829af6fc,7,Article2010,Holdout,https://img.inven.co.kr/image/site_image/bm/dataninfo/playercard/2465f.jpg,2005,SK,정경배,Hitter,8,8
SEASON_6a5780dae3b1c0de8750,8,Article2010,Train,https://img.inven.co.kr/image/site_image/bm/dataninfo/playercard/135f.jpg,2008,두산,고영민,Hitter,8,7
SEASON_12999d783156f067275a,8,Article2010,Train,https://img.inven.co.kr/image/site_image/bm/dataninfo/playercard/3514f.jpg,2009,삼성,신명철,Hitter,8,8
SEASON_3b234c63e71564e83a38,8,Article2010,Validation,https://img.inven.co.kr/image/site_image/bm/dataninfo/playercard/2472f.jpg,2008,SK,정근우,Hitter,8,8
SEASON_61ab9749258b945dc73d,9,Article2010,Train,https://img.inven.co.kr/image/site_image/bm/dataninfo/playercard/134f.jpg,2007,두산,고영민,Hitter,8,8
SEASON_a8ae9cd751b50f40a151,9,Article2010,Validation,https://img.inven.co.kr/image/site_image/bm/dataninfo/playercard/2470f.jpg,2006,SK,정근우,Hitter,8,8
SEASON_ff09fa00bb8eb87ce384,10,Article2010,Validation,https://img.inven.co.kr/image/site_image/bm/dataninfo/playercard/3704f.jpg,2009,SK,정근우,Hitter,8,8
SEASON_0d32685f234e53a95c0c,10,Article2010,Train,https://img.inven.co.kr/image/site_image/bm/dataninfo/playercard/2656f.jpg,2008,롯데,조성환,Hitter,9,9
SEASON_baf8dd34fa7a61a0f316,5,Article2010,Train,https://img.inven.co.kr/image/site_image/bm/dataninfo/playercard/71f.jpg,2001,한화,강석천,Hitter,6,5
SEASON_5e1fff33afcfeaaa2d78,5,Article2010,Train,https://img.inven.co.kr/image/site_image/bm/dataninfo/playercard/745f.jpg,2000,삼성,김한수,Hitter,7,6
SEASON_ee4bb4c6e3d7fc15c0c0,5,Article2010,Holdout,https://img.inven.co.kr/image/site_image/bm/dataninfo/playercard/3442f.jpg,2009,삼성,박석민,Hitter,8,7
SEASON_a9f5c827a026853d7572,5,Article2010,Validation,https://img.inven.co.kr/image/site_image/bm/dataninfo/playercard/2216f.jpg,2003,KIA,이현곤,Hitter,6,6
SEASON_70b23d63918da7b864b0,5,Article2010,Validation,https://img.inven.co.kr/image/site_image/bm/dataninfo/playercard/3016f.jpg,2001,현대,퀸란,Hitter,8,7
SEASON_f13baf32d4fe9064f393,6,Article2010,Train,https://img.inven.co.kr/image/site_image/bm/dataninfo/playercard/70f.jpg,2000,한화,강석천,Hitter,8,6
SEASON_55f53e589f5b45dc7837,6,Article2010,Train,https://img.inven.co.kr/image/site_image/bm/dataninfo/playercard/746f.jpg,2001,삼성,김한수,Hitter,8,8
SEASON_4de58a6cb2b515a2ecf7,6,Article2010,Train,https://img.inven.co.kr/image/site_image/bm/dataninfo/playercard/1880f.jpg,2004,롯데,이대호,Hitter,8,7
SEASON_88d22c3620ab50ac64e0,6,Article2010,Validation,https://img.inven.co.kr/image/site_image/bm/dataninfo/playercard/1950f.jpg,2006,한화,이범호,Hitter,8,8
SEASON_3b07383a56aecd2c4141,6,Article2010,Validation,https://img.inven.co.kr/image/site_image/bm/dataninfo/playercard/3612f.jpg,2009,한화,이범호,Hitter,8,7
SEASON_de9138c38595f1726fd3,6,Article2010,Train,https://img.inven.co.kr/image/site_image/bm/dataninfo/playercard/3640f.jpg,2009,두산,이원석,Hitter,7,6
SEASON_059014e01a48a8e3a053,6,Article2010,Train,https://img.inven.co.kr/image/site_image/bm/dataninfo/playercard/3785f.jpg,2009,SK,최정,Hitter,7,6
SEASON_3edf911de2b6f5309569,7,Article2010,Train,https://img.inven.co.kr/image/site_image/bm/dataninfo/playercard/748f.jpg,2003,삼성,김한수,Hitter,8,8
SEASON_13b153d65ea3f65b2cc5,7,Article2010,Train,https://img.inven.co.kr/image/site_image/bm/dataninfo/playercard/749f.jpg,2004,삼성,김한수,Hitter,8,8
SEASON_6392db1f22fd54bcb4e6,7,Article2010,Train,https://img.inven.co.kr/image/site_image/bm/dataninfo/playercard/3600f.jpg,2009,롯데,이대호,Hitter,8,8
SEASON_cd6cdbd038039b24f43c,7,Article2010,Validation,https://img.inven.co.kr/image/site_image/bm/dataninfo/playercard/2516f.jpg,2002,KIA,정성훈,Hitter,8,7
SEASON_2b5ec9b57c8580db9738,7,Article2010,Validation,https://img.inven.co.kr/image/site_image/bm/dataninfo/playercard/2519f.jpg,2005,현대,정성훈,Hitter,8,8
SEASON_3bf667170cd779c6a5bc,7,Article2010,Validation,https://img.inven.co.kr/image/site_image/bm/dataninfo/playercard/2521f.jpg,2007,현대,정성훈,Hitter,8,8
SEASON_fc4d6ad6f6ba498a08ea,7,Article2010,Train,https://img.inven.co.kr/image/site_image/bm/dataninfo/playercard/2952f.jpg,2007,SK,최정,Hitter,8,7
SEASON_33bcf6f4ee506687a63e,8,Article2010,Train,https://img.inven.co.kr/image/site_image/bm/dataninfo/playercard/747f.jpg,2002,삼성,김한수,Hitter,8,8
SEASON_791beb4a56646c21c939,8,Article2010,Validation,https://img.inven.co.kr/image/site_image/bm/dataninfo/playercard/1949f.jpg,2005,한화,이범호,Hitter,8,8
SEASON_0328b3872202c6e0130b,8,Article2010,Validation,https://img.inven.co.kr/image/site_image/bm/dataninfo/playercard/1951f.jpg,2007,한화,이범호,Hitter,8,8
SEASON_c01eaaa605d300e1f4e9,8,Article2010,Validation,https://img.inven.co.kr/image/site_image/bm/dataninfo/playercard/1952f.jpg,2008,한화,이범호,Hitter,8,8
SEASON_2b3103a158b51a5871af,8,Article2010,Validation,https://img.inven.co.kr/image/site_image/bm/dataninfo/playercard/2520f.jpg,2006,현대,정성훈,Hitter,8,8
SEASON_bc35ce0f227aa9301d96,8,Article2010,Validation,https://img.inven.co.kr/image/site_image/bm/dataninfo/playercard/3711f.jpg,2009,LG,정성훈,Hitter,8,7
SEASON_1f42fc487aaa347b2abd,8,Article2010,Validation,https://img.inven.co.kr/image/site_image/bm/dataninfo/playercard/3015f.jpg,2000,현대,퀸란,Hitter,8,8
SEASON_ff21d3a8f4781c3b2a1b,8,Article2010,Train,https://img.inven.co.kr/image/site_image/bm/dataninfo/playercard/3042f.jpg,2002,SK,페르난데스,Hitter,10,9
SEASON_5481b24a2af229b18da0,8,Article2010,Train,https://img.inven.co.kr/image/site_image/bm/dataninfo/playercard/3826f.jpg,2009,히어로즈,황재균,Hitter,8,8
SEASON_0028f7afe505798402c1,9,Article2010,Train,https://img.inven.co.kr/image/site_image/bm/dataninfo/playercard/333f.jpg,2008,두산,김동주,Hitter,8,8
SEASON_e53f2d28e5964ee4dfba,9,Article2010,Train,https://img.inven.co.kr/image/site_image/bm/dataninfo/playercard/3322f.jpg,2009,두산,김동주,Hitter,8,8
SEASON_2cc5688fc57b98c05093,9,Article2010,Train,https://img.inven.co.kr/image/site_image/bm/dataninfo/playercard/2953f.jpg,2008,SK,최정,Hitter,8,8
SEASON_d0143122cd8ed95dabe7,4,Article2010,Train,https://img.inven.co.kr/image/site_image/bm/dataninfo/playercard/198f.jpg,2004,LG,권용관,Hitter,5,5
SEASON_8e2a8a03b4b552fa90ca,4,Article2010,Train,https://img.inven.co.kr/image/site_image/bm/dataninfo/playercard/202f.jpg,2008,LG,권용관,Hitter,4,4
SEASON_e05136b1b8daa552df29,4,Article2010,Validation,https://img.inven.co.kr/image/site_image/bm/dataninfo/playercard/1009f.jpg,2006,롯데,박기혁,Hitter,6,5
SEASON_dedc4a2b2873fea152bd,4,Article2010,Validation,https://img.inven.co.kr/image/site_image/bm/dataninfo/playercard/1010f.jpg,2007,롯데,박기혁,Hitter,5,4
SEASON_ba6fa4ce6ac6be892365,4,Article2010,Validation,https://img.inven.co.kr/image/site_image/bm/dataninfo/playercard/3429f.jpg,2009,롯데,박기혁,Hitter,4,4
SEASON_6c5cafe6318130a8ff6f,4,Article2010,Train,https://img.inven.co.kr/image/site_image/bm/dataninfo/playercard/1347f.jpg,2003,두산,손시헌,Hitter,3,3
SEASON_9836171815d592841e89,4,Article2010,Train,https://img.inven.co.kr/image/site_image/bm/dataninfo/playercard/1348f.jpg,2004,두산,손시헌,Hitter,6,5
SEASON_46a34b9ce8795c0fd65c,4,Article2010,Holdout,https://img.inven.co.kr/image/site_image/bm/dataninfo/playercard/2762f.jpg,2007,현대,지석훈,Hitter,4,3
SEASON_2add0343c61ad223c0a3,4,Article2010,Train,https://img.inven.co.kr/image/site_image/bm/dataninfo/playercard/2812f.jpg,2006,현대,차화준,Hitter,4,4
SEASON_0c7c8cabee698c61e73a,4,Article2010,Train,https://img.inven.co.kr/image/site_image/bm/dataninfo/playercard/3103f.jpg,2000,한화,허준,Hitter,5,4
SEASON_77dcf27e2577a217b96e,5,Article2010,Train,https://img.inven.co.kr/image/site_image/bm/dataninfo/playercard/196f.jpg,2002,LG,권용관,Hitter,5,4
SEASON_7bb218f75d1c7202eaae,5,Article2010,Holdout,https://img.inven.co.kr/image/site_image/bm/dataninfo/playercard/3328f.jpg,2009,롯데,김민성,Hitter,5,5
SEASON_fec9499a1e8e003ee5ea,5,Article2010,Train,https://img.inven.co.kr/image/site_image/bm/dataninfo/playercard/365f.jpg,2000,롯데,김민재,Hitter,6,5
SEASON_494fd0ff68a29aa39f79,5,Article2010,Train,https://img.inven.co.kr/image/site_image/bm/dataninfo/playercard/366f.jpg,2001,롯데,김민재,Hitter,6,6
SEASON_5f8141d8085e9cc41f5a,5,Article2010,Train,https://img.inven.co.kr/image/site_image/bm/dataninfo/playercard/368f.jpg,2003,SK,김민재,Hitter,6,5
SEASON_3e84c6d1a7636978f013,5,Article2010,Train,https://img.inven.co.kr/image/site_image/bm/dataninfo/playercard/369f.jpg,2004,SK,김민재,Hitter,7,6
SEASON_c33457385859ccc818e8,5,Article2010,Train,https://img.inven.co.kr/image/site_image/bm/dataninfo/playercard/380f.jpg,2000,두산,김민호,Hitter,5,5
SEASON_3c9e335788ca542e195e,5,Article2010,Train,https://img.inven.co.kr/image/site_image/bm/dataninfo/playercard/381f.jpg,2001,두산,김민호,Hitter,5,5
SEASON_bac4d83c3a9ac2a0d734,5,Article2010,Train,https://img.inven.co.kr/image/site_image/bm/dataninfo/playercard/3336f.jpg,2009,삼성,김상수,Hitter,4,4
SEASON_70fca78c84b9b44ff3fe,5,Article2010,Holdout,https://img.inven.co.kr/image/site_image/bm/dataninfo/playercard/424f.jpg,2008,KIA,김선빈,Hitter,5,5
SEASON_253af58020d87d532d22,5,Article2010,Holdout,https://img.inven.co.kr/image/site_image/bm/dataninfo/playercard/708f.jpg,2000,삼성,김태균,Hitter,6,5
SEASON_93974601cd6ae0c54070,5,Article2010,Train,https://img.inven.co.kr/image/site_image/bm/dataninfo/playercard/802f.jpg,2007,SK,나주환,Hitter,6,5
SEASON_93348cce8aa2033873ed,5,Article2010,Train,https://img.inven.co.kr/image/site_image/bm/dataninfo/playercard/1175f.jpg,2000,현대,박진만,Hitter,8,7
SEASON_1786abfd467232670b48,5,Article2010,Train,https://img.inven.co.kr/image/site_image/bm/dataninfo/playercard/1177f.jpg,2002,현대,박진만,Hitter,7,6
SEASON_2bbddc54c480d19fd6ca,5,Article2010,Train,https://img.inven.co.kr/image/site_image/bm/dataninfo/playercard/3464f.jpg,2009,삼성,박진만,Hitter,5,4
SEASON_55814ae5d9a8c7387a68,5,Article2010,Train,https://img.inven.co.kr/image/site_image/bm/dataninfo/playercard/1349f.jpg,2005,두산,손시헌,Hitter,8,7
SEASON_e181f77de1718c82960a,5,Article2010,Train,https://img.inven.co.kr/image/site_image/bm/dataninfo/playercard/1350f.jpg,2006,두산,손시헌,Hitter,7,6
SEASON_c797144c95d7eb6e1fed,5,Article2010,Validation,https://img.inven.co.kr/image/site_image/bm/dataninfo/playercard/1860f.jpg,2006,SK,이대수,Hitter,7,6
SEASON_9eced89b7097fecea952,5,Article2010,Validation,https://img.inven.co.kr/image/site_image/bm/dataninfo/playercard/1862f.jpg,2007,두산,이대수,Hitter,6,5
SEASON_a916675a04d511555b89,5,Article2010,Train,https://img.inven.co.kr/image/site_image/bm/dataninfo/playercard/2095f.jpg,2007,롯데,이원석,Hitter,6,5
SEASON_b6d28c52fd00e771971b,5,Article2010,Train,https://img.inven.co.kr/image/site_image/bm/dataninfo/playercard/2634f.jpg,2004,삼성,조동찬,Hitter,6,5
SEASON_129b3fd506b7d58175cd,6,Article2010,Validation,https://img.inven.co.kr/image/site_image/bm/dataninfo/playercard/100f.jpg,2008,우리,강정호,Hitter,7,6
SEASON_6447575b74434cd6df2f,6,Article2010,Train,https://img.inven.co.kr/image/site_image/bm/dataninfo/playercard/201f.jpg,2007,LG,권용관,Hitter,6,5
SEASON_f1f21f48996b7d73e386,6,Article2010,Train,https://img.inven.co.kr/image/site_image/bm/dataninfo/playercard/3299f.jpg,2009,LG,권용관,Hitter,6,5
SEASON_2930b44552573f63b48c,6,Article2010,Train,https://img.inven.co.kr/image/site_image/bm/dataninfo/playercard/367f.jpg,2002,SK,김민재,Hitter,8,7
SEASON_2fa6231ada7ab5194412,6,Article2010,Train,https://img.inven.co.kr/image/site_image/bm/dataninfo/playercard/370f.jpg,2005,SK,김민재,Hitter,8,7
SEASON_cfec41026da307679df8,6,Article2010,Train,https://img.inven.co.kr/image/site_image/bm/dataninfo/playercard/371f.jpg,2006,한화,김민재,Hitter,6,5
SEASON_11e07a14b451ce478bd2,6,Article2010,Train,https://img.inven.co.kr/image/site_image/bm/dataninfo/playercard/372f.jpg,2007,한화,김민재,Hitter,7,6
SEASON_e7890bec6bfcfa183323,6,Article2010,Train,https://img.inven.co.kr/image/site_image/bm/dataninfo/playercard/601f.jpg,2008,두산,김재호,Hitter,5,4
SEASON_b3978a1b31a5250f7629,6,Article2010,Train,https://img.inven.co.kr/image/site_image/bm/dataninfo/playercard/629f.jpg,2007,KIA,김종국,Hitter,6,6
SEASON_dbe8f0be091f130fa8ac,6,Article2010,Validation,https://img.inven.co.kr/image/site_image/bm/dataninfo/playercard/1007f.jpg,2004,롯데,박기혁,Hitter,5,5
SEASON_fabb165cf354fcdb716b,6,Article2010,Train,https://img.inven.co.kr/image/site_image/bm/dataninfo/playercard/1183f.jpg,2008,삼성,박진만,Hitter,7,6
SEASON_9002db78cda864d960ad,6,Article2010,Train,https://img.inven.co.kr/image/site_image/bm/dataninfo/playercard/1275f.jpg,2003,삼성,브리또,Hitter,8,7
SEASON_9d600a6b90df0148f0c4,6,Article2010,Validation,https://img.inven.co.kr/image/site_image/bm/dataninfo/playercard/3505f.jpg,2009,한화,송광민,Hitter,7,6
SEASON_d6d1ab822808bdc491e4,6,Article2010,Validation,https://img.inven.co.kr/image/site_image/bm/dataninfo/playercard/3661f.jpg,2009,KIA,이현곤,Hitter,6,5
SEASON_b1450721043e9c4c1c48,6,Article2010,Train,https://img.inven.co.kr/image/site_image/bm/dataninfo/playercard/3137f.jpg,2001,KIA,홍세완,Hitter,8,7
SEASON_b3f227fc1b1c42c3662f,6,Article2010,Train,https://img.inven.co.kr/image/site_image/bm/dataninfo/playercard/3138f.jpg,2002,KIA,홍세완,Hitter,7,6
SEASON_85e303c130b3ddab19c8,7,Article2010,Train,https://img.inven.co.kr/image/site_image/bm/dataninfo/playercard/373f.jpg,2008,한화,김민재,Hitter,6,6
SEASON_1fd8abc337305f3d4d52,7,Article2010,Train,https://img.inven.co.kr/image/site_image/bm/dataninfo/playercard/803f.jpg,2008,SK,나주환,Hitter,6,5
SEASON_9287525ccccff1d69fb5,7,Article2010,Validation,https://img.inven.co.kr/image/site_image/bm/dataninfo/playercard/1011f.jpg,2008,롯데,박기혁,Hitter,7,6
SEASON_1016eb9df9d922e350f5,7,Article2010,Train,https://img.inven.co.kr/image/site_image/bm/dataninfo/playercard/1176f.jpg,2001,현대,박진만,Hitter,8,8
SEASON_a21ccec0169b0eb8b163,7,Article2010,Train,https://img.inven.co.kr/image/site_image/bm/dataninfo/playercard/1178f.jpg,2003,현대,박진만,Hitter,8,8
SEASON_d485de9c2d56f5707d1c,7,Article2010,Train,https://img.inven.co.kr/image/site_image/bm/dataninfo/playercard/1274f.jpg,2002,삼성,브리또,Hitter,8,8
SEASON_1a0c08176a6647434f4f,8,Article2010,Validation,https://img.inven.co.kr/image/site_image/bm/dataninfo/playercard/3273f.jpg,2009,히어로즈,강정호,Hitter,8,8
SEASON_60bc34a4b12e986e9c93,8,Article2010,Train,https://img.inven.co.kr/image/site_image/bm/dataninfo/playercard/3398f.jpg,2009,SK,나주환,Hitter,8,7
SEASON_33dcbe4f780004b5fcca,8,Article2010,Train,https://img.inven.co.kr/image/site_image/bm/dataninfo/playercard/1179f.jpg,2004,현대,박진만,Hitter,8,8
SEASON_f09d587bc351f9202416,8,Article2010,Train,https://img.inven.co.kr/image/site_image/bm/dataninfo/playercard/1181f.jpg,2006,삼성,박진만,Hitter,8,8
SEASON_3386694b0b25798c39d6,8,Article2010,Train,https://img.inven.co.kr/image/site_image/bm/dataninfo/playercard/1182f.jpg,2007,삼성,박진만,Hitter,8,7
SEASON_da802f1b0643498d96e3,8,Article2010,Train,https://img.inven.co.kr/image/site_image/bm/dataninfo/playercard/1272f.jpg,2000,SK,브리또,Hitter,8,8
SEASON_689569504fc4f1a3a24a,8,Article2010,Train,https://img.inven.co.kr/image/site_image/bm/dataninfo/playercard/1273f.jpg,2001,SK,브리또,Hitter,8,8
SEASON_5ce9dcdb94fcfdd7f83b,8,Article2010,Train,https://img.inven.co.kr/image/site_image/bm/dataninfo/playercard/3498f.jpg,2009,두산,손시헌,Hitter,8,7
SEASON_9ec3060d308d8283a6cc,8,Article2010,Train,https://img.inven.co.kr/image/site_image/bm/dataninfo/playercard/3139f.jpg,2003,KIA,홍세완,Hitter,8,8
SEASON_1da708c93e2084d24b53,4,Article2010,Train,https://img.inven.co.kr/image/site_image/bm/dataninfo/playercard/1359f.jpg,2005,롯데,손인호,Hitter,6,5
SEASON_e07b6e406991320bd91f,4,Article2010,Holdout,https://img.inven.co.kr/image/site_image/bm/dataninfo/playercard/1814f.jpg,2000,SK,윤재국,Hitter,6,5
SEASON_75108e2a0cd093291015,4,Article2010,Train,https://img.inven.co.kr/image/site_image/bm/dataninfo/playercard/2422f.jpg,2003,두산,전상렬,Hitter,6,5
SEASON_430c7b60b34528c227a0,4,Article2010,Train,https://img.inven.co.kr/image/site_image/bm/dataninfo/playercard/2689f.jpg,2004,SK,조원우,Hitter,7,6
SEASON_1cfcd54b56e453fbf04b,5,Article2010,Holdout,https://img.inven.co.kr/image/site_image/bm/dataninfo/playercard/26f.jpg,2001,삼성,강동우,Hitter,6,5
SEASON_58160d0ffadd7890a7d1,5,Article2010,Holdout,https://img.inven.co.kr/image/site_image/bm/dataninfo/playercard/29f.jpg,2004,삼성,강동우,Hitter,8,7
SEASON_d721aed1125d8ba615b1,5,Article2010,Holdout,https://img.inven.co.kr/image/site_image/bm/dataninfo/playercard/30f.jpg,2005,삼성,강동우,Hitter,6,6
SEASON_0b359e583f3e3944089e,5,Article2010,Holdout,https://img.inven.co.kr/image/site_image/bm/dataninfo/playercard/31f.jpg,2006,두산,강동우,Hitter,7,6
SEASON_84d8c325a015ea06690f,5,Article2010,Validation,https://img.inven.co.kr/image/site_image/bm/dataninfo/playercard/128f.jpg,2007,한화,고동진,Hitter,7,6
SEASON_59dfa3dfd0a961ec62bd,5,Article2010,Validation,https://img.inven.co.kr/image/site_image/bm/dataninfo/playercard/232f.jpg,2007,SK,김강민,Hitter,6,5
SEASON_97333c93ac90941a8708,5,Article2010,Train,https://img.inven.co.kr/image/site_image/bm/dataninfo/playercard/242f.jpg,2003,KIA,김경언,Hitter,6,5
SEASON_2e7b10a632e64dc2cb36,5,Article2010,Train,https://img.inven.co.kr/image/site_image/bm/dataninfo/playercard/293f.jpg,2001,롯데,김대익,Hitter,7,6
SEASON_1ae8e0143a2da62bf598,5,Article2010,Train,https://img.inven.co.kr/image/site_image/bm/dataninfo/playercard/454f.jpg,2001,한화,김수연,Hitter,7,6
SEASON_e9e0ea53a9001391e5f4,5,Article2010,Train,https://img.inven.co.kr/image/site_image/bm/dataninfo/playercard/456f.jpg,2003,한화,김수연,Hitter,6,5
SEASON_1cfa5662540fa58694b8,5,Article2010,Train,https://img.inven.co.kr/image/site_image/bm/dataninfo/playercard/523f.jpg,2007,KIA,김원섭,Hitter,6,5
SEASON_a7da29f7f5be5298d8ab,5,Article2010,Holdout,https://img.inven.co.kr/image/site_image/bm/dataninfo/playercard/638f.jpg,2000,삼성,김종훈,Hitter,7,6
SEASON_6a6aed86792cc5508dfd,5,Article2010,Holdout,https://img.inven.co.kr/image/site_image/bm/dataninfo/playercard/642f.jpg,2004,삼성,김종훈,Hitter,6,6
SEASON_941317703d910091bb69,5,Article2010,Validation,https://img.inven.co.kr/image/site_image/bm/dataninfo/playercard/698f.jpg,2002,KIA,김창희,Hitter,5,4
SEASON_fdae1608d8e149571bea,5,Article2010,Validation,https://img.inven.co.kr/image/site_image/bm/dataninfo/playercard/699f.jpg,2003,두산,김창희,Hitter,6,5
SEASON_e473ad8598efbd66da33,5,Article2010,Validation,https://img.inven.co.kr/image/site_image/bm/dataninfo/playercard/700f.jpg,2004,두산,김창희,Hitter,6,5
SEASON_b14c39ea0f598ef76aa6,5,Article2010,Train,https://img.inven.co.kr/image/site_image/bm/dataninfo/playercard/1358f.jpg,2004,롯데,손인호,Hitter,8,7
SEASON_34470d5ec15c7f56cefe,5,Article2010,Train,https://img.inven.co.kr/image/site_image/bm/dataninfo/playercard/3543f.jpg,2009,한화,연경흠,Hitter,6,5
SEASON_57e2c1cb45bc3b0f3c2e,5,Article2010,Train,https://img.inven.co.kr/image/site_image/bm/dataninfo/playercard/2078f.jpg,2007,KIA,이용규,Hitter,8,6
SEASON_83a70178359f334b2f4c,5,Article2010,Train,https://img.inven.co.kr/image/site_image/bm/dataninfo/playercard/2187f.jpg,2001,SK,이진영,Hitter,6,6
SEASON_bf9b6ec32b4c097bdf40,5,Article2010,Train,https://img.inven.co.kr/image/site_image/bm/dataninfo/playercard/2349f.jpg,2001,두산,장원진,Hitter,8,7
SEASON_87ae5eec1ec175595c11,5,Article2010,Train,https://img.inven.co.kr/image/site_image/bm/dataninfo/playercard/2421f.jpg,2002,두산,전상렬,Hitter,5,5
SEASON_1ef6ea71dd6bea776876,5,Article2010,Train,https://img.inven.co.kr/image/site_image/bm/dataninfo/playercard/2423f.jpg,2004,두산,전상렬,Hitter,7,6
SEASON_a8119619bd25ffa70865,5,Article2010,Train,https://img.inven.co.kr/image/site_image/bm/dataninfo/playercard/2447f.jpg,2002,현대,전준호,Hitter,8,7
SEASON_23e0729fbf74e79f657f,5,Article2010,Train,https://img.inven.co.kr/image/site_image/bm/dataninfo/playercard/2530f.jpg,2002,두산,정수근,Hitter,6,5
SEASON_7ae9bd181219cbc3fe5d,5,Article2010,Train,https://img.inven.co.kr/image/site_image/bm/dataninfo/playercard/2533f.jpg,2005,롯데,정수근,Hitter,6,6
SEASON_14b13937e9986d465b37,5,Article2010,Train,https://img.inven.co.kr/image/site_image/bm/dataninfo/playercard/2542f.jpg,2005,현대,정수성,Hitter,6,6
SEASON_4b2972a2f4d5fe52bf6f,5,Article2010,Train,https://img.inven.co.kr/image/site_image/bm/dataninfo/playercard/2692f.jpg,2007,한화,조원우,Hitter,6,6
SEASON_a52ff8044d55ce1331d3,5,Article2010,Train,https://img.inven.co.kr/image/site_image/bm/dataninfo/playercard/2835f.jpg,2000,SK,채종범,Hitter,7,6
SEASON_95adcd6a5a6e071d9650,6,Article2010,Holdout,https://img.inven.co.kr/image/site_image/bm/dataninfo/playercard/27f.jpg,2002,삼성,강동우,Hitter,8,7
SEASON_8b57040a0a849542a33f,6,Article2010,Holdout,https://img.inven.co.kr/image/site_image/bm/dataninfo/playercard/28f.jpg,2003,삼성,강동우,Hitter,8,6
SEASON_476765fcfcdab77845e0,6,Article2010,Validation,https://img.inven.co.kr/image/site_image/bm/dataninfo/playercard/127f.jpg,2006,한화,고동진,Hitter,6,6
SEASON_d7f755d9f4e0a8d73cf5,6,Article2010,Validation,https://img.inven.co.kr/image/site_image/bm/dataninfo/playercard/3304f.jpg,2009,SK,김강민,Hitter,6,6
SEASON_3abbb93f2ed23d1b3bb5,6,Article2010,Train,https://img.inven.co.kr/image/site_image/bm/dataninfo/playercard/292f.jpg,2000,롯데,김대익,Hitter,8,7
SEASON_44e37c7082f49b6e791d,6,Article2010,Train,https://img.inven.co.kr/image/site_image/bm/dataninfo/playercard/524f.jpg,2008,KIA,김원섭,Hitter,8,7
SEASON_e64fdd36bdbc50d727a9,6,Article2010,Train,https://img.inven.co.kr/image/site_image/bm/dataninfo/playercard/585f.jpg,2000,LG,김재현,Hitter,8,8
SEASON_dfb5d58276069aa6bcc6,6,Article2010,Validation,https://img.inven.co.kr/image/site_image/bm/dataninfo/playercard/702f.jpg,2006,삼성,김창희,Hitter,6,5
SEASON_e5bb96f35daf19c301d9,6,Article2010,Validation,https://img.inven.co.kr/image/site_image/bm/dataninfo/playercard/969f.jpg,2007,두산,민병헌,Hitter,6,6
SEASON_f09e7b51ecdccc3f442f,6,Article2010,Train,https://img.inven.co.kr/image/site_image/bm/dataninfo/playercard/1197f.jpg,2002,삼성,박한이,Hitter,8,7
SEASON_f09f587b16c238323749,6,Article2010,Train,https://img.inven.co.kr/image/site_image/bm/dataninfo/playercard/1202f.jpg,2007,삼성,박한이,Hitter,7,6
SEASON_15e28ce870c72909081d,6,Article2010,Train,https://img.inven.co.kr/image/site_image/bm/dataninfo/playercard/1460f.jpg,2001,KIA,신동주,Hitter,7,6
SEASON_600615b6740cdd555d64,6,Article2010,Train,https://img.inven.co.kr/image/site_image/bm/dataninfo/playercard/1616f.jpg,2002,삼성,양준혁,Hitter,8,7
SEASON_9575c6279ddebca3c5cd,6,Article2010,Train,https://img.inven.co.kr/image/site_image/bm/dataninfo/playercard/1875f.jpg,2007,LG,이대형,Hitter,8,7
SEASON_7cde5010ca091df93624,6,Article2010,Train,https://img.inven.co.kr/image/site_image/bm/dataninfo/playercard/1876f.jpg,2008,LG,이대형,Hitter,7,6
SEASON_fd514575f3ee7cc59328,6,Article2010,Train,https://img.inven.co.kr/image/site_image/bm/dataninfo/playercard/3599f.jpg,2009,LG,이대형,Hitter,8,6
SEASON_6be36437aef0777c544b,6,Article2010,Train,https://img.inven.co.kr/image/site_image/bm/dataninfo/playercard/1955f.jpg,2002,LG,이병규,Hitter,8,7
SEASON_0679ea0f596c803eb8ba,6,Article2010,Train,https://img.inven.co.kr/image/site_image/bm/dataninfo/playercard/2076f.jpg,2005,KIA,이용규,Hitter,8,7
SEASON_dbe1332924535e4e74ba,6,Article2010,Train,https://img.inven.co.kr/image/site_image/bm/dataninfo/playercard/2179f.jpg,2006,두산,이종욱,Hitter,8,7
SEASON_efc26bd945e09bb54c0b,6,Article2010,Train,https://img.inven.co.kr/image/site_image/bm/dataninfo/playercard/2192f.jpg,2006,SK,이진영,Hitter,8,7
SEASON_591e18f8ea93c25b429f,6,Article2010,Train,https://img.inven.co.kr/image/site_image/bm/dataninfo/playercard/2282f.jpg,2005,두산,임재철,Hitter,7,6
SEASON_bf8e4834b7af38f4f4d5,6,Article2010,Train,https://img.inven.co.kr/image/site_image/bm/dataninfo/playercard/2446f.jpg,2001,현대,전준호,Hitter,8,7
SEASON_78b4880568c00dfa9ccd,6,Article2010,Train,https://img.inven.co.kr/image/site_image/bm/dataninfo/playercard/2449f.jpg,2004,현대,전준호,Hitter,8,7
SEASON_b13c93d6ac3dd2f7c2f2,6,Article2010,Train,https://img.inven.co.kr/image/site_image/bm/dataninfo/playercard/2528f.jpg,2000,두산,정수근,Hitter,7,6
SEASON_39f2c90615cfec491ab1,6,Article2010,Train,https://img.inven.co.kr/image/site_image/bm/dataninfo/playercard/2529f.jpg,2001,두산,정수근,Hitter,8,7
SEASON_d1801d62f56f79ea4093,6,Article2010,Train,https://img.inven.co.kr/image/site_image/bm/dataninfo/playercard/2535f.jpg,2007,롯데,정수근,Hitter,7,6
SEASON_5303b2b25978ed1dec5a,6,Article2010,Train,https://img.inven.co.kr/image/site_image/bm/dataninfo/playercard/2688f.jpg,2003,SK,조원우,Hitter,8,7
SEASON_6db0e7d7b58554863ee9,6,Article2010,Train,https://img.inven.co.kr/image/site_image/bm/dataninfo/playercard/2851f.jpg,2002,두산,최경환,Hitter,7,7
SEASON_f2f1f39102c4de8d7ba4,7,Article2010,Validation,https://img.inven.co.kr/image/site_image/bm/dataninfo/playercard/3262f.jpg,2009,롯데,가르시아,Hitter,8,8
SEASON_4b1e8afc51086c9d3177,7,Article2010,Train,https://img.inven.co.kr/image/site_image/bm/dataninfo/playercard/586f.jpg,2001,LG,김재현,Hitter,8,8
SEASON_f42231db3adef190e6dc,7,Article2010,Train,https://img.inven.co.kr/image/site_image/bm/dataninfo/playercard/1084f.jpg,2003,LG,박용택,Hitter,8,7
SEASON_94f93daeb5a56c1c36d8,7,Article2010,Holdout,https://img.inven.co.kr/image/site_image/bm/dataninfo/playercard/1098f.jpg,2007,SK,박재상,Hitter,7,6
SEASON_fcf3c61ff87775fe5145,7,Article2010,Train,https://img.inven.co.kr/image/site_image/bm/dataninfo/playercard/1196f.jpg,2001,삼성,박한이,Hitter,8,7
SEASON_acb31d2507c5cedf78fb,7,Article2010,Train,https://img.inven.co.kr/image/site_image/bm/dataninfo/playercard/1201f.jpg,2006,삼성,박한이,Hitter,8,8
SEASON_620a8a5bca4d56edc9e9,7,Article2010,Train,https://img.inven.co.kr/image/site_image/bm/dataninfo/playercard/3467f.jpg,2009,삼성,박한이,Hitter,7,6
SEASON_6b13d17de27f6aa72a0f,7,Article2010,Validation,https://img.inven.co.kr/image/site_image/bm/dataninfo/playercard/1417f.jpg,2004,현대,송지만,Hitter,8,8
SEASON_c31dd49d6148672eddf7,7,Article2010,Train,https://img.inven.co.kr/image/site_image/bm/dataninfo/playercard/1532f.jpg,2000,현대,심재학,Hitter,8,7
SEASON_08b509995dd33dc4fd78,7,Article2010,Train,https://img.inven.co.kr/image/site_image/bm/dataninfo/playercard/1536f.jpg,2004,KIA,심재학,Hitter,8,8
SEASON_c4513b90d4528ef4c256,7,Article2010,Train,https://img.inven.co.kr/image/site_image/bm/dataninfo/playercard/1957f.jpg,2004,LG,이병규,Hitter,8,8
SEASON_ac7a495b2b005ad0a1c8,7,Article2010,Validation,https://img.inven.co.kr/image/site_image/bm/dataninfo/playercard/2009f.jpg,2003,현대,이숭용,Hitter,8,8
SEASON_2e862fad8f7e01a0f4b3,7,Article2010,Validation,https://img.inven.co.kr/image/site_image/bm/dataninfo/playercard/2059f.jpg,2000,한화,이영우,Hitter,9,9
SEASON_b3a1ff89156a85164a6e,7,Article2010,Validation,https://img.inven.co.kr/image/site_image/bm/dataninfo/playercard/2061f.jpg,2002,한화,이영우,Hitter,10,9
SEASON_dcd2bf4664128008e4a5,7,Article2010,Validation,https://img.inven.co.kr/image/site_image/bm/dataninfo/playercard/2063f.jpg,2004,한화,이영우,Hitter,8,8
SEASON_6e51ec7bb08311fc0192,7,Article2010,Train,https://img.inven.co.kr/image/site_image/bm/dataninfo/playercard/2077f.jpg,2006,KIA,이용규,Hitter,8,8
SEASON_80645f8d2ca277f231e7,7,Article2010,Train,https://img.inven.co.kr/image/site_image/bm/dataninfo/playercard/2079f.jpg,2008,KIA,이용규,Hitter,8,7
SEASON_62800df662653e6cc1c2,7,Article2010,Train,https://img.inven.co.kr/image/site_image/bm/dataninfo/playercard/2164f.jpg,2004,KIA,이종범,Hitter,8,7
SEASON_99d5dbc6bca52d6c99da,7,Article2010,Train,https://img.inven.co.kr/image/site_image/bm/dataninfo/playercard/3653f.jpg,2009,KIA,이종범,Hitter,7,6
SEASON_2701a3ac83edd52e95f7,7,Article2010,Train,https://img.inven.co.kr/image/site_image/bm/dataninfo/playercard/2180f.jpg,2007,두산,이종욱,Hitter,8,8
SEASON_8abaffe9863a3dbf077b,7,Article2010,Train,https://img.inven.co.kr/image/site_image/bm/dataninfo/playercard/2181f.jpg,2008,두산,이종욱,Hitter,8,7
SEASON_284eaf7897fc2ee094b1,7,Article2010,Train,https://img.inven.co.kr/image/site_image/bm/dataninfo/playercard/2188f.jpg,2002,SK,이진영,Hitter,8,8
SEASON_7f107054aea02a32e166,7,Article2010,Validation,https://img.inven.co.kr/image/site_image/bm/dataninfo/playercard/2208f.jpg,2007,현대,이택근,Hitter,8,8
SEASON_2eb779f61c38d4c441d5,7,Article2010,Train,https://img.inven.co.kr/image/site_image/bm/dataninfo/playercard/3675f.jpg,2009,두산,임재철,Hitter,6,6
SEASON_f4c7df4d71502a0ad828,7,Article2010,Train,https://img.inven.co.kr/image/site_image/bm/dataninfo/playercard/2348f.jpg,2000,두산,장원진,Hitter,8,8
SEASON_458f5ffba2d4b12dbf0d,7,Article2010,Holdout,https://img.inven.co.kr/image/site_image/bm/dataninfo/playercard/3044f.jpg,2005,롯데,펠로우,Hitter,8,8
SEASON_109170ffaf271cdd2d99,8,Article2010,Train,https://img.inven.co.kr/image/site_image/bm/dataninfo/playercard/3390f.jpg,2009,두산,김현수,Hitter,10,9
SEASON_7436379927e20fabac40,8,Article2010,Validation,https://img.inven.co.kr/image/site_image/bm/dataninfo/playercard/839f.jpg,2002,한화,데이비스,Hitter,8,8
SEASON_f66fd662ce67f77e0782,8,Article2010,Validation,https://img.inven.co.kr/image/site_image/bm/dataninfo/playercard/840f.jpg,2004,한화,데이비스,Hitter,8,8
SEASON_3a27c91a520a6cad56d0,8,Article2010,Holdout,https://img.inven.co.kr/image/site_image/bm/dataninfo/playercard/901f.jpg,2002,LG,마르티네스,Hitter,8,7
SEASON_e36020703aff6037a539,8,Article2010,Holdout,https://img.inven.co.kr/image/site_image/bm/dataninfo/playercard/902f.jpg,2003,LG,마르티네스,Hitter,8,8
SEASON_207ebb5154f9f3ab75f3,8,Article2010,Train,https://img.inven.co.kr/image/site_image/bm/dataninfo/playercard/1083f.jpg,2002,LG,박용택,Hitter,8,7
SEASON_88d701045a196d72d219,8,Article2010,Holdout,https://img.inven.co.kr/image/site_image/bm/dataninfo/playercard/3450f.jpg,2009,SK,박재상,Hitter,8,8
SEASON_13a151a73737ca7ce57a,8,Article2010,Train,https://img.inven.co.kr/image/site_image/bm/dataninfo/playercard/1198f.jpg,2003,삼성,박한이,Hitter,8,8
SEASON_a1da8f101fd0975dabb8,8,Article2010,Train,https://img.inven.co.kr/image/site_image/bm/dataninfo/playercard/1199f.jpg,2004,삼성,박한이,Hitter,8,8
SEASON_005b274fe4a1a539d689,8,Article2010,Train,https://img.inven.co.kr/image/site_image/bm/dataninfo/playercard/1200f.jpg,2005,삼성,박한이,Hitter,8,8
SEASON_bca571e1f701f7a7361b,8,Article2010,Validation,https://img.inven.co.kr/image/site_image/bm/dataninfo/playercard/1418f.jpg,2005,현대,송지만,Hitter,8,8
SEASON_60e5a44fc8fe912c3786,8,Article2010,Validation,https://img.inven.co.kr/image/site_image/bm/dataninfo/playercard/1419f.jpg,2006,현대,송지만,Hitter,8,8
SEASON_1505a96d2b09823eef43,8,Article2010,Validation,https://img.inven.co.kr/image/site_image/bm/dataninfo/playercard/1421f.jpg,2008,우리,송지만,Hitter,8,7
SEASON_831f34275c0ed9ce9c36,8,Article2010,Validation,https://img.inven.co.kr/image/site_image/bm/dataninfo/playercard/3510f.jpg,2009,히어로즈,송지만,Hitter,8,7
SEASON_d09ecdd6db363bee5d45,8,Article2010,Train,https://img.inven.co.kr/image/site_image/bm/dataninfo/playercard/1541f.jpg,2000,두산,심정수,Hitter,8,8
SEASON_0778d38bf4219bd596f9,8,Article2010,Train,https://img.inven.co.kr/image/site_image/bm/dataninfo/playercard/1599f.jpg,2008,LG,안치용,Hitter,8,7
SEASON_723e7ce60bd053b126ba,8,Article2010,Train,https://img.inven.co.kr/image/site_image/bm/dataninfo/playercard/1617f.jpg,2003,삼성,양준혁,Hitter,10,9
SEASON_e1ce3073075fcfdd6370,8,Article2010,Train,https://img.inven.co.kr/image/site_image/bm/dataninfo/playercard/1958f.jpg,2005,LG,이병규,Hitter,8,8
SEASON_4a00567fc8ee43aa2237,8,Article2010,Validation,https://img.inven.co.kr/image/site_image/bm/dataninfo/playercard/2062f.jpg,2003,한화,이영우,Hitter,8,8
SEASON_c9622f314cd986a7b39f,8,Article2010,Train,https://img.inven.co.kr/image/site_image/bm/dataninfo/playercard/2162f.jpg,2002,KIA,이종범,Hitter,8,8
SEASON_4a17887aa2eba507746a,8,Article2010,Train,https://img.inven.co.kr/image/site_image/bm/dataninfo/playercard/2165f.jpg,2005,KIA,이종범,Hitter,8,8
SEASON_4e429c1c895df1256ceb,8,Article2010,Train,https://img.inven.co.kr/image/site_image/bm/dataninfo/playercard/3658f.jpg,2009,LG,이진영,Hitter,8,7
SEASON_20e45d91a23de0c9560d,8,Article2010,Validation,https://img.inven.co.kr/image/site_image/bm/dataninfo/playercard/2209f.jpg,2008,우리,이택근,Hitter,8,8
SEASON_d173a73cbc42c16817fb,8,Article2010,Train,https://img.inven.co.kr/image/site_image/bm/dataninfo/playercard/2837f.jpg,2002,SK,채종범,Hitter,8,8
SEASON_78b86f5ddb136efc5a8f,8,Article2010,Train,https://img.inven.co.kr/image/site_image/bm/dataninfo/playercard/2982f.jpg,2008,삼성,최형우,Hitter,8,8
SEASON_348bc4b7c834a37bfb2b,8,Article2010,Validation,https://img.inven.co.kr/image/site_image/bm/dataninfo/playercard/3801f.jpg,2009,히어로즈,클락,Hitter,8,8
SEASON_be9a6ed1c8aca392b76f,9,Article2010,Validation,https://img.inven.co.kr/image/site_image/bm/dataninfo/playercard/15f.jpg,2008,롯데,가르시아,Hitter,9,9
SEASON_64e2cd62469e945c624f,9,Article2010,Holdout,https://img.inven.co.kr/image/site_image/bm/dataninfo/playercard/3269f.jpg,2009,삼성,강봉규,Hitter,8,8
SEASON_b75558e7ae8bc1bbe211,9,Article2010,Train,https://img.inven.co.kr/image/site_image/bm/dataninfo/playercard/3356f.jpg,2009,KIA,김원섭,Hitter,8,7
SEASON_6c97d3d876226ca7a4a9,9,Article2010,Validation,https://img.inven.co.kr/image/site_image/bm/dataninfo/playercard/842f.jpg,2006,한화,데이비스,Hitter,8,9
SEASON_6c8a5bc41a55d88e1361,9,Article2010,Holdout,https://img.inven.co.kr/image/site_image/bm/dataninfo/playercard/900f.jpg,2001,삼성,마르티네스,Hitter,8,8
SEASON_46ca4147b2b3a5709d38,9,Article2010,Train,https://img.inven.co.kr/image/site_image/bm/dataninfo/playercard/1088f.jpg,2007,LG,박용택,Hitter,8,8
SEASON_0e9dfdd809922b78499b,9,Article2010,Validation,https://img.inven.co.kr/image/site_image/bm/dataninfo/playercard/1106f.jpg,2005,SK,박재홍,Hitter,8,8
SEASON_6d64b879fdbb3370e2bb,9,Article2010,Validation,https://img.inven.co.kr/image/site_image/bm/dataninfo/playercard/1108f.jpg,2007,SK,박재홍,Hitter,8,7
SEASON_2d939ec0341a95e2732d,9,Article2010,Validation,https://img.inven.co.kr/image/site_image/bm/dataninfo/playercard/1109f.jpg,2008,SK,박재홍,Hitter,10,9
SEASON_c541d0793092366a06b4,9,Article2010,Validation,https://img.inven.co.kr/image/site_image/bm/dataninfo/playercard/1420f.jpg,2007,현대,송지만,Hitter,8,8
SEASON_35ddf57c3f638157f099,9,Article2010,Train,https://img.inven.co.kr/image/site_image/bm/dataninfo/playercard/1953f.jpg,2000,LG,이병규,Hitter,8,8
SEASON_e3705bdbc44e34395ad0,9,Article2010,Train,https://img.inven.co.kr/image/site_image/bm/dataninfo/playercard/1954f.jpg,2001,LG,이병규,Hitter,8,8
SEASON_75a248a246d5bfc02d3c,9,Article2010,Train,https://img.inven.co.kr/image/site_image/bm/dataninfo/playercard/2163f.jpg,2003,KIA,이종범,Hitter,10,9
SEASON_c6f069a4b6c7f3175911,9,Article2010,Train,https://img.inven.co.kr/image/site_image/bm/dataninfo/playercard/2189f.jpg,2003,SK,이진영,Hitter,8,8
SEASON_ba82f3d676db0585f1d2,9,Article2010,Train,https://img.inven.co.kr/image/site_image/bm/dataninfo/playercard/2191f.jpg,2005,SK,이진영,Hitter,8,8
SEASON_6fdb1d8047cf32ac6821,9,Article2010,Validation,https://img.inven.co.kr/image/site_image/bm/dataninfo/playercard/3659f.jpg,2009,히어로즈,이택근,Hitter,8,8
SEASON_cdd9a9a84269b9314227,9,Article2010,Validation,https://img.inven.co.kr/image/site_image/bm/dataninfo/playercard/3021f.jpg,2008,한화,클락,Hitter,8,8
SEASON_ec4c89c621840c4a5f79,10,Article2010,Holdout,https://img.inven.co.kr/image/site_image/bm/dataninfo/playercard/3264f.jpg,2009,한화,강동우,Hitter,8,8
SEASON_8ba2890d0178b0a59066,10,Article2010,Validation,https://img.inven.co.kr/image/site_image/bm/dataninfo/playercard/838f.jpg,2001,한화,데이비스,Hitter,10,9
SEASON_c6310b6718412444a86a,10,Article2010,Validation,https://img.inven.co.kr/image/site_image/bm/dataninfo/playercard/841f.jpg,2005,한화,데이비스,Hitter,10,9
SEASON_2ea439e6894b4a03fb89,10,Article2010,Train,https://img.inven.co.kr/image/site_image/bm/dataninfo/playercard/1087f.jpg,2006,LG,박용택,Hitter,10,9
SEASON_5cb5b9493464cbe86e61,10,Article2010,Validation,https://img.inven.co.kr/image/site_image/bm/dataninfo/playercard/1107f.jpg,2006,SK,박재홍,Hitter,8,8
SEASON_2473821c363862cacbd1,10,Article2010,Validation,https://img.inven.co.kr/image/site_image/bm/dataninfo/playercard/1413f.jpg,2000,한화,송지만,Hitter,10,9
SEASON_ae2204932fd7a2ada6f5,10,Article2010,Validation,https://img.inven.co.kr/image/site_image/bm/dataninfo/playercard/1415f.jpg,2002,한화,송지만,Hitter,10,9
SEASON_69a529483fca15cad7fd,10,Article2010,Train,https://img.inven.co.kr/image/site_image/bm/dataninfo/playercard/1533f.jpg,2001,두산,심재학,Hitter,8,8
SEASON_73a04756f9800d3ea387,10,Article2010,Train,https://img.inven.co.kr/image/site_image/bm/dataninfo/playercard/1543f.jpg,2002,현대,심정수,Hitter,10,10
SEASON_d26be21efe6c56ecb444,10,Article2010,Train,https://img.inven.co.kr/image/site_image/bm/dataninfo/playercard/1548f.jpg,2007,삼성,심정수,Hitter,8,8
SEASON_ada614da6d12b912b4ee,9,Article2010,Train,https://img.inven.co.kr/image/site_image/bm/dataninfo/playercard/3291f.jpg,2009,KIA,구톰슨,Pitcher,9,9
SEASON_b3b5a484f7aefde708de,9,Article2010,Train,https://img.inven.co.kr/image/site_image/bm/dataninfo/playercard/218f.jpg,2006,KIA,그레이싱어,Pitcher,9,9
SEASON_cf286b89a58cc1728796,9,Article2010,Holdout,https://img.inven.co.kr/image/site_image/bm/dataninfo/playercard/3301f.jpg,2009,SK,글로버,Pitcher,8,8
SEASON_46d6ba4153e678f9c23f,9,Article2010,Train,https://img.inven.co.kr/image/site_image/bm/dataninfo/playercard/683f.jpg,2003,KIA,김진우,Pitcher,8,8
SEASON_afc9a1e2404b42a8f22d,9,Article2010,Validation,https://img.inven.co.kr/image/site_image/bm/dataninfo/playercard/856f.jpg,2006,두산,랜들,Pitcher,9,9
SEASON_49b98a69f28874e73081,9,Article2010,Validation,https://img.inven.co.kr/image/site_image/bm/dataninfo/playercard/857f.jpg,2007,두산,랜들,Pitcher,8,8
SEASON_b5b51cde5a0ec9933843,9,Article2010,Train,https://img.inven.co.kr/image/site_image/bm/dataninfo/playercard/862f.jpg,2004,두산,레스,Pitcher,10,10
SEASON_26fe4e6c860818bc9bc8,9,Article2010,Train,https://img.inven.co.kr/image/site_image/bm/dataninfo/playercard/886f.jpg,2008,한화,류현진,Pitcher,8,8
SEASON_38291e56cf170e92413c,9,Article2010,Train,https://img.inven.co.kr/image/site_image/bm/dataninfo/playercard/1034f.jpg,2004,두산,박명환,Pitcher,9,9
SEASON_d52b5aab917ea9649a78,9,Article2010,Train,https://img.inven.co.kr/image/site_image/bm/dataninfo/playercard/1228f.jpg,2005,삼성,배영수,Pitcher,9,9
SEASON_8c0f74045116cf9d0bee,9,Article2010,Train,https://img.inven.co.kr/image/site_image/bm/dataninfo/playercard/3484f.jpg,2009,LG,봉중근,Pitcher,9,9
SEASON_d75d0856a09738d910b6,9,Article2010,Train,https://img.inven.co.kr/image/site_image/bm/dataninfo/playercard/1334f.jpg,2001,롯데,손민한,Pitcher,8,8
SEASON_04ceca8b3c781a3dc8d2,9,Article2010,Train,https://img.inven.co.kr/image/site_image/bm/dataninfo/playercard/1340f.jpg,2007,롯데,손민한,Pitcher,9,9
SEASON_1f834e4c9dd1c1e7b9b5,9,Article2010,Train,https://img.inven.co.kr/image/site_image/bm/dataninfo/playercard/3508f.jpg,2009,SK,송은범,Pitcher,8,8
SEASON_f64f954ceb5cca2f8c94,9,Article2010,Train,https://img.inven.co.kr/image/site_image/bm/dataninfo/playercard/1653f.jpg,2002,삼성,엘비라,Pitcher,8,8
SEASON_e8fda9ab2ca8578719c4,9,Article2010,Train,https://img.inven.co.kr/image/site_image/bm/dataninfo/playercard/1805f.jpg,2008,KIA,윤석민,Pitcher,10,10
SEASON_0435b70dedca58347b61,9,Article2010,Train,https://img.inven.co.kr/image/site_image/bm/dataninfo/playercard/2342f.jpg,2008,우리,장원삼,Pitcher,9,9
SEASON_762f1459e4745d2e210a,9,Article2010,Train,https://img.inven.co.kr/image/site_image/bm/dataninfo/playercard/2488f.jpg,2007,한화,정민철,Pitcher,9,9
SEASON_a7a443a313b8122dc26a,9,Article2010,Train,https://img.inven.co.kr/image/site_image/bm/dataninfo/playercard/2491f.jpg,2003,현대,정민태,Pitcher,9,9
SEASON_6fc5fbb01b24a01538da,9,Article2010,Holdout,https://img.inven.co.kr/image/site_image/bm/dataninfo/playercard/3743f.jpg,2009,롯데,조정훈,Pitcher,9,9
SEASON_0682b78e9d70b023e0d3,9,Article2010,Train,https://img.inven.co.kr/image/site_image/bm/dataninfo/playercard/2820f.jpg,2008,SK,채병용,Pitcher,8,8
SEASON_13182e6fd4cc9b2dd8e3,9,Article2010,Train,https://img.inven.co.kr/image/site_image/bm/dataninfo/playercard/3087f.jpg,2000,LG,해리거,Pitcher,10,10
SEASON_13a084838ec06c121de4,10,Article2010,Holdout,https://img.inven.co.kr/image/site_image/bm/dataninfo/playercard/3313f.jpg,2009,SK,김광현,Pitcher,8,8
SEASON_133b6cbb40e1172040fc,10,Article2010,Train,https://img.inven.co.kr/image/site_image/bm/dataninfo/playercard/885f.jpg,2007,한화,류현진,Pitcher,9,9
SEASON_f5283382d150027bc8ca,10,Article2010,Train,https://img.inven.co.kr/image/site_image/bm/dataninfo/playercard/3409f.jpg,2009,한화,류현진,Pitcher,9,9
SEASON_e66618554fa7f52a9181,10,Article2010,Holdout,https://img.inven.co.kr/image/site_image/bm/dataninfo/playercard/892f.jpg,2004,KIA,리오스,Pitcher,9,9
SEASON_525497b140e9ceb8d31f,10,Article2010,Holdout,https://img.inven.co.kr/image/site_image/bm/dataninfo/playercard/894f.jpg,2005,두산,리오스,Pitcher,9,9
SEASON_9b14694a624a47ebdafb,10,Article2010,Train,https://img.inven.co.kr/image/site_image/bm/dataninfo/playercard/1264f.jpg,2008,LG,봉중근,Pitcher,9,9
SEASON_ab3af4b601365853d36f,10,Article2010,Train,https://img.inven.co.kr/image/site_image/bm/dataninfo/playercard/1339f.jpg,2006,롯데,손민한,Pitcher,9,9
SEASON_9a334aa87cbf91633b5d,10,Article2010,Train,https://img.inven.co.kr/image/site_image/bm/dataninfo/playercard/1341f.jpg,2008,롯데,손민한,Pitcher,9,9
SEASON_24fdb33e03226e737bda,10,Article2010,Train,https://img.inven.co.kr/image/site_image/bm/dataninfo/playercard/1971f.jpg,2003,한화,이상목,Pitcher,9,9
SEASON_7fe93baf362ff17f89d3,10,Article2010,Train,https://img.inven.co.kr/image/site_image/bm/dataninfo/playercard/3024f.jpg,2002,KIA,키퍼,Pitcher,9,9
SEASON_bcafd08defb349600390,9,Article2010,Train,https://img.inven.co.kr/image/site_image/bm/dataninfo/playercard/1693f.jpg,2006,삼성,오승환,Pitcher,8,8
SEASON_d23b74c0f40afdef244f,4,Article2010,Train,https://img.inven.co.kr/image/site_image/bm/dataninfo/playercard/273f.jpg,2000,SK,김기덕,Pitcher,8,8
SEASON_f35bc7ca1ed6bde7d4fa,5,Article2010,Holdout,https://img.inven.co.kr/image/site_image/bm/dataninfo/playercard/529f.jpg,2004,SK,김원형,Pitcher,8,8
SEASON_ba6439eefe561d40db63,5,Article2010,Train,https://img.inven.co.kr/image/site_image/bm/dataninfo/playercard/1665f.jpg,2006,롯데,염종석,Pitcher,8,8
SEASON_4f7d4e89b897955a7716,5,Article2010,Train,https://img.inven.co.kr/image/site_image/bm/dataninfo/playercard/2416f.jpg,2007,삼성,전병호,Pitcher,8,8
SEASON_2f44cb62b13d2078ea0a,5,Article2010,Train,https://img.inven.co.kr/image/site_image/bm/dataninfo/playercard/2620f.jpg,2000,두산,조계현,Pitcher,7,7
SEASON_5ddf8fd1496b3e57f06b,5,Article2010,Holdout,https://img.inven.co.kr/image/site_image/bm/dataninfo/playercard/3078f.jpg,2000,한화,한용덕,Pitcher,8,8
SEASON_eb1ff38dabb52261f378,6,Article2010,Train,https://img.inven.co.kr/image/site_image/bm/dataninfo/playercard/261f.jpg,2004,LG,김광삼,Pitcher,8,8
SEASON_fb7aec433fa8481648c4,6,Article2010,Validation,https://img.inven.co.kr/image/site_image/bm/dataninfo/playercard/858f.jpg,2008,두산,랜들,Pitcher,8,8
SEASON_8c3dcb251ade73da9f9b,6,Article2010,Train,https://img.inven.co.kr/image/site_image/bm/dataninfo/playercard/1171f.jpg,2004,롯데,박지철,Pitcher,8,8
SEASON_7954bc4465efce39e288,6,Article2010,Train,https://img.inven.co.kr/image/site_image/bm/dataninfo/playercard/1229f.jpg,2006,삼성,배영수,Pitcher,8,8
SEASON_49ed8ceb8f467f13a7e3,6,Article2010,Train,https://img.inven.co.kr/image/site_image/bm/dataninfo/playercard/1304f.jpg,2008,KIA,서재응,Pitcher,6,6
SEASON_034a585d661a8d4bacff,6,Article2010,Train,https://img.inven.co.kr/image/site_image/bm/dataninfo/playercard/1408f.jpg,2008,SK,송은범,Pitcher,8,8
SEASON_7a8a63518d25cb8fd3da,6,Article2010,Train,https://img.inven.co.kr/image/site_image/bm/dataninfo/playercard/1973f.jpg,2005,롯데,이상목,Pitcher,8,8
SEASON_d0025e69c1442709de6e,6,Article2010,Train,https://img.inven.co.kr/image/site_image/bm/dataninfo/playercard/3026f.jpg,2003,두산,키퍼,Pitcher,8,8
SEASON_054dc7e0e7731c147d07,7,Article2010,Holdout,https://img.inven.co.kr/image/site_image/bm/dataninfo/playercard/449f.jpg,2007,현대,김수경,Pitcher,8,8
SEASON_2e6145273a0c933f5c8b,7,Article2010,Train,https://img.inven.co.kr/image/site_image/bm/dataninfo/playercard/1335f.jpg,2002,롯데,손민한,Pitcher,8,8
SEASON_781a70e8c472e2a31acc,7,Article2010,Holdout,https://img.inven.co.kr/image/site_image/bm/dataninfo/playercard/2720f.jpg,2008,롯데,조정훈,Pitcher,7,7
SEASON_43b39f6d51f34ac140ea,5,Observed2011,Train,https://www.inven.co.kr/webzine/news/?news=86963,1994,태평양,가내영,Pitcher,3,3
SEASON_9c692bcfb4d1d5959262,5,Observed2011,Train,https://www.inven.co.kr/webzine/news/?news=86963,1994,태평양,권준헌,Hitter,4,4
SEASON_48898c8ee4717e6202a9,8,Observed2011,Holdout,https://www.inven.co.kr/webzine/news/?news=86963,1994,태평양,김경기,Hitter,8,9
SEASON_8d361f24b247c836b111,7,Observed2011,Train,https://www.inven.co.kr/webzine/news/?news=86963,1994,태평양,김동기,Hitter,8,7
SEASON_62f5982cf8b29c338bc8,5,Observed2011,Train,https://www.inven.co.kr/webzine/news/?news=86963,1994,태평양,김용국,Hitter,5,4
SEASON_9a6f1e13eb5aa66f4f9d,6,Observed2011,Train,https://www.inven.co.kr/webzine/news/?news=86963,1994,태평양,김인호,Hitter,6,5
SEASON_24e408f4ab486c162055,8,Observed2011,Holdout,https://www.inven.co.kr/webzine/news/?news=86963,1994,태평양,김홍집,Pitcher,8,8
SEASON_5d22fbb56bbb430774d7,4,Observed2011,Train,https://www.inven.co.kr/webzine/news/?news=86963,1994,태평양,나성열,Pitcher,3,3
SEASON_26164f14d1e8314d5108,5,Observed2011,Holdout,https://www.inven.co.kr/webzine/news/?news=86963,1994,태평양,노승욱,Pitcher,4,4
SEASON_b5497e5e5c38c2b049bf,6,Observed2011,Train,https://www.inven.co.kr/webzine/news/?news=86963,1994,태평양,박은진,Pitcher,6,6
SEASON_20937cfdba3040e5ac75,5,Observed2011,Train,https://www.inven.co.kr/webzine/news/?news=86963,1994,태평양,손차훈,Hitter,5,4
SEASON_63f1e048725578cce1e3,7,Observed2011,Holdout,https://www.inven.co.kr/webzine/news/?news=86963,1994,태평양,안병원,Pitcher,8,8
SEASON_4e3ba946427255184c99,6,Observed2011,Train,https://www.inven.co.kr/webzine/news/?news=86963,1994,태평양,염경엽,Hitter,6,5
SEASON_a44883a51438ad2efafa,8,Observed2011,Train,https://www.inven.co.kr/webzine/news/?news=86963,1994,태평양,윤덕규,Hitter,8,8
SEASON_4ffb4c3031d83444f33c,6,Observed2011,Train,https://www.inven.co.kr/webzine/news/?news=86963,1994,태평양,이희성,Hitter,5,5
SEASON_d54a57f8b238dcae2b5c,9,Observed2011,Validation,https://www.inven.co.kr/webzine/news/?news=86963,1994,태평양,정명원,Pitcher,8,8
SEASON_70ff5759f38c51d96c71,7,Observed2011,Train,https://www.inven.co.kr/webzine/news/?news=86963,1994,태평양,정민태,Pitcher,8,8
SEASON_d965387ee91457df5b4d,4,Observed2011,Holdout,https://www.inven.co.kr/webzine/news/?news=86963,1994,태평양,조웅천,Pitcher,2,2
SEASON_bfe417187cb979c1b711,8,Observed2011,Train,https://www.inven.co.kr/webzine/news/?news=86963,1994,태평양,최상덕,Pitcher,8,8
SEASON_603dbb2904ff35b76871,7,Observed2011,Train,https://www.inven.co.kr/webzine/news/?news=86963,1994,태평양,최창호,Pitcher,8,8
SEASON_b89cec7350c876cf3311,5,Observed2011,Train,https://www.inven.co.kr/webzine/news/?news=86966,1995,OB,강길용,Pitcher,5,5
SEASON_c17ee48fc02e642a8cf8,5,Observed2011,Train,https://www.inven.co.kr/webzine/news/?news=86966,1995,OB,강병규,Pitcher,6,6
SEASON_53419b60d19ec1266410,9,Observed2011,Train,https://www.inven.co.kr/webzine/news/?news=86966,1995,OB,권명철,Pitcher,9,9
SEASON_99534f25f24b849bf057,6,Observed2011,Train,https://www.inven.co.kr/webzine/news/?news=86966,1995,OB,김경원,Pitcher,6,6
SEASON_c4f9e36bc98be36377bc,6,Observed2011,Train,https://www.inven.co.kr/webzine/news/?news=86966,1995,OB,김민호,Hitter,8,7
SEASON_5095d29ee4416c1cbde1,10,Observed2011,Validation,https://www.inven.co.kr/webzine/news/?news=86966,1995,OB,김상진,Pitcher,10,10
SEASON_f7b84e7b216676e4ad20,9,Observed2011,Train,https://www.inven.co.kr/webzine/news/?news=86966,1995,OB,김상호,Hitter,10,9
SEASON_44fe420e10cfbbd3aeaa,7,Observed2011,Train,https://www.inven.co.kr/webzine/news/?news=86966,1995,OB,김종석,Hitter,8,7
SEASON_47d9af4f6afd545d33f8,7,Observed2011,Train,https://www.inven.co.kr/webzine/news/?news=86966,1995,OB,김형석,Hitter,8,7
SEASON_eb4c638db330f56d1792,6,Observed2011,Train,https://www.inven.co.kr/webzine/news/?news=86966,1995,OB,박철순,Pitcher,6,6
SEASON_b6f22911768bd0f84f80,5,Observed2011,Train,https://www.inven.co.kr/webzine/news/?news=86966,1995,OB,송재용,Pitcher,4,4
SEASON_dcb02f0b4ff190e49c0f,8,Observed2011,Train,https://www.inven.co.kr/webzine/news/?news=86966,1995,OB,심정수,Hitter,8,8
SEASON_7767d6985d44cc2d6872,6,Observed2011,Validation,https://www.inven.co.kr/webzine/news/?news=86966,1995,OB,안경현,Hitter,6,6
SEASON_36fc4ad0b6cd3f231917,4,Observed2011,Holdout,https://www.inven.co.kr/webzine/news/?news=86966,1995,OB,이광우,Pitcher,1,1
SEASON_fce85953dfb06f9ba236,7,Observed2011,Holdout,https://www.inven.co.kr/webzine/news/?news=86966,1995,OB,이도형,Hitter,8,7
SEASON_262f4adf0f296a6c8489,7,Observed2011,Train,https://www.inven.co.kr/webzine/news/?news=86966,1995,OB,이명수,Hitter,8,7
SEASON_55a8ae562937ab4d4a7b,7,Observed2011,Validation,https://www.inven.co.kr/webzine/news/?news=86966,1995,OB,이용호,Pitcher,8,8
SEASON_60b035386be835127652,7,Observed2011,Train,https://www.inven.co.kr/webzine/news/?news=86966,1995,OB,장원진,Hitter,8,7
SEASON_f7a1d57ffc2d5723b832,5,Observed2011,Validation,https://www.inven.co.kr/webzine/news/?news=86966,1995,OB,장호연,Pitcher,5,5
SEASON_217d0ccac841110d378a,6,Observed2011,Holdout,https://www.inven.co.kr/webzine/news/?news=86966,1995,OB,진필중,Pitcher,8,8
SEASON_291f0e4dda518b7c6850,8,Observed2011,Holdout,https://www.inven.co.kr/webzine/news/?news=86966,1996,쌍방울,김광림,Hitter,8,8
SEASON_5691b8fd71a83de0408d,6,Observed2011,Train,https://www.inven.co.kr/webzine/news/?news=86966,1996,쌍방울,김기덕,Pitcher,8,8
SEASON_04e52daffa7cef6fabfe,7,Observed2011,Train,https://www.inven.co.kr/webzine/news/?news=86966,1996,쌍방울,김기태,Hitter,8,8
SEASON_58747c1c0f6ea2c91089,5,Observed2011,Validation,https://www.inven.co.kr/webzine/news/?news=86966,1996,쌍방울,김민국,Pitcher,5,5
SEASON_26125a2c392aa014e23e,7,Observed2011,Validation,https://www.inven.co.kr/webzine/news/?news=86966,1996,쌍방울,김실,Hitter,8,7
SEASON_8c52cc7d5e6a20035bbe,6,Observed2011,Holdout,https://www.inven.co.kr/webzine/news/?news=86966,1996,쌍방울,김원형,Pitcher,7,7
SEASON_5080a4ac5494ed1b8566,6,Observed2011,Validation,https://www.inven.co.kr/webzine/news/?news=86966,1996,쌍방울,김현욱,Pitcher,8,8
SEASON_66d5a5a347431516f78c,6,Observed2011,Train,https://www.inven.co.kr/webzine/news/?news=86966,1996,쌍방울,김호,Hitter,6,6
SEASON_a454e2c7364d4a761310,7,Observed2011,Train,https://www.inven.co.kr/webzine/news/?news=86966,1996,쌍방울,박경완,Hitter,8,7
SEASON_cd91a1513ecc6ebc114f,6,Observed2011,Train,https://www.inven.co.kr/webzine/news/?news=86966,1996,쌍방울,박노준,Hitter,6,5
SEASON_e21a401bd1242301b0a2,6,Observed2011,Train,https://www.inven.co.kr/webzine/news/?news=86966,1996,쌍방울,박성기,Pitcher,6,6
SEASON_cb83bae519566c93fd63,5,Observed2011,Train,https://www.inven.co.kr/webzine/news/?news=86966,1996,쌍방울,박주언,Pitcher,5,5
SEASON_49a5f45dd9eff447ea2d,6,Observed2011,Train,https://www.inven.co.kr/webzine/news/?news=86966,1996,쌍방울,석수철,Hitter,6,6
SEASON_dcdfa612665d2683f3f4,8,Observed2011,Holdout,https://www.inven.co.kr/webzine/news/?news=86966,1996,쌍방울,성영재,Pitcher,9,9
SEASON_30c1eefc1fd43b90a191,7,Observed2011,Validation,https://www.inven.co.kr/webzine/news/?news=86966,1996,쌍방울,심성보,Hitter,7,7
SEASON_a4eae1fa6a451eae9b66,7,Observed2011,Train,https://www.inven.co.kr/webzine/news/?news=86966,1996,쌍방울,오봉옥,Pitcher,8,8
SEASON_652be4b389571da87623,4,Observed2011,Train,https://www.inven.co.kr/webzine/news/?news=86966,1996,쌍방울,유현승,Pitcher,5,5
SEASON_10d214b0a50b9368d77d,8,Observed2011,Train,https://www.inven.co.kr/webzine/news/?news=86966,1996,쌍방울,조규제,Pitcher,6,6
SEASON_3bc4b3500a8838540569,6,Observed2011,Train,https://www.inven.co.kr/webzine/news/?news=86966,1996,쌍방울,조원우,Hitter,6,5
SEASON_524524ef2ca395beb153,6,Observed2011,Validation,https://www.inven.co.kr/webzine/news/?news=86966,1996,쌍방울,최정환,Pitcher,6,6
SEASON_f196c54729d67b8605a9,6,Observed2011,Validation,https://www.inven.co.kr/webzine/news/?news=86966,1996,쌍방울,최태원,Hitter,7,6
SEASON_927ca9593dc57293b70b,6,Observed2011,Train,https://www.inven.co.kr/webzine/news/?news=86966,1997,삼성,곽채진,Pitcher,6,6
SEASON_21ebb44d55ed95e17a1c,8,Observed2011,Train,https://www.inven.co.kr/webzine/news/?news=86966,1997,삼성,김상엽,Pitcher,8,8
SEASON_3456fc88e3e9467e6c21,5,Observed2011,Validation,https://www.inven.co.kr/webzine/news/?news=86966,1997,삼성,김영진,Hitter,3,3
SEASON_76a89e34e785855a7e2e,7,Observed2011,Holdout,https://www.inven.co.kr/webzine/news/?news=86966,1997,삼성,김태균,Hitter,8,7
SEASON_af59fd7bbdcd3fbbe0f6,8,Observed2011,Train,https://www.inven.co.kr/webzine/news/?news=86966,1997,삼성,김태한,Pitcher,8,8
SEASON_b299a54413529e54a49f,8,Observed2011,Train,https://www.inven.co.kr/webzine/news/?news=86966,1997,삼성,김한수,Hitter,8,8
SEASON_d5ad8d30ac288bb6e22b,6,Observed2011,Train,https://www.inven.co.kr/webzine/news/?news=86966,1997,삼성,류중일,Hitter,5,5
SEASON_737f09e07ec06f698dca,8,Observed2011,Holdout,https://www.inven.co.kr/webzine/news/?news=86966,1997,삼성,박충식,Pitcher,8,8
SEASON_b38354c5f47bec7c59b5,5,Observed2011,Train,https://www.inven.co.kr/webzine/news/?news=86966,1997,삼성,성준,Pitcher,7,7
SEASON_94a0c3e8b9b486a4ff9b,9,Observed2011,Train,https://www.inven.co.kr/webzine/news/?news=86966,1997,삼성,신동주,Hitter,10,9
SEASON_d0b8ac97ed99a542be7e,5,Observed2011,Train,https://www.inven.co.kr/webzine/news/?news=86966,1997,삼성,이상훈,Pitcher,4,4
SEASON_d032a3b307127e3b5947,9,Observed2011,Train,https://www.inven.co.kr/webzine/news/?news=86966,1997,삼성,이승엽,Hitter,10,10
SEASON_48e9527e2cc7e0dafaab,7,Observed2011,Train,https://www.inven.co.kr/webzine/news/?news=86966,1997,삼성,전병호,Pitcher,6,6
SEASON_9f3d4de58072582bd506,8,Observed2011,Holdout,https://www.inven.co.kr/webzine/news/?news=86966,1997,삼성,정경배,Hitter,8,8
SEASON_abe528aee9178c1016cf,5,Observed2011,Train,https://www.inven.co.kr/webzine/news/?news=86966,1997,삼성,정성훈,Pitcher,5,5
SEASON_b6c393e6ced7d620d410,9,Observed2011,Train,https://www.inven.co.kr/webzine/news/?news=86966,1997,삼성,최익성,Hitter,10,9
SEASON_bfecb4a47af0febe1b90,5,Observed2011,Train,https://www.inven.co.kr/webzine/news/?news=86966,1997,삼성,최창양,Pitcher,5,5
SEASON_59b50576617a2818f137,4,Observed2011,Holdout,https://www.inven.co.kr/webzine/news/?news=86966,1997,삼성,최한림,Pitcher,2,2
SEASON_01c2ea86c77a140608c5,5,Observed2011,Holdout,https://www.inven.co.kr/webzine/news/?news=86966,1997,해태,강태원,Pitcher,6,6
SEASON_2c09a19178eb17491e2c,4,Observed2011,Train,https://www.inven.co.kr/webzine/news/?news=86966,1997,해태,김봉영,Pitcher,3,3
SEASON_d02795901098b75a3e07,7,Observed2011,Train,https://www.inven.co.kr/webzine/news/?news=86966,1997,해태,김상진,Pitcher,8,8
SEASON_53d06828f2419311c90d,6,Observed2011,Train,https://www.inven.co.kr/webzine/news/?news=86966,1997,해태,김정수,Pitcher,6,6
SEASON_ff32f6ac27f086da3c7b,6,Observed2011,Train,https://www.inven.co.kr/webzine/news/?news=86966,1997,해태,김종국,Hitter,6,5
SEASON_7f2aa923154d9672dbed,7,Observed2011,Validation,https://www.inven.co.kr/webzine/news/?news=86966,1997,해태,김창희,Hitter,7,6
SEASON_00756ba24db00c36578c,4,Observed2011,Validation,https://www.inven.co.kr/webzine/news/?news=86966,1997,해태,오철민,Pitcher,2,2
SEASON_4b22b41fc15f47cbb598,9,Observed2011,Validation,https://www.inven.co.kr/webzine/news/?news=86966,1997,해태,이강철,Pitcher,9,9
SEASON_49b130b47153fdc7e11e,10,Observed2011,Train,https://www.inven.co.kr/webzine/news/?news=86966,1997,해태,이대진,Pitcher,9,9
SEASON_9032fa148730b2514abd,6,Observed2011,Holdout,https://www.inven.co.kr/webzine/news/?news=86966,1997,해태,이순철,Hitter,5,4
SEASON_46668a45dcbbba4a2f32,5,Observed2011,Train,https://www.inven.co.kr/webzine/news/?news=86966,1997,해태,이원식,Pitcher,6,6
SEASON_88fe97096ab091a6a19a,4,Observed2011,Holdout,https://www.inven.co.kr/webzine/news/?news=86966,1997,해태,이재만,Pitcher,3,3
SEASON_0e57d0e0eb4acbe09c94,10,Observed2011,Train,https://www.inven.co.kr/webzine/news/?news=86966,1997,해태,이종범,Hitter,10,10
SEASON_e2c5c5dc5afaa68ec107,8,Observed2011,Train,https://www.inven.co.kr/webzine/news/?news=86966,1997,해태,임창용,Pitcher,8,8
SEASON_5fdd3fefe1e72ad4a11a,6,Observed2011,Train,https://www.inven.co.kr/webzine/news/?news=86966,1997,해태,장성호,Hitter,6,6
SEASON_2025cee5db1c02a2c8bc,6,Observed2011,Train,https://www.inven.co.kr/webzine/news/?news=86966,1997,해태,조계현,Pitcher,8,8
SEASON_3794584753d4960c3bbe,6,Observed2011,Train,https://www.inven.co.kr/webzine/news/?news=86966,1997,해태,최해식,Hitter,5,5
SEASON_6cb9fe8b249a625889cd,8,Observed2011,Train,https://www.inven.co.kr/webzine/news/?news=86966,1997,해태,최훈재,Hitter,8,7
SEASON_443bc7c966fb1d53127d,8,Observed2011,Holdout,https://www.inven.co.kr/webzine/news/?news=86966,1997,해태,홍현우,Hitter,8,8
SEASON_03f00e776201d344e04a,7,Observed2011,Holdout,https://www.inven.co.kr/webzine/news/?news=86966,1998,현대,김경기,Hitter,8,8
SEASON_11c39ff482f1216ee722,6,Observed2011,Holdout,https://www.inven.co.kr/webzine/news/?news=86966,1998,현대,김광림,Hitter,5,5
SEASON_57e5e54abda7ad29a950,9,Observed2011,Holdout,https://www.inven.co.kr/webzine/news/?news=86966,1998,현대,김수경,Pitcher,8,8
SEASON_78837a48b849d0034687,4,Observed2011,Holdout,https://www.inven.co.kr/webzine/news/?news=86966,1998,현대,김익재,Pitcher,1,1
SEASON_72cd886943709721a643,4,Observed2011,Holdout,https://www.inven.co.kr/webzine/news/?news=86966,1998,현대,김홍집,Pitcher,2,2
SEASON_c4263a5f9f5cb1a43a9e,6,Observed2011,Train,https://www.inven.co.kr/webzine/news/?news=86966,1998,현대,박경완,Hitter,8,7
SEASON_14cf3437bd9d5e5f1c04,9,Observed2011,Validation,https://www.inven.co.kr/webzine/news/?news=86966,1998,현대,박재홍,Hitter,8,8
SEASON_b5f2c2fed48bac2fd6bb,5,Observed2011,Train,https://www.inven.co.kr/webzine/news/?news=86966,1998,현대,박진만,Hitter,5,4
SEASON_f06d15f96f678099f0a4,8,Observed2011,Train,https://www.inven.co.kr/webzine/news/?news=86966,1998,현대,스트롱,Pitcher,6,6
SEASON_59e04da08a61bdbd6123,7,Observed2011,Validation,https://www.inven.co.kr/webzine/news/?news=86966,1998,현대,위재영,Pitcher,8,8
SEASON_451cc4f54b53f1d24918,7,Observed2011,Train,https://www.inven.co.kr/webzine/news/?news=86966,1998,현대,이명수,Hitter,8,7
SEASON_d220f489da7efe77858d,7,Observed2011,Validation,https://www.inven.co.kr/webzine/news/?news=86966,1998,현대,이숭용,Hitter,8,7
SEASON_229848643da140d7b4b5,9,Observed2011,Train,https://www.inven.co.kr/webzine/news/?news=86966,1998,현대,전준호,Hitter,8,8
SEASON_9510c428c897f257a0d0,10,Observed2011,Validation,https://www.inven.co.kr/webzine/news/?news=86966,1998,현대,정명원,Pitcher,10,10
SEASON_ce5671ac334d2ae85ed3,10,Observed2011,Train,https://www.inven.co.kr/webzine/news/?news=86966,1998,현대,정민태,Pitcher,10,10
SEASON_a4805e074fbc3d2f0ce4,5,Observed2011,Train,https://www.inven.co.kr/webzine/news/?news=86966,1998,현대,조규제,Pitcher,5,5
SEASON_fcae8401b14e257ee14a,5,Observed2011,Holdout,https://www.inven.co.kr/webzine/news/?news=86966,1998,현대,조웅천,Pitcher,5,5
SEASON_d81b68f61f1815e2a5e2,8,Observed2011,Holdout,https://www.inven.co.kr/webzine/news/?news=86966,1998,현대,최원호,Pitcher,8,8
SEASON_084d47484f73838a59a7,9,Observed2011,Train,https://www.inven.co.kr/webzine/news/?news=86966,1998,현대,쿨바,Hitter,10,9
SEASON_8807e99c45dfeea26484,7,Observed2011,Train,https://www.inven.co.kr/webzine/news/?news=86951,1999,삼성,김기태,Hitter,8,8
SEASON_8c64436f3e97c7b21e54,7,Observed2011,Validation,https://www.inven.co.kr/webzine/news/?news=86951,1999,삼성,김상진,Pitcher,8,8
SEASON_29932306acc0049f81e1,4,Observed2011,Validation,https://www.inven.co.kr/webzine/news/?news=86951,1999,삼성,김영진,Hitter,3,2
SEASON_490e39d069459b26060a,7,Observed2011,Train,https://www.inven.co.kr/webzine/news/?news=86951,1999,삼성,김진웅,Pitcher,8,8
SEASON_47fc0f9d203a275893c4,6,Observed2011,Holdout,https://www.inven.co.kr/webzine/news/?news=86951,1999,삼성,김태균,Hitter,6,6
SEASON_3c7d843d5ba53727221c,8,Observed2011,Train,https://www.inven.co.kr/webzine/news/?news=86951,1999,삼성,김한수,Hitter,8,8
SEASON_e098eb68c9b6e2d027b9,5,Observed2011,Validation,https://www.inven.co.kr/webzine/news/?news=86951,1999,삼성,김현욱,Pitcher,7,7
SEASON_8264f2b3c1ed8d45ff91,8,Observed2011,Holdout,https://www.inven.co.kr/webzine/news/?news=86951,1999,삼성,노장진,Pitcher,8,8
SEASON_268353a674493ed94c63,3,Observed2011,Train,https://www.inven.co.kr/webzine/news/?news=86951,1999,삼성,박동희,Pitcher,1,1
SEASON_9a81dfb83129fa05715e,8,Observed2011,Holdout,https://www.inven.co.kr/webzine/news/?news=86951,1999,삼성,스미스,Hitter,8,8
SEASON_712ce3fa9e2e4aee0e83,8,Observed2011,Train,https://www.inven.co.kr/webzine/news/?news=86951,1999,삼성,신동주,Hitter,8,7
SEASON_1835fd10df389fe5f835,9,Observed2011,Train,https://www.inven.co.kr/webzine/news/?news=86951,1999,삼성,임창용,Pitcher,10,10
SEASON_4f2feb71c6e40965eccc,5,Observed2011,Train,https://www.inven.co.kr/webzine/news/?news=86951,1999,삼성,전병호,Pitcher,5,5
SEASON_31c5d3f9b4c777c82907,8,Observed2011,Holdout,https://www.inven.co.kr/webzine/news/?news=86951,1999,삼성,정경배,Hitter,8,7
SEASON_dc94d8c0e9172c2d13cc,5,Observed2011,Holdout,https://www.inven.co.kr/webzine/news/?news=86951,1999,삼성,정현욱,Pitcher,6,6
SEASON_623d5f6a179a46f144e6,5,Observed2011,Train,https://www.inven.co.kr/webzine/news/?news=86951,1999,삼성,홀,Hitter,6,5
SEASON_89bd7181d6b60691ed65,7,Observed2011,Train,https://www.inven.co.kr/webzine/news/?news=86951,2000,삼성,김기태,Hitter,8,8
SEASON_591accf1dd9bd8abb90a,5,Observed2011,Validation,https://www.inven.co.kr/webzine/news/?news=86951,2000,삼성,김상진,Pitcher,7,7
SEASON_bb3ebf5ddcbcff9e6cef,6,Observed2011,Train,https://www.inven.co.kr/webzine/news/?news=86951,2000,삼성,김진웅,Pitcher,8,8
SEASON_253af58020d87d532d22,5,Observed2011,Holdout,https://www.inven.co.kr/webzine/news/?news=86951,2000,삼성,김태균,Hitter,6,5
SEASON_dc7d82da0f76cbd84999,4,Observed2011,Train,https://www.inven.co.kr/webzine/news/?news=86951,2000,삼성,김태한,Pitcher,3,3
SEASON_5e1fff33afcfeaaa2d78,5,Observed2011,Train,https://www.inven.co.kr/webzine/news/?news=86951,2000,삼성,김한수,Hitter,7,6
SEASON_117421b5740a34e70d93,5,Observed2011,Validation,https://www.inven.co.kr/webzine/news/?news=86951,2000,삼성,김현욱,Pitcher,8,8
SEASON_7d7cb97acd6c68fcb020,5,Observed2011,Holdout,https://www.inven.co.kr/webzine/news/?news=86951,2000,삼성,노장진,Pitcher,7,7
SEASON_4c5e141cda88ec049dfa,4,Observed2011,Train,https://www.inven.co.kr/webzine/news/?news=86951,2000,삼성,박동희,Pitcher,4,4
SEASON_5e9791b14be9a5f09cd3,6,Observed2011,Train,https://www.inven.co.kr/webzine/news/?news=86951,2000,삼성,신동주,Hitter,6,6
SEASON_e62bd79159ac08e697c1,8,Observed2011,Train,https://www.inven.co.kr/webzine/news/?news=86951,2000,삼성,이승엽,Hitter,10,9
SEASON_a880d4e30c3db7e96db0,4,Observed2011,Validation,https://www.inven.co.kr/webzine/news/?news=86951,2000,삼성,이용훈,Pitcher,6,6
SEASON_1e3e6ab6be465621a4d1,8,Observed2011,Train,https://www.inven.co.kr/webzine/news/?news=86951,2000,삼성,임창용,Pitcher,8,8
SEASON_6dab9a792bbe6e00459c,5,Observed2011,Holdout,https://www.inven.co.kr/webzine/news/?news=86951,2000,삼성,정경배,Hitter,8,7
SEASON_fde21d3ddd138ba95925,6,Observed2011,Train,https://www.inven.co.kr/webzine/news/?news=86951,2000,삼성,진갑용,Hitter,6,5
SEASON_facbe9944294caa10d48,3,Observed2011,Train,https://www.inven.co.kr/webzine/news/?news=86951,2000,삼성,최창양,Pitcher,4,4
SEASON_32a9055ea5c3dc2ba424,8,Observed2011,Train,https://www.inven.co.kr/webzine/news/?news=86951,2000,삼성,프랑코,Hitter,8,8
SEASON_22444b42cb26d1798781,3,Observed2011,Holdout,https://www.inven.co.kr/webzine/news/?news=86966,2000,현대,김민범,Pitcher,1,1
SEASON_6f84bf0c414c42dd01d7,8,Observed2011,Holdout,https://www.inven.co.kr/webzine/news/?news=86966,2000,현대,김수경,Pitcher,8,8
SEASON_4728c65b173896094e86,5,Observed2011,Train,https://www.inven.co.kr/webzine/news/?news=86966,2000,현대,마일영,Pitcher,6,6
SEASON_379fcf2ee32173bb5e21,9,Observed2011,Train,https://www.inven.co.kr/webzine/news/?news=86966,2000,현대,박경완,Hitter,8,9
SEASON_e2dd57e2b97b3bb1dbfe,6,Observed2011,Validation,https://www.inven.co.kr/webzine/news/?news=86966,2000,현대,박장희,Pitcher,8,8
SEASON_16d505d353ca10ce5ac7,10,Observed2011,Validation,https://www.inven.co.kr/webzine/news/?news=86966,2000,현대,박재홍,Hitter,10,9
SEASON_23d448f28d908357c6fe,7,Observed2011,Train,https://www.inven.co.kr/webzine/news/?news=86966,2000,현대,박종호,Hitter,8,8
SEASON_93348cce8aa2033873ed,5,Observed2011,Train,https://www.inven.co.kr/webzine/news/?news=86966,2000,현대,박진만,Hitter,8,7
SEASON_ff95a4ce5225d7b421db,5,Observed2011,Train,https://www.inven.co.kr/webzine/news/?news=86966,2000,현대,신철인,Pitcher,5,5
SEASON_c31dd49d6148672eddf7,7,Observed2011,Train,https://www.inven.co.kr/webzine/news/?news=86966,2000,현대,심재학,Hitter,8,7
SEASON_a3330bde4cf577106229,7,Observed2011,Validation,https://www.inven.co.kr/webzine/news/?news=86966,2000,현대,위재영,Pitcher,8,8
SEASON_13e02c842b24bae5df0f,4,Observed2011,Train,https://www.inven.co.kr/webzine/news/?news=86966,2000,현대,이명수,Hitter,6,5
SEASON_32207ec886afe53a53ca,6,Observed2011,Validation,https://www.inven.co.kr/webzine/news/?news=86966,2000,현대,이숭용,Hitter,7,6
SEASON_6c8559da00e51722f374,1,Observed2011,Validation,https://www.inven.co.kr/webzine/news/?news=86966,2000,현대,이용주,Hitter,1,1
SEASON_df00fc8031daf7491ec0,10,Observed2011,Holdout,https://www.inven.co.kr/webzine/news/?news=86966,2000,현대,임선동,Pitcher,9,9
SEASON_02865a0029e1d17be1b6,8,Observed2011,Train,https://www.inven.co.kr/webzine/news/?news=86966,2000,현대,전준호,Hitter,6,6
SEASON_2f02884fee0850f74479,4,Observed2011,Train,https://www.inven.co.kr/webzine/news/?news=86966,2000,현대,전준호,Pitcher,5,5
SEASON_0383307944d7a08106a9,5,Observed2011,Validation,https://www.inven.co.kr/webzine/news/?news=86966,2000,현대,정명원,Pitcher,6,6
SEASON_0568fc818c72c66a8561,9,Observed2011,Train,https://www.inven.co.kr/webzine/news/?news=86966,2000,현대,정민태,Pitcher,9,9
SEASON_27a17e6b2ebedbf73a17,5,Observed2011,Holdout,https://www.inven.co.kr/webzine/news/?news=86966,2000,현대,조웅천,Pitcher,8,8
SEASON_1f42fc487aaa347b2abd,8,Observed2011,Validation,https://www.inven.co.kr/webzine/news/?news=86966,2000,현대,퀸란,Hitter,8,8
SEASON_7a7ae1e8272e345cf4e1,8,Observed2011,Train,https://www.inven.co.kr/webzine/news/?news=86951,2001,삼성,갈베스,Pitcher,8,8
SEASON_1cfcd54b56e453fbf04b,5,Observed2011,Holdout,https://www.inven.co.kr/webzine/news/?news=86951,2001,삼성,강동우,Hitter,6,5
SEASON_4c622c45559727027e0d,5,Observed2011,Holdout,https://www.inven.co.kr/webzine/news/?news=86951,2001,삼성,김승관,Hitter,1,1
SEASON_02579e07aa2c6bd9f0f2,6,Observed2011,Train,https://www.inven.co.kr/webzine/news/?news=86951,2001,삼성,김진웅,Pitcher,8,8
SEASON_55f53e589f5b45dc7837,6,Observed2011,Train,https://www.inven.co.kr/webzine/news/?news=86951,2001,삼성,김한수,Hitter,8,8
SEASON_b8a666cf9010f5c15026,5,Observed2011,Validation,https://www.inven.co.kr/webzine/news/?news=86951,2001,삼성,김현욱,Pitcher,7,7
SEASON_ad8cf1c105414b531c36,5,Observed2011,Train,https://www.inven.co.kr/webzine/news/?news=86951,2001,삼성,리베라,Pitcher,6,6
SEASON_6c8a5bc41a55d88e1361,9,Observed2011,Holdout,https://www.inven.co.kr/webzine/news/?news=86951,2001,삼성,마르티네스,Hitter,8,8
SEASON_8cdbde86604b8dd04e29,7,Observed2011,Validation,https://www.inven.co.kr/webzine/news/?news=86951,2001,삼성,마해영,Hitter,10,9
SEASON_b317f1c391a243848b93,4,Observed2011,Train,https://www.inven.co.kr/webzine/news/?news=86951,2001,삼성,박정환,Hitter,5,5
SEASON_fcf3c61ff87775fe5145,7,Observed2011,Train,https://www.inven.co.kr/webzine/news/?news=86951,2001,삼성,박한이,Hitter,8,7
SEASON_7c2ac72f8a4c194328ae,8,Observed2011,Train,https://www.inven.co.kr/webzine/news/?news=86951,2001,삼성,배영수,Pitcher,8,8
SEASON_aae52499488f9fe64e1b,6,Observed2011,Train,https://www.inven.co.kr/webzine/news/?news=86951,2001,삼성,이승엽,Hitter,10,9
SEASON_c5f7f88f7df782d0c127,4,Observed2011,Validation,https://www.inven.co.kr/webzine/news/?news=86951,2001,삼성,이용훈,Pitcher,5,5
SEASON_4586915714f9247f6d0d,3,Observed2011,Validation,https://www.inven.co.kr/webzine/news/?news=86951,2001,삼성,이정호,Pitcher,1,1
SEASON_b8499719034c91f7cee0,7,Observed2011,Train,https://www.inven.co.kr/webzine/news/?news=86951,2001,삼성,임창용,Pitcher,9,9
SEASON_e190b9a1841e842b5635,5,Observed2011,Train,https://www.inven.co.kr/webzine/news/?news=86951,2001,삼성,전병호,Pitcher,4,4
SEASON_a64b783bb508faa17392,6,Observed2011,Train,https://www.inven.co.kr/webzine/news/?news=86951,2001,삼성,진갑용,Hitter,7,6
SEASON_95adcd6a5a6e071d9650,6,Observed2011,Holdout,https://www.inven.co.kr/webzine/news/?news=86951,2002,삼성,강동우,Hitter,8,7
SEASON_ad822161e19c626f869c,5,Observed2011,Holdout,https://www.inven.co.kr/webzine/news/?news=86951,2002,삼성,강영식,Pitcher,6,6
SEASON_e981fbfe6992ddfe954f,3,Observed2011,Train,https://www.inven.co.kr/webzine/news/?news=86951,2002,삼성,김진웅,Pitcher,3,3
SEASON_33bcf6f4ee506687a63e,8,Observed2011,Train,https://www.inven.co.kr/webzine/news/?news=86951,2002,삼성,김한수,Hitter,8,8
SEASON_05f644f34177300716c3,5,Observed2011,Validation,https://www.inven.co.kr/webzine/news/?news=86951,2002,삼성,김현욱,Pitcher,8,8
SEASON_e0779c46ff12a039339f,4,Observed2011,Train,https://www.inven.co.kr/webzine/news/?news=86951,2002,삼성,노병오,Pitcher,5,5
SEASON_9e42d718937d23a73b05,7,Observed2011,Holdout,https://www.inven.co.kr/webzine/news/?news=86951,2002,삼성,노장진,Pitcher,8,8
SEASON_70961ae3e68cdef28e48,7,Observed2011,Validation,https://www.inven.co.kr/webzine/news/?news=86951,2002,삼성,마해영,Hitter,10,10
SEASON_1c13fa577f0ab521077a,5,Observed2011,Train,https://www.inven.co.kr/webzine/news/?news=86951,2002,삼성,박정환,Hitter,6,5
SEASON_f09e7b51ecdccc3f442f,6,Observed2011,Train,https://www.inven.co.kr/webzine/news/?news=86951,2002,삼성,박한이,Hitter,8,7
SEASON_b826d44073b6bdfa7a16,4,Observed2011,Train,https://www.inven.co.kr/webzine/news/?news=86951,2002,삼성,배영수,Pitcher,4,4
SEASON_d485de9c2d56f5707d1c,7,Observed2011,Train,https://www.inven.co.kr/webzine/news/?news=86951,2002,삼성,브리또,Hitter,8,8
SEASON_600615b6740cdd555d64,6,Observed2011,Train,https://www.inven.co.kr/webzine/news/?news=86951,2002,삼성,양준혁,Hitter,8,7
SEASON_f64f954ceb5cca2f8c94,9,Observed2011,Train,https://www.inven.co.kr/webzine/news/?news=86951,2002,삼성,엘비라,Pitcher,8,8
SEASON_9e03f8ead9fc8a7ec65d,4,Observed2011,Train,https://www.inven.co.kr/webzine/news/?news=86951,2002,삼성,오상민,Pitcher,5,5
SEASON_81101c25068ef8987615,9,Observed2011,Train,https://www.inven.co.kr/webzine/news/?news=86951,2002,삼성,이승엽,Hitter,10,10
SEASON_7bc33c92cec1de2f89b3,8,Observed2011,Train,https://www.inven.co.kr/webzine/news/?news=86951,2002,삼성,임창용,Pitcher,10,10
SEASON_4218b7556b34e6b55d9c,4,Observed2011,Train,https://www.inven.co.kr/webzine/news/?news=86951,2002,삼성,전병호,Pitcher,6,6
SEASON_a9ac93c76987718c5a2d,6,Observed2011,Train,https://www.inven.co.kr/webzine/news/?news=86951,2002,삼성,진갑용,Hitter,8,8
SEASON_d3e60611ee5100810847,3,Observed2011,Train,https://www.inven.co.kr/webzine/news/?news=86951,2002,삼성,현재윤,Hitter,2,2
SEASON_26508e8c0e54d83b5eed,4,Observed2011,Holdout,https://www.inven.co.kr/webzine/news/?news=86963,2003,KIA,강철민,Pitcher,5,5
SEASON_31190c8704d28d8afb82,4,Observed2011,Train,https://www.inven.co.kr/webzine/news/?news=86963,2003,KIA,고우석,Pitcher,5,5
SEASON_97333c93ac90941a8708,5,Observed2011,Train,https://www.inven.co.kr/webzine/news/?news=86963,2003,KIA,김경언,Hitter,6,5
SEASON_5663094db2c448825a5c,5,Observed2011,Train,https://www.inven.co.kr/webzine/news/?news=86963,2003,KIA,김상훈,Hitter,7,6
SEASON_11b11a390d81946556ca,6,Observed2011,Train,https://www.inven.co.kr/webzine/news/?news=86963,2003,KIA,김종국,Hitter,8,7
SEASON_46d6ba4153e678f9c23f,9,Observed2011,Train,https://www.inven.co.kr/webzine/news/?news=86963,2003,KIA,김진우,Pitcher,8,8
SEASON_17bba235ee0108c78e07,7,Observed2011,Holdout,https://www.inven.co.kr/webzine/news/?news=86963,2003,KIA,리오스,Pitcher,8,8
SEASON_6fa1d6d15c7a7b3726b3,8,Observed2011,Validation,https://www.inven.co.kr/webzine/news/?news=86963,2003,KIA,박재홍,Hitter,8,8
SEASON_c4c97b0ca91e34c5b89c,3,Observed2011,Train,https://www.inven.co.kr/webzine/news/?news=86963,2003,KIA,서동욱,Hitter,2,2
SEASON_d91c71d6f9a4a3d7047f,5,Observed2011,Train,https://www.inven.co.kr/webzine/news/?news=86963,2003,KIA,신동주,Hitter,5,5
SEASON_04ad4d1b29725b0f5f70,6,Observed2011,Holdout,https://www.inven.co.kr/webzine/news/?news=86963,2003,KIA,신용운,Pitcher,8,8
SEASON_2b1a7a2d36e6592079fe,3,Observed2011,Holdout,https://www.inven.co.kr/webzine/news/?news=86963,2003,KIA,엄정대,Hitter,1,1
SEASON_047e010eca9bc9bc18b6,6,Observed2011,Validation,https://www.inven.co.kr/webzine/news/?news=86963,2003,KIA,오철민,Pitcher,4,4
SEASON_50270e35315e7a1a6d0e,7,Observed2011,Validation,https://www.inven.co.kr/webzine/news/?news=86963,2003,KIA,이강철,Pitcher,7,7
SEASON_06e8ac1bd7ff9242cc88,4,Observed2011,Train,https://www.inven.co.kr/webzine/news/?news=86963,2003,KIA,이원식,Pitcher,5,5
SEASON_75a248a246d5bfc02d3c,9,Observed2011,Train,https://www.inven.co.kr/webzine/news/?news=86963,2003,KIA,이종범,Hitter,10,9
SEASON_a9f5c827a026853d7572,5,Observed2011,Validation,https://www.inven.co.kr/webzine/news/?news=86963,2003,KIA,이현곤,Hitter,6,6
SEASON_8a4d2d35781e8f6a64a6,9,Observed2011,Train,https://www.inven.co.kr/webzine/news/?news=86963,2003,KIA,장성호,Hitter,10,9
SEASON_183cea0fc071d9d896d9,6,Observed2011,Train,https://www.inven.co.kr/webzine/news/?news=86963,2003,KIA,존슨,Pitcher,6,6
SEASON_4bbfafb1899f0413f4ee,5,Observed2011,Holdout,https://www.inven.co.kr/webzine/news/?news=86963,2003,KIA,진필중,Pitcher,6,6
SEASON_1c72298b65937408ffb6,8,Observed2011,Train,https://www.inven.co.kr/webzine/news/?news=86963,2003,KIA,최상덕,Pitcher,8,8
SEASON_9ec3060d308d8283a6cc,8,Observed2011,Train,https://www.inven.co.kr/webzine/news/?news=86963,2003,KIA,홍세완,Hitter,8,8
SEASON_8b57040a0a849542a33f,6,Observed2011,Holdout,https://www.inven.co.kr/webzine/news/?news=86951,2003,삼성,강동우,Hitter,8,6
SEASON_4dbf4ddfa89efe4616ed,4,Observed2011,Holdout,https://www.inven.co.kr/webzine/news/?news=86951,2003,삼성,강영식,Pitcher,4,4
SEASON_56718dbec5f9879c6c5c,4,Observed2011,Holdout,https://www.inven.co.kr/webzine/news/?news=86951,2003,삼성,권오준,Pitcher,4,4
SEASON_3777ba0d89161b5770c0,5,Observed2011,Train,https://www.inven.co.kr/webzine/news/?news=86951,2003,삼성,김진웅,Pitcher,8,8
SEASON_3edf911de2b6f5309569,7,Observed2011,Train,https://www.inven.co.kr/webzine/news/?news=86951,2003,삼성,김한수,Hitter,8,8
SEASON_cc7fbe9e61cdebc0edd1,6,Observed2011,Validation,https://www.inven.co.kr/webzine/news/?news=86951,2003,삼성,김현욱,Pitcher,8,8
SEASON_aa0aa6b50e46d51184b9,5,Observed2011,Holdout,https://www.inven.co.kr/webzine/news/?news=86951,2003,삼성,노장진,Pitcher,6,6
SEASON_54ad6a7f53a013babd47,3,Observed2011,Train,https://www.inven.co.kr/webzine/news/?news=86951,2003,삼성,라이언,Pitcher,4,4
SEASON_f44bd6bf5072effee18e,6,Observed2011,Validation,https://www.inven.co.kr/webzine/news/?news=86951,2003,삼성,마해영,Hitter,10,9
SEASON_e1ef3fbc2b42033036a1,4,Observed2011,Train,https://www.inven.co.kr/webzine/news/?news=86951,2003,삼성,박정환,Hitter,4,4
SEASON_13a151a73737ca7ce57a,8,Observed2011,Train,https://www.inven.co.kr/webzine/news/?news=86951,2003,삼성,박한이,Hitter,8,8
SEASON_ca738c84f115882721cb,8,Observed2011,Train,https://www.inven.co.kr/webzine/news/?news=86951,2003,삼성,배영수,Pitcher,8,8
SEASON_9002db78cda864d960ad,6,Observed2011,Train,https://www.inven.co.kr/webzine/news/?news=86951,2003,삼성,브리또,Hitter,8,7
SEASON_0f90886bb9a2a47e6469,3,Observed2011,Train,https://www.inven.co.kr/webzine/news/?news=86951,2003,삼성,안지만,Pitcher,1,1
SEASON_723e7ce60bd053b126ba,8,Observed2011,Train,https://www.inven.co.kr/webzine/news/?news=86951,2003,삼성,양준혁,Hitter,10,9
SEASON_09e2bc4ba10fbaf74543,4,Observed2011,Train,https://www.inven.co.kr/webzine/news/?news=86951,2003,삼성,오상민,Pitcher,6,6
SEASON_66479db7712f170e5030,7,Observed2011,Train,https://www.inven.co.kr/webzine/news/?news=86951,2003,삼성,임창용,Pitcher,8,8
SEASON_7b23d9710198894e6335,4,Observed2011,Train,https://www.inven.co.kr/webzine/news/?news=86951,2003,삼성,전병호,Pitcher,6,6
SEASON_637043662edf620414e7,6,Observed2011,Train,https://www.inven.co.kr/webzine/news/?news=86951,2003,삼성,진갑용,Hitter,8,8
SEASON_58160d0ffadd7890a7d1,5,Observed2011,Holdout,https://www.inven.co.kr/webzine/news/?news=86951,2004,삼성,강동우,Hitter,8,7
SEASON_846860f2967354b498a1,3,Observed2011,Holdout,https://www.inven.co.kr/webzine/news/?news=86951,2004,삼성,강영식,Pitcher,1,1
SEASON_8cb63da9f50b662bcc7c,6,Observed2011,Holdout,https://www.inven.co.kr/webzine/news/?news=86951,2004,삼성,권오준,Pitcher,8,8
SEASON_cf1d19290b205a7da8e2,4,Observed2011,Train,https://www.inven.co.kr/webzine/news/?news=86951,2004,삼성,권혁,Pitcher,6,6
SEASON_675627e336d368ab329a,4,Observed2011,Train,https://www.inven.co.kr/webzine/news/?news=86951,2004,삼성,김덕윤,Pitcher,3,3
SEASON_6a6aed86792cc5508dfd,5,Observed2011,Holdout,https://www.inven.co.kr/webzine/news/?news=86951,2004,삼성,김종훈,Hitter,6,6
SEASON_1d903c4bbe9edd7599d3,5,Observed2011,Train,https://www.inven.co.kr/webzine/news/?news=86951,2004,삼성,김진웅,Pitcher,7,7
SEASON_13b153d65ea3f65b2cc5,7,Observed2011,Train,https://www.inven.co.kr/webzine/news/?news=86951,2004,삼성,김한수,Hitter,8,8
SEASON_9c57d309089ae0659d2e,4,Observed2011,Train,https://www.inven.co.kr/webzine/news/?news=86951,2004,삼성,박석진,Pitcher,7,7
SEASON_f50eea9e05e7f98a5682,6,Observed2011,Train,https://www.inven.co.kr/webzine/news/?news=86951,2004,삼성,박종호,Hitter,8,7
SEASON_a1da8f101fd0975dabb8,8,Observed2011,Train,https://www.inven.co.kr/webzine/news/?news=86951,2004,삼성,박한이,Hitter,8,8
SEASON_d4d877d2e6727e2066e2,8,Observed2011,Train,https://www.inven.co.kr/webzine/news/?news=86951,2004,삼성,배영수,Pitcher,9,9
SEASON_aafe44c637eda1e90c95,8,Observed2011,Train,https://www.inven.co.kr/webzine/news/?news=86951,2004,삼성,양준혁,Hitter,10,9
SEASON_883605aa8eadb76332f4,4,Observed2011,Train,https://www.inven.co.kr/webzine/news/?news=86951,2004,삼성,오리어리,Hitter,6,5
SEASON_f44d901d577ee57f4ce3,5,Observed2011,Train,https://www.inven.co.kr/webzine/news/?news=86951,2004,삼성,오상민,Pitcher,4,4
SEASON_aebe19c11281310ac65e,7,Observed2011,Train,https://www.inven.co.kr/webzine/news/?news=86951,2004,삼성,임창용,Pitcher,7,7
SEASON_b984fce93d0d44367d61,5,Observed2011,Holdout,https://www.inven.co.kr/webzine/news/?news=86951,2004,삼성,정현욱,Pitcher,6,6
SEASON_b6d28c52fd00e771971b,5,Observed2011,Train,https://www.inven.co.kr/webzine/news/?news=86951,2004,삼성,조동찬,Hitter,6,5
SEASON_cf20704df362d3efd6d8,6,Observed2011,Train,https://www.inven.co.kr/webzine/news/?news=86951,2004,삼성,진갑용,Hitter,8,8
SEASON_fa034214fdbf95483726,6,Observed2011,Train,https://www.inven.co.kr/webzine/news/?news=86951,2004,삼성,호지스,Pitcher,8,8
SEASON_d721aed1125d8ba615b1,5,Observed2011,Holdout,https://www.inven.co.kr/webzine/news/?news=86951,2005,삼성,강동우,Hitter,6,6
SEASON_11d92419df96564d4465,5,Observed2011,Holdout,https://www.inven.co.kr/webzine/news/?news=86951,2005,삼성,강영식,Pitcher,3,3
SEASON_b726c595bee95e11f11d,5,Observed2011,Holdout,https://www.inven.co.kr/webzine/news/?news=86951,2005,삼성,권오준,Pitcher,7,7
SEASON_440efc6a4d035ea34ccc,7,Observed2011,Train,https://www.inven.co.kr/webzine/news/?news=86951,2005,삼성,김한수,Hitter,8,8
SEASON_661c0a82e9dbeb412847,4,Observed2011,Train,https://www.inven.co.kr/webzine/news/?news=86951,2005,삼성,바르가스,Pitcher,6,6
SEASON_e21bd414ee65976b0e80,4,Observed2011,Train,https://www.inven.co.kr/webzine/news/?news=86951,2005,삼성,박석진,Pitcher,6,6
SEASON_05f8fbb0620c83042827,5,Observed2011,Train,https://www.inven.co.kr/webzine/news/?news=86951,2005,삼성,박종호,Hitter,7,6
SEASON_bf49dee0310b434baf22,6,Observed2011,Train,https://www.inven.co.kr/webzine/news/?news=86951,2005,삼성,박진만,Hitter,6,5
SEASON_005b274fe4a1a539d689,8,Observed2011,Train,https://www.inven.co.kr/webzine/news/?news=86951,2005,삼성,박한이,Hitter,8,8
SEASON_d52b5aab917ea9649a78,9,Observed2011,Train,https://www.inven.co.kr/webzine/news/?news=86951,2005,삼성,배영수,Pitcher,9,9
SEASON_286421044693deb11c12,8,Observed2011,Train,https://www.inven.co.kr/webzine/news/?news=86951,2005,삼성,심정수,Hitter,8,8
SEASON_890defe7ceb27583d3c9,4,Observed2011,Train,https://www.inven.co.kr/webzine/news/?news=86951,2005,삼성,안지만,Pitcher,6,6
SEASON_2642dc5d6b10c9491a9a,5,Observed2011,Train,https://www.inven.co.kr/webzine/news/?news=86951,2005,삼성,양준혁,Hitter,8,7
SEASON_6efbd3a4dec01f731b5f,8,Observed2011,Train,https://www.inven.co.kr/webzine/news/?news=86951,2005,삼성,오승환,Pitcher,8,8
SEASON_7e50b1fc183e4aa9f342,5,Observed2011,Train,https://www.inven.co.kr/webzine/news/?news=86951,2005,삼성,임동규,Pitcher,6,6
SEASON_a8de3d1aa9ce484b7ceb,4,Observed2011,Train,https://www.inven.co.kr/webzine/news/?news=86951,2005,삼성,전병호,Pitcher,7,7
SEASON_5a59cece2724bfc95bd8,7,Observed2011,Train,https://www.inven.co.kr/webzine/news/?news=86951,2005,삼성,조동찬,Hitter,8,7
SEASON_89093c8194f4454ae29f,6,Observed2011,Train,https://www.inven.co.kr/webzine/news/?news=86951,2005,삼성,진갑용,Hitter,7,7
SEASON_eee73023c3ab7863bf7f,5,Observed2011,Validation,https://www.inven.co.kr/webzine/news/?news=86951,2005,삼성,하리칼라,Pitcher,5,5
SEASON_c9793c96975a570cad3d,5,Observed2011,Holdout,https://www.inven.co.kr/webzine/news/?news=86951,2006,삼성,강봉규,Hitter,4,4
SEASON_c26169af899e698159db,4,Observed2011,Holdout,https://www.inven.co.kr/webzine/news/?news=86951,2006,삼성,강영식,Pitcher,3,3
SEASON_2026e84132b51892d114,6,Observed2011,Holdout,https://www.inven.co.kr/webzine/news/?news=86951,2006,삼성,권오준,Pitcher,8,8
SEASON_07f561863f5b41aca836,4,Observed2011,Train,https://www.inven.co.kr/webzine/news/?news=86951,2006,삼성,권혁,Pitcher,1,1
SEASON_dfb5d58276069aa6bcc6,6,Observed2011,Validation,https://www.inven.co.kr/webzine/news/?news=86951,2006,삼성,김창희,Hitter,6,5
SEASON_675ca07cda20d36616d0,6,Observed2011,Train,https://www.inven.co.kr/webzine/news/?news=86951,2006,삼성,김한수,Hitter,7,6
SEASON_80f58e468feae21b6e51,5,Observed2011,Train,https://www.inven.co.kr/webzine/news/?news=86951,2006,삼성,박종호,Hitter,5,4
SEASON_f09d587bc351f9202416,8,Observed2011,Train,https://www.inven.co.kr/webzine/news/?news=86951,2006,삼성,박진만,Hitter,8,8
SEASON_acb31d2507c5cedf78fb,7,Observed2011,Train,https://www.inven.co.kr/webzine/news/?news=86951,2006,삼성,박한이,Hitter,8,8
SEASON_7954bc4465efce39e288,6,Observed2011,Train,https://www.inven.co.kr/webzine/news/?news=86951,2006,삼성,배영수,Pitcher,8,8
SEASON_d4e90fcc6d372a412f57,8,Observed2011,Train,https://www.inven.co.kr/webzine/news/?news=86951,2006,삼성,브라운,Pitcher,8,8
SEASON_9a43bd493490583fffd5,8,Observed2011,Train,https://www.inven.co.kr/webzine/news/?news=86951,2006,삼성,양준혁,Hitter,10,9
SEASON_3dc40c96df18881396c5,4,Observed2011,Train,https://www.inven.co.kr/webzine/news/?news=86951,2006,삼성,오상민,Pitcher,3,3
SEASON_bcafd08defb349600390,9,Observed2011,Train,https://www.inven.co.kr/webzine/news/?news=86951,2006,삼성,오승환,Pitcher,8,8
SEASON_db9e41c0bd4995542ba5,5,Observed2011,Train,https://www.inven.co.kr/webzine/news/?news=86951,2006,삼성,임동규,Pitcher,8,8
SEASON_eb390d194096ec73c867,4,Observed2011,Train,https://www.inven.co.kr/webzine/news/?news=86951,2006,삼성,전병호,Pitcher,7,7
SEASON_f20b2ff15f37728493ae,8,Observed2011,Train,https://www.inven.co.kr/webzine/news/?news=86951,2006,삼성,조동찬,Hitter,8,7
SEASON_fa6da83d2f2eb1340e8c,7,Observed2011,Train,https://www.inven.co.kr/webzine/news/?news=86951,2006,삼성,진갑용,Hitter,8,7
SEASON_a643a5753b3a45bcb1b9,7,Observed2011,Validation,https://www.inven.co.kr/webzine/news/?news=86951,2006,삼성,하리칼라,Pitcher,8,8
SEASON_b85a830e47ece199f7c1,5,Observed2011,Holdout,https://www.inven.co.kr/webzine/news/?news=86951,2007,삼성,강봉규,Hitter,5,4
SEASON_0002f574a0e6cebf5118,6,Observed2011,Holdout,https://www.inven.co.kr/webzine/news/?news=86951,2007,삼성,권오준,Pitcher,4,4
SEASON_f3fd794388caf6bb6af3,7,Observed2011,Train,https://www.inven.co.kr/webzine/news/?news=86951,2007,삼성,권혁,Pitcher,6,6
SEASON_7549c91d6da5e6c83c21,5,Observed2011,Train,https://www.inven.co.kr/webzine/news/?news=86951,2007,삼성,김재걸,Hitter,6,5
SEASON_0b0a8698d77fdcffb1c4,4,Observed2011,Validation,https://www.inven.co.kr/webzine/news/?news=86951,2007,삼성,김창희,Hitter,5,5
SEASON_db48fb41b4fd5703b79a,6,Observed2011,Train,https://www.inven.co.kr/webzine/news/?news=86951,2007,삼성,매존,Pitcher,8,8
SEASON_3386694b0b25798c39d6,8,Observed2011,Train,https://www.inven.co.kr/webzine/news/?news=86951,2007,삼성,박진만,Hitter,8,7
SEASON_f09f587b16c238323749,6,Observed2011,Train,https://www.inven.co.kr/webzine/news/?news=86951,2007,삼성,박한이,Hitter,7,6
SEASON_b2df06146fad91999993,6,Observed2011,Train,https://www.inven.co.kr/webzine/news/?news=86951,2007,삼성,브라운,Pitcher,8,8
SEASON_9012ef847f656feb048a,6,Observed2011,Train,https://www.inven.co.kr/webzine/news/?news=86951,2007,삼성,신명철,Hitter,7,6
SEASON_d26be21efe6c56ecb444,10,Observed2011,Train,https://www.inven.co.kr/webzine/news/?news=86951,2007,삼성,심정수,Hitter,8,8
SEASON_6d11a45e7954f0d6f26c,5,Observed2011,Train,https://www.inven.co.kr/webzine/news/?news=86951,2007,삼성,안지만,Pitcher,7,7
SEASON_f02ca3bef90cbd4a1286,8,Observed2011,Train,https://www.inven.co.kr/webzine/news/?news=86951,2007,삼성,양준혁,Hitter,10,10
SEASON_228ebe82fe4b44c2fe28,8,Observed2011,Train,https://www.inven.co.kr/webzine/news/?news=86951,2007,삼성,오승환,Pitcher,8,8
SEASON_20945c7ce088876c3188,4,Observed2011,Train,https://www.inven.co.kr/webzine/news/?news=86951,2007,삼성,윤성환,Pitcher,6,6
SEASON_c2a40efcb241e718c1cf,5,Observed2011,Train,https://www.inven.co.kr/webzine/news/?news=86951,2007,삼성,임창용,Pitcher,6,6
SEASON_4f7d4e89b897955a7716,5,Observed2011,Train,https://www.inven.co.kr/webzine/news/?news=86951,2007,삼성,전병호,Pitcher,8,8
SEASON_a68cb55840d1172b1db8,4,Observed2011,Validation,https://www.inven.co.kr/webzine/news/?news=86951,2007,삼성,조현근,Pitcher,6,6
SEASON_aa2fe170b4849908b6f1,4,Observed2011,Train,https://www.inven.co.kr/webzine/news/?news=86951,2007,삼성,진갑용,Hitter,7,6
SEASON_f23b43fac1ea78dbf436,4,Observed2011,Validation,https://www.inven.co.kr/webzine/news/?news=86951,2007,삼성,차우찬,Pitcher,3,3
SEASON_84d8c325a015ea06690f,5,Observed2011,Validation,https://www.inven.co.kr/webzine/news/?news=86963,2007,한화,고동진,Hitter,7,6
SEASON_74c3d0258342f29fb751,6,Observed2011,Train,https://www.inven.co.kr/webzine/news/?news=86963,2007,한화,구대성,Pitcher,5,5
SEASON_6704dd06e59b9cb3d740,5,Observed2011,Train,https://www.inven.co.kr/webzine/news/?news=86963,2007,한화,권준헌,Pitcher,4,4
SEASON_11e07a14b451ce478bd2,6,Observed2011,Train,https://www.inven.co.kr/webzine/news/?news=86963,2007,한화,김민재,Hitter,7,6
SEASON_f0d253f571c55fc85c91,8,Observed2011,Holdout,https://www.inven.co.kr/webzine/news/?news=86963,2007,한화,김태균,Hitter,8,8
SEASON_ae079a58dfe797b691e4,4,Observed2011,Train,https://www.inven.co.kr/webzine/news/?news=86963,2007,한화,김태완,Hitter,4,3
SEASON_133b6cbb40e1172040fc,10,Observed2011,Train,https://www.inven.co.kr/webzine/news/?news=86963,2007,한화,류현진,Pitcher,9,9
SEASON_468b13ee3b0e14327a71,6,Observed2011,Holdout,https://www.inven.co.kr/webzine/news/?news=86963,2007,한화,문동환,Pitcher,6,6
SEASON_4d8f560aff764ab38e42,7,Observed2011,Validation,https://www.inven.co.kr/webzine/news/?news=86963,2007,한화,세드릭,Pitcher,7,7
SEASON_cbfc04b26d76767b8dd2,5,Observed2011,Train,https://www.inven.co.kr/webzine/news/?news=86963,2007,한화,송진우,Pitcher,4,4
SEASON_f335cd402d2d653f8171,5,Observed2011,Train,https://www.inven.co.kr/webzine/news/?news=86963,2007,한화,신경현,Hitter,5,5
SEASON_deea7e0481acedb5cf88,5,Observed2011,Train,https://www.inven.co.kr/webzine/news/?news=86963,2007,한화,안영명,Pitcher,7,7
SEASON_c64b252006edede247a2,4,Observed2011,Train,https://www.inven.co.kr/webzine/news/?news=86963,2007,한화,양훈,Pitcher,5,5
SEASON_0328b3872202c6e0130b,8,Observed2011,Validation,https://www.inven.co.kr/webzine/news/?news=86963,2007,한화,이범호,Hitter,8,8
SEASON_762f1459e4745d2e210a,9,Observed2011,Train,https://www.inven.co.kr/webzine/news/?news=86963,2007,한화,정민철,Pitcher,9,9
SEASON_5ccc1a0136fa61207ce5,4,Observed2011,Validation,https://www.inven.co.kr/webzine/news/?news=86963,2007,한화,정민혁,Pitcher,3,3
SEASON_e1acf573624b563479e1,4,Observed2011,Validation,https://www.inven.co.kr/webzine/news/?news=86963,2007,한화,조성민,Pitcher,4,4
SEASON_4b2972a2f4d5fe52bf6f,5,Observed2011,Train,https://www.inven.co.kr/webzine/news/?news=86963,2007,한화,조원우,Hitter,6,6
SEASON_6037637d200fa1978022,8,Observed2011,Validation,https://www.inven.co.kr/webzine/news/?news=86963,2007,한화,크루즈,Hitter,10,9
SEASON_0e270be2faa1bd99843a,5,Observed2011,Train,https://www.inven.co.kr/webzine/news/?news=86963,2007,한화,한상훈,Hitter,6,5
SEASON_be9a6ed1c8aca392b76f,9,Observed2011,Validation,https://www.inven.co.kr/webzine/news/?news=86963,2008,롯데,가르시아,Hitter,9,9
SEASON_c0c11dbca54d390a765f,8,Observed2011,Holdout,https://www.inven.co.kr/webzine/news/?news=86963,2008,롯데,강민호,Hitter,8,8
SEASON_72012cc1763001bd17d0,7,Observed2011,Holdout,https://www.inven.co.kr/webzine/news/?news=86963,2008,롯데,강영식,Pitcher,6,6
SEASON_b42dcc47cdfd3348d250,7,Observed2011,Train,https://www.inven.co.kr/webzine/news/?news=86963,2008,롯데,김주찬,Hitter,8,7
SEASON_b967ec0e0419d38ef820,5,Observed2011,Validation,https://www.inven.co.kr/webzine/news/?news=86963,2008,롯데,나승현,Pitcher,4,4
SEASON_340c7a580cb5a4d83a6b,5,Observed2011,Train,https://www.inven.co.kr/webzine/news/?news=86963,2008,롯데,매클레리,Pitcher,6,6
SEASON_9287525ccccff1d69fb5,7,Observed2011,Validation,https://www.inven.co.kr/webzine/news/?news=86963,2008,롯데,박기혁,Hitter,7,6
SEASON_25b20fee4e1ea106f19b,5,Observed2011,Validation,https://www.inven.co.kr/webzine/news/?news=86963,2008,롯데,박현승,Hitter,4,4
SEASON_24dcb2af3ed3dd440e05,5,Observed2011,Train,https://www.inven.co.kr/webzine/news/?news=86963,2008,롯데,배장호,Pitcher,4,4
SEASON_9a334aa87cbf91633b5d,10,Observed2011,Train,https://www.inven.co.kr/webzine/news/?news=86963,2008,롯데,손민한,Pitcher,9,9
SEASON_dec1423ae96eb99f3d58,8,Observed2011,Train,https://www.inven.co.kr/webzine/news/?news=86963,2008,롯데,송승준,Pitcher,8,8
SEASON_db760b37baf191be6517,6,Observed2011,Train,https://www.inven.co.kr/webzine/news/?news=86963,2008,롯데,이대호,Hitter,8,8
SEASON_1a78c900071a289ec12d,5,Observed2011,Validation,https://www.inven.co.kr/webzine/news/?news=86963,2008,롯데,이용훈,Pitcher,6,6
SEASON_5a6a4425d251b857d965,5,Observed2011,Train,https://www.inven.co.kr/webzine/news/?news=86963,2008,롯데,이인구,Hitter,5,4
SEASON_5b12e39ee0f281b3fb1a,6,Observed2011,Train,https://www.inven.co.kr/webzine/news/?news=86963,2008,롯데,임경완,Pitcher,4,4
SEASON_8175edd51e1206f11da3,8,Observed2011,Train,https://www.inven.co.kr/webzine/news/?news=86963,2008,롯데,장원준,Pitcher,8,8
SEASON_7099db8812c1214a7b4f,6,Observed2011,Train,https://www.inven.co.kr/webzine/news/?news=86963,2008,롯데,정수근,Hitter,6,6
SEASON_0d32685f234e53a95c0c,10,Observed2011,Train,https://www.inven.co.kr/webzine/news/?news=86963,2008,롯데,조성환,Hitter,9,9
SEASON_781a70e8c472e2a31acc,7,Observed2011,Holdout,https://www.inven.co.kr/webzine/news/?news=86963,2008,롯데,조정훈,Pitcher,7,7
SEASON_26249d2da97acd2d468a,6,Observed2011,Holdout,https://www.inven.co.kr/webzine/news/?news=86963,2008,롯데,최향남,Pitcher,5,5
SEASON_4f3bed03b45a1e4933ba,5,Observed2011,Holdout,https://www.inven.co.kr/webzine/news/?news=86951,2008,삼성,강봉규,Hitter,5,4
SEASON_2913636d794b9a1f1440,5,Observed2011,Validation,https://www.inven.co.kr/webzine/news/?news=86951,2008,삼성,권오원,Pitcher,5,5
SEASON_0e552c9dc4d9d60fdf83,8,Observed2011,Train,https://www.inven.co.kr/webzine/news/?news=86951,2008,삼성,권혁,Pitcher,6,6
SEASON_a35f0830eee294391bbe,7,Observed2011,Holdout,https://www.inven.co.kr/webzine/news/?news=86951,2008,삼성,박석민,Hitter,8,7
SEASON_fabb165cf354fcdb716b,6,Observed2011,Train,https://www.inven.co.kr/webzine/news/?news=86951,2008,삼성,박진만,Hitter,7,6
SEASON_ba6593c57817c8ac4054,6,Observed2011,Train,https://www.inven.co.kr/webzine/news/?news=86951,2008,삼성,박한이,Hitter,8,7
SEASON_85050bb89ac3198eba97,5,Observed2011,Train,https://www.inven.co.kr/webzine/news/?news=86951,2008,삼성,배영수,Pitcher,7,7
SEASON_26cdc3984288219f2bc0,5,Observed2011,Train,https://www.inven.co.kr/webzine/news/?news=86951,2008,삼성,신명철,Hitter,4,4
SEASON_7d207aa3e1ec4d55474d,5,Observed2011,Train,https://www.inven.co.kr/webzine/news/?news=86951,2008,삼성,안지만,Pitcher,6,6
SEASON_a7de3b4b2863964c86b1,5,Observed2011,Train,https://www.inven.co.kr/webzine/news/?news=86951,2008,삼성,양준혁,Hitter,8,7
SEASON_db9ace92033380d2ed89,4,Observed2011,Validation,https://www.inven.co.kr/webzine/news/?news=86951,2008,삼성,오버뮬러,Pitcher,5,5
SEASON_044338dee4c2eeca6419,8,Observed2011,Train,https://www.inven.co.kr/webzine/news/?news=86951,2008,삼성,오승환,Pitcher,7,7
SEASON_de7d02787f281dac2c0c,7,Observed2011,Train,https://www.inven.co.kr/webzine/news/?news=86951,2008,삼성,윤성환,Pitcher,8,8
SEASON_8046c2abb24917175228,5,Observed2011,Train,https://www.inven.co.kr/webzine/news/?news=86951,2008,삼성,이상목,Pitcher,7,7
SEASON_fa109f4787a636ad9214,2,Observed2011,Validation,https://www.inven.co.kr/webzine/news/?news=86951,2008,삼성,이영욱,Hitter,1,1
SEASON_366147d0c2f6c27b2f03,5,Observed2011,Train,https://www.inven.co.kr/webzine/news/?news=86951,2008,삼성,전병호,Pitcher,5,5
SEASON_38518c6dc5500becfec9,8,Observed2011,Holdout,https://www.inven.co.kr/webzine/news/?news=86951,2008,삼성,정현욱,Pitcher,8,8
SEASON_96d14fdded66cd062014,5,Observed2011,Validation,https://www.inven.co.kr/webzine/news/?news=86951,2008,삼성,조현근,Pitcher,4,4
SEASON_51f37e916666bc244cf7,8,Observed2011,Train,https://www.inven.co.kr/webzine/news/?news=86951,2008,삼성,진갑용,Hitter,7,6
SEASON_2632ee4e4b9289701737,6,Observed2011,Train,https://www.inven.co.kr/webzine/news/?news=86951,2008,삼성,채태인,Hitter,6,6
SEASON_78b86f5ddb136efc5a8f,8,Observed2011,Train,https://www.inven.co.kr/webzine/news/?news=86951,2008,삼성,최형우,Hitter,8,8
SEASON_11e92a21031f8cfc1b45,6,Observed2011,Train,https://www.inven.co.kr/webzine/news/?news=86963,2008,한화,구대성,Pitcher,5,5
SEASON_85e303c130b3ddab19c8,7,Observed2011,Train,https://www.inven.co.kr/webzine/news/?news=86963,2008,한화,김민재,Hitter,6,6
SEASON_33ce20a0e1df49e85216,10,Observed2011,Holdout,https://www.inven.co.kr/webzine/news/?news=86963,2008,한화,김태균,Hitter,10,10
SEASON_3037a7f90d8b0f85f12e,6,Observed2011,Train,https://www.inven.co.kr/webzine/news/?news=86963,2008,한화,김태완,Hitter,8,8
SEASON_746421674a2f9f78c0cb,6,Observed2011,Train,https://www.inven.co.kr/webzine/news/?news=86963,2008,한화,김혁민,Pitcher,5,5
SEASON_26fe4e6c860818bc9bc8,9,Observed2011,Train,https://www.inven.co.kr/webzine/news/?news=86963,2008,한화,류현진,Pitcher,8,8
SEASON_6f7af547ae5be19f85dd,5,Observed2011,Train,https://www.inven.co.kr/webzine/news/?news=86963,2008,한화,마정길,Pitcher,7,7
SEASON_cbc8ec53f280b3d8e361,5,Observed2011,Train,https://www.inven.co.kr/webzine/news/?news=86963,2008,한화,송진우,Pitcher,7,7
SEASON_5310df6ab6f230067e2e,6,Observed2011,Train,https://www.inven.co.kr/webzine/news/?news=86963,2008,한화,신경현,Hitter,6,5
SEASON_afae4d72f1f3c0ae370e,4,Observed2011,Train,https://www.inven.co.kr/webzine/news/?news=86963,2008,한화,양훈,Pitcher,3,3
SEASON_b0121d26b4ddddf06cdb,5,Observed2011,Train,https://www.inven.co.kr/webzine/news/?news=86963,2008,한화,유원상,Pitcher,6,6
SEASON_48113ea390cdbe270026,5,Observed2011,Holdout,https://www.inven.co.kr/webzine/news/?news=86963,2008,한화,윤규진,Pitcher,5,5
SEASON_c01eaaa605d300e1f4e9,8,Observed2011,Validation,https://www.inven.co.kr/webzine/news/?news=86963,2008,한화,이범호,Hitter,8,8
SEASON_857ad9094c0982b36aca,5,Observed2011,Train,https://www.inven.co.kr/webzine/news/?news=86963,2008,한화,이여상,Hitter,4,4
SEASON_f7e1e84ef85c0407478a,5,Observed2011,Validation,https://www.inven.co.kr/webzine/news/?news=86963,2008,한화,이영우,Hitter,6,6
SEASON_044d0acc034a8bf82152,5,Observed2011,Train,https://www.inven.co.kr/webzine/news/?news=86963,2008,한화,정민철,Pitcher,7,7
SEASON_4780fcc7206c5446050f,5,Observed2011,Holdout,https://www.inven.co.kr/webzine/news/?news=86963,2008,한화,최영필,Pitcher,6,6
SEASON_20cb72efd2dddc14d2aa,5,Observed2011,Train,https://www.inven.co.kr/webzine/news/?news=86963,2008,한화,추승우,Hitter,6,5
SEASON_cdd9a9a84269b9314227,9,Observed2011,Validation,https://www.inven.co.kr/webzine/news/?news=86963,2008,한화,클락,Hitter,8,8
SEASON_d90ff05310e1be4a11a7,7,Observed2011,Train,https://www.inven.co.kr/webzine/news/?news=86963,2008,한화,토마스,Pitcher,6,6
SEASON_0d9ce1b771d6b9460e17,6,Observed2011,Holdout,https://www.inven.co.kr/webzine/news/?news=86963,2009,KIA,곽정철,Pitcher,7,7
SEASON_ada614da6d12b912b4ee,9,Observed2011,Train,https://www.inven.co.kr/webzine/news/?news=86963,2009,KIA,구톰슨,Pitcher,9,9
SEASON_2693a5d1e0daa1ed7b2f,8,Observed2011,Holdout,https://www.inven.co.kr/webzine/news/?news=86963,2009,KIA,김상현,Hitter,8,9
SEASON_339dd3f89b399fe4c497,6,Observed2011,Train,https://www.inven.co.kr/webzine/news/?news=86963,2009,KIA,김상훈,Hitter,6,6
SEASON_b75558e7ae8bc1bbe211,9,Observed2011,Train,https://www.inven.co.kr/webzine/news/?news=86963,2009,KIA,김원섭,Hitter,8,7
SEASON_3b6d36b1e482d6683571,6,Observed2011,Validation,https://www.inven.co.kr/webzine/news/?news=86963,2009,KIA,나지완,Hitter,8,7
SEASON_32d81810f977bd8d9190,5,Observed2011,Holdout,https://www.inven.co.kr/webzine/news/?news=86963,2009,KIA,박경태,Pitcher,3,3
SEASON_909f1bfeacdcc672ad99,5,Observed2011,Train,https://www.inven.co.kr/webzine/news/?news=86963,2009,KIA,서재응,Pitcher,5,5
SEASON_9475b67f758a948e7677,7,Observed2011,Train,https://www.inven.co.kr/webzine/news/?news=86963,2009,KIA,손영민,Pitcher,8,8
SEASON_4a07f1fed393c49e3dba,5,Observed2011,Validation,https://www.inven.co.kr/webzine/news/?news=86963,2009,KIA,안치홍,Hitter,6,6
SEASON_35d0f095cc1956149ab6,8,Observed2011,Train,https://www.inven.co.kr/webzine/news/?news=86963,2009,KIA,양현종,Pitcher,8,8
SEASON_16d49ecc1f3fe549c22a,5,Observed2011,Validation,https://www.inven.co.kr/webzine/news/?news=86963,2009,KIA,오준형,Pitcher,3,3
SEASON_ce1212864ca3e050f491,8,Observed2011,Train,https://www.inven.co.kr/webzine/news/?news=86963,2009,KIA,유동훈,Pitcher,8,8
SEASON_ba13eadea16fe24f5135,8,Observed2011,Train,https://www.inven.co.kr/webzine/news/?news=86963,2009,KIA,윤석민,Pitcher,8,8
SEASON_99d5dbc6bca52d6c99da,7,Observed2011,Train,https://www.inven.co.kr/webzine/news/?news=86963,2009,KIA,이종범,Hitter,7,6
SEASON_d6d1ab822808bdc491e4,6,Observed2011,Validation,https://www.inven.co.kr/webzine/news/?news=86963,2009,KIA,이현곤,Hitter,6,5
SEASON_967fe465bb3a03d50493,6,Observed2011,Train,https://www.inven.co.kr/webzine/news/?news=86963,2009,KIA,장성호,Hitter,6,5
SEASON_f8f7aec033d575207a0a,7,Observed2011,Train,https://www.inven.co.kr/webzine/news/?news=86963,2009,KIA,최희섭,Hitter,10,9
SEASON_3ac10fcd21d9e738aa7d,6,Observed2011,Train,https://www.inven.co.kr/webzine/news/?news=86963,2009,KIA,한기주,Pitcher,4,4
SEASON_64e2cd62469e945c624f,9,Observed2011,Holdout,https://www.inven.co.kr/webzine/news/?news=86951,2009,삼성,강봉규,Hitter,8,8
SEASON_8ad7f3285fde9d778254,7,Observed2011,Train,https://www.inven.co.kr/webzine/news/?news=86951,2009,삼성,권혁,Pitcher,7,7
SEASON_d61d1de588f441a60000,6,Observed2011,Holdout,https://www.inven.co.kr/webzine/news/?news=86951,2009,삼성,나이트,Pitcher,6,6
SEASON_ddad7df3feb88e68b256,5,Observed2011,Train,https://www.inven.co.kr/webzine/news/?news=86951,2009,삼성,박민규,Pitcher,2,2
SEASON_ee4bb4c6e3d7fc15c0c0,5,Observed2011,Holdout,https://www.inven.co.kr/webzine/news/?news=86951,2009,삼성,박석민,Hitter,8,7
SEASON_2bbddc54c480d19fd6ca,5,Observed2011,Train,https://www.inven.co.kr/webzine/news/?news=86951,2009,삼성,박진만,Hitter,5,4
SEASON_620a8a5bca4d56edc9e9,7,Observed2011,Train,https://www.inven.co.kr/webzine/news/?news=86951,2009,삼성,박한이,Hitter,7,6
SEASON_7bbbf96753182701cb05,5,Observed2011,Train,https://www.inven.co.kr/webzine/news/?news=86951,2009,삼성,배영수,Pitcher,4,4
SEASON_12999d783156f067275a,8,Observed2011,Train,https://www.inven.co.kr/webzine/news/?news=86951,2009,삼성,신명철,Hitter,8,8
SEASON_17f652365ef73669b21c,4,Observed2011,Train,https://www.inven.co.kr/webzine/news/?news=86951,2009,삼성,안지만,Pitcher,4,4
SEASON_d3f521b843b62ca74ddf,6,Observed2011,Train,https://www.inven.co.kr/webzine/news/?news=86951,2009,삼성,양준혁,Hitter,7,6
SEASON_2b3aa8133b239545e46c,7,Observed2011,Train,https://www.inven.co.kr/webzine/news/?news=86951,2009,삼성,오승환,Pitcher,3,3
SEASON_44e06879c4f451b3cbe2,8,Observed2011,Train,https://www.inven.co.kr/webzine/news/?news=86951,2009,삼성,윤성환,Pitcher,8,8
SEASON_4c27276d79783d239159,6,Observed2011,Holdout,https://www.inven.co.kr/webzine/news/?news=86951,2009,삼성,정현욱,Pitcher,7,7
SEASON_a7c543fe36f84850279c,5,Observed2011,Validation,https://www.inven.co.kr/webzine/news/?news=86951,2009,삼성,차우찬,Pitcher,5,5
SEASON_111cf33c8c2bfb01e7dc,6,Observed2011,Train,https://www.inven.co.kr/webzine/news/?news=86951,2009,삼성,채태인,Hitter,8,7
SEASON_b5e112c302c8c279a820,7,Observed2011,Train,https://www.inven.co.kr/webzine/news/?news=86951,2009,삼성,최형우,Hitter,8,7
SEASON_cef2d6b66bc8f539db92,6,Observed2011,Train,https://www.inven.co.kr/webzine/news/?news=86951,2009,삼성,크루세타,Pitcher,8,8
SEASON_cb86de231cdefc9c79d1,5,Observed2011,Train,https://www.inven.co.kr/webzine/news/?news=86951,2009,삼성,현재윤,Hitter,5,4
SEASON_482b4eb2991451fc1be4,6,Observed2011,Validation,https://www.inven.co.kr/webzine/news/?news=86963,2010,롯데,가르시아,Hitter,8,7
SEASON_ae2e624d6d5dd826d895,7,Observed2011,Holdout,https://www.inven.co.kr/webzine/news/?news=86963,2010,롯데,강민호,Hitter,8,8
SEASON_b8d024969e71bc2d4fc1,6,Observed2011,Holdout,https://www.inven.co.kr/webzine/news/?news=86963,2010,롯데,강영식,Pitcher,5,5
SEASON_1437bc5390529c9e20d2,5,Observed2011,Validation,https://www.inven.co.kr/webzine/news/?news=86963,2010,롯데,김사율,Pitcher,5,5
SEASON_7bd4beff1c952715668b,5,Observed2011,Train,https://www.inven.co.kr/webzine/news/?news=86963,2010,롯데,김수완,Pitcher,6,6
SEASON_f4b5fa475c21799442cb,5,Observed2011,Validation,https://www.inven.co.kr/webzine/news/?news=86963,2010,롯데,김일엽,Pitcher,4,4
SEASON_514998f4e5e95d9fa253,8,Observed2011,Train,https://www.inven.co.kr/webzine/news/?news=86963,2010,롯데,김주찬,Hitter,8,7
SEASON_9f728d6bc1b4acc7194b,5,Observed2011,Train,https://www.inven.co.kr/webzine/news/?news=86963,2010,롯데,배장호,Pitcher,5,5
SEASON_75eaf5833a985f7a48d7,8,Observed2011,Train,https://www.inven.co.kr/webzine/news/?news=86963,2010,롯데,사도스키,Pitcher,8,8
SEASON_a344728a120b988982f9,7,Observed2011,Train,https://www.inven.co.kr/webzine/news/?news=86963,2010,롯데,손아섭,Hitter,8,7
SEASON_bd630152d9066aeb9d16,7,Observed2011,Train,https://www.inven.co.kr/webzine/news/?news=86963,2010,롯데,송승준,Pitcher,8,8
SEASON_fac3170c06d42a27132b,10,Observed2011,Train,https://www.inven.co.kr/webzine/news/?news=86963,2010,롯데,이대호,Hitter,10,10
SEASON_e48a95fea3d46b8b5553,7,Observed2011,Holdout,https://www.inven.co.kr/webzine/news/?news=86963,2010,롯데,이재곤,Pitcher,8,8
SEASON_79555ba50851ffdc3645,5,Observed2011,Train,https://www.inven.co.kr/webzine/news/?news=86963,2010,롯데,이정훈,Pitcher,3,3
SEASON_2739bfd92366d2708375,6,Observed2011,Train,https://www.inven.co.kr/webzine/news/?news=86963,2010,롯데,임경완,Pitcher,5,5
SEASON_d84082e6764ece6cd282,7,Observed2011,Train,https://www.inven.co.kr/webzine/news/?news=86963,2010,롯데,장원준,Pitcher,8,8
SEASON_b8e6c3a56af794b5784f,7,Observed2011,Train,https://www.inven.co.kr/webzine/news/?news=86963,2010,롯데,전준우,Hitter,8,7
SEASON_e0072e2f7948e83091d5,9,Observed2011,Train,https://www.inven.co.kr/webzine/news/?news=86963,2010,롯데,조성환,Hitter,8,8
SEASON_7cf727b2e500236dea86,8,Observed2011,Holdout,https://www.inven.co.kr/webzine/news/?news=86963,2010,롯데,홍성흔,Hitter,10,9
SEASON_22b5a5b35bd7f96dbe1d,5,Observed2011,Train,https://www.inven.co.kr/webzine/news/?news=86963,2010,롯데,황재균,Hitter,5,5
SEASON_f12f5f94c7907f12581c,6,Observed2011,Holdout,https://www.inven.co.kr/webzine/news/?news=86951,2010,삼성,권오준,Pitcher,4,4
SEASON_31e887b8f474b48d30dd,8,Observed2011,Train,https://www.inven.co.kr/webzine/news/?news=86951,2010,삼성,권혁,Pitcher,7,7
SEASON_9a94186260ac6312c848,6,Observed2011,Train,https://www.inven.co.kr/webzine/news/?news=86951,2010,삼성,김상수,Hitter,5,5
SEASON_cdb6fad41af97d8c5723,5,Observed2011,Train,https://www.inven.co.kr/webzine/news/?news=86951,2010,삼성,레딩,Pitcher,4,4
SEASON_8dc675b5cca9ab12c0bb,7,Observed2011,Holdout,https://www.inven.co.kr/webzine/news/?news=86951,2010,삼성,박석민,Hitter,8,8
SEASON_e5ebf0111672a5727866,9,Observed2011,Train,https://www.inven.co.kr/webzine/news/?news=86951,2010,삼성,박한이,Hitter,8,7
SEASON_2be9983d66c6adec4612,6,Observed2011,Train,https://www.inven.co.kr/webzine/news/?news=86951,2010,삼성,배영수,Pitcher,7,7
SEASON_dc26cad944e5849fdb3c,7,Observed2011,Train,https://www.inven.co.kr/webzine/news/?news=86951,2010,삼성,신명철,Hitter,7,6
SEASON_763018015413060ce53f,8,Observed2011,Train,https://www.inven.co.kr/webzine/news/?news=86951,2010,삼성,안지만,Pitcher,8,8
SEASON_cedb97fea2bb8096270a,8,Observed2011,Validation,https://www.inven.co.kr/webzine/news/?news=86951,2010,삼성,이영욱,Hitter,7,6
SEASON_7ca75b5ce8e334095427,5,Observed2011,Validation,https://www.inven.co.kr/webzine/news/?news=86951,2010,삼성,이우선,Pitcher,6,6
SEASON_def37bb5cbb9e5457631,9,Observed2011,Train,https://www.inven.co.kr/webzine/news/?news=86951,2010,삼성,장원삼,Pitcher,8,8
SEASON_0068b414797a769416ec,7,Observed2011,Holdout,https://www.inven.co.kr/webzine/news/?news=86951,2010,삼성,정현욱,Pitcher,6,6
SEASON_44d2ada5ce890f41996d,6,Observed2011,Train,https://www.inven.co.kr/webzine/news/?news=86951,2010,삼성,조동찬,Hitter,7,6
SEASON_4429859297a83ceecc85,5,Observed2011,Train,https://www.inven.co.kr/webzine/news/?news=86951,2010,삼성,진갑용,Hitter,6,6
SEASON_1842b33645d1a3df4458,8,Observed2011,Validation,https://www.inven.co.kr/webzine/news/?news=86951,2010,삼성,차우찬,Pitcher,8,8
SEASON_d224462e56bce6092c50,6,Observed2011,Train,https://www.inven.co.kr/webzine/news/?news=86951,2010,삼성,채태인,Hitter,7,6
SEASON_06adcbf90ee8c29182fe,8,Observed2011,Train,https://www.inven.co.kr/webzine/news/?news=86951,2010,삼성,최형우,Hitter,8,8
SEASON_2dd1514df517ae8ea294,6,Observed2011,Train,https://www.inven.co.kr/webzine/news/?news=86951,2010,삼성,크루세타,Pitcher,6,6
SEASON_a05d65e2545e720e9011,10,Workbook2011,Holdout,https://www.inven.co.kr/webzine/news/?news=86959,2008,SK,김광현,Pitcher,9,9
SEASON_0682b78e9d70b023e0d3,9,Workbook2011,Train,https://www.inven.co.kr/webzine/news/?news=86959,2008,SK,채병용,Pitcher,8,8
SEASON_2d939ec0341a95e2732d,9,Workbook2011,Validation,https://www.inven.co.kr/webzine/news/?news=86959,2008,SK,박재홍,Hitter,10,9
SEASON_2cc5688fc57b98c05093,9,Workbook2011,Train,https://www.inven.co.kr/webzine/news/?news=86959,2008,SK,최정,Hitter,8,8
SEASON_3b234c63e71564e83a38,8,Workbook2011,Validation,https://www.inven.co.kr/webzine/news/?news=86959,2008,SK,정근우,Hitter,8,8
SEASON_647c1feaa45e7a970650,8,Workbook2011,Train,https://www.inven.co.kr/webzine/news/?news=86959,2008,SK,이진영,Hitter,8,7
SEASON_13a084838ec06c121de4,10,Workbook2011,Holdout,https://www.inven.co.kr/webzine/news/?news=86959,2009,SK,김광현,Pitcher,8,8
SEASON_ff09fa00bb8eb87ce384,10,Workbook2011,Validation,https://www.inven.co.kr/webzine/news/?news=86959,2009,SK,정근우,Hitter,8,8
SEASON_1f834e4c9dd1c1e7b9b5,9,Workbook2011,Train,https://www.inven.co.kr/webzine/news/?news=86959,2009,SK,송은범,Pitcher,8,8
SEASON_cf286b89a58cc1728796,9,Workbook2011,Holdout,https://www.inven.co.kr/webzine/news/?news=86959,2009,SK,글로버,Pitcher,8,8
SEASON_b5e866e0b4203775aabd,8,Workbook2011,Train,https://www.inven.co.kr/webzine/news/?news=86959,2009,SK,정대현,Pitcher,7,7
SEASON_88d701045a196d72d219,8,Workbook2011,Holdout,https://www.inven.co.kr/webzine/news/?news=86959,2009,SK,박재상,Hitter,8,8
SEASON_60bc34a4b12e986e9c93,8,Workbook2011,Train,https://www.inven.co.kr/webzine/news/?news=86959,2009,SK,나주환,Hitter,8,7
SEASON_11499d75b2513f4a72c4,9,Workbook2011,Train,https://www.inven.co.kr/webzine/news/?news=86959,2010,두산,김선우,Pitcher,8,8
SEASON_3dd5c4866f5f0a1416aa,9,Workbook2011,Train,https://www.inven.co.kr/webzine/news/?news=86959,2010,두산,히메네스,Pitcher,8,8
SEASON_f7cadb7a36393df5ead2,9,Workbook2011,Train,https://www.inven.co.kr/webzine/news/?news=86959,2010,두산,이종욱,Hitter,8,7
SEASON_9ea6c3baadb37cd1f6fe,8,Workbook2011,Validation,https://www.inven.co.kr/webzine/news/?news=86959,2010,두산,정재훈,Pitcher,8,8
SEASON_6a731a6d531bb1abcda8,8,Workbook2011,Train,https://www.inven.co.kr/webzine/news/?news=86959,2010,두산,김현수,Hitter,10,9
SEASON_36042a3d4356d091f0e7,8,Workbook2011,Validation,https://www.inven.co.kr/webzine/news/?news=86959,2010,두산,최준석,Hitter,8,8
SEASON_aa4582ac47cdc451c18a,8,Workbook2011,Holdout,https://www.inven.co.kr/webzine/news/?news=86959,2010,두산,이성열,Hitter,8,8
SEASON_bde4d98ab6fa52a6b6fe,10,Workbook2011,Train,https://www.inven.co.kr/webzine/news/?news=86959,2008,두산,김현수,Hitter,10,9
SEASON_0028f7afe505798402c1,9,Workbook2011,Train,https://www.inven.co.kr/webzine/news/?news=86959,2008,두산,김동주,Hitter,8,8
SEASON_6a5780dae3b1c0de8750,8,Workbook2011,Train,https://www.inven.co.kr/webzine/news/?news=86959,2008,두산,고영민,Hitter,8,7
SEASON_e7eedbbcefa984183989,8,Workbook2011,Holdout,https://www.inven.co.kr/webzine/news/?news=86959,2008,두산,홍성흔,Hitter,8,8
SEASON_3e37f20055e4cd75cabf,10,Workbook2011,Train,https://www.inven.co.kr/webzine/news/?news=86959,1994,LG,김재현,Hitter,10,9
SEASON_3f7d642e4aceab88021d,9,Workbook2011,Train,https://www.inven.co.kr/webzine/news/?news=86959,1994,LG,정삼흠,Pitcher,9,9
SEASON_46e6a5354ebdd8ee48cb,8,Workbook2011,Holdout,https://www.inven.co.kr/webzine/news/?news=86959,1994,LG,김태원,Pitcher,10,10
SEASON_fb4287284a60227e0463,8,Workbook2011,Train,https://www.inven.co.kr/webzine/news/?news=86959,1994,LG,김용수,Pitcher,7,7
SEASON_3d1dec1e9c398a11e3b5,8,Workbook2011,Validation,https://www.inven.co.kr/webzine/news/?news=86959,1994,LG,서용빈,Hitter,8,8
SEASON_9d3deaa3e98ba048438f,8,Workbook2011,Validation,https://www.inven.co.kr/webzine/news/?news=86959,1994,LG,노찬엽,Hitter,8,7
SEASON_46ca4147b2b3a5709d38,9,Workbook2011,Train,https://www.inven.co.kr/webzine/news/?news=86959,2007,LG,박용택,Hitter,8,8
SEASON_a50bf8b6e236400c38a1,8,Workbook2011,Train,https://www.inven.co.kr/webzine/news/?news=86959,2007,LG,박명환,Pitcher,8,8
SEASON_5d1f6d4f0c213404fc8f,10,Workbook2011,Train,https://www.inven.co.kr/webzine/news/?news=86963&site=bm,2009,KIA,로페즈,Pitcher,10,10
SEASON_ada614da6d12b912b4ee,9,Workbook2011,Train,https://www.inven.co.kr/webzine/news/?news=86963&site=bm,2009,KIA,구톰슨,Pitcher,9,9
SEASON_b75558e7ae8bc1bbe211,9,Workbook2011,Train,https://www.inven.co.kr/webzine/news/?news=86963&site=bm,2009,KIA,김원섭,Hitter,8,7
SEASON_ba13eadea16fe24f5135,8,Workbook2011,Train,https://www.inven.co.kr/webzine/news/?news=86963&site=bm,2009,KIA,윤석민,Pitcher,8,8
SEASON_35d0f095cc1956149ab6,8,Workbook2011,Train,https://www.inven.co.kr/webzine/news/?news=86963&site=bm,2009,KIA,양현종,Pitcher,8,8
SEASON_2693a5d1e0daa1ed7b2f,8,Workbook2011,Holdout,https://www.inven.co.kr/webzine/news/?news=86963&site=bm,2009,KIA,김상현,Hitter,8,9
SEASON_46d6ba4153e678f9c23f,9,Workbook2011,Train,https://www.inven.co.kr/webzine/news/?news=86963&site=bm,2003,KIA,김진우,Pitcher,8,8
SEASON_75a248a246d5bfc02d3c,9,Workbook2011,Train,https://www.inven.co.kr/webzine/news/?news=86963&site=bm,2003,KIA,이종범,Hitter,10,9
SEASON_8a4d2d35781e8f6a64a6,9,Workbook2011,Train,https://www.inven.co.kr/webzine/news/?news=86963&site=bm,2003,KIA,장성호,Hitter,10,9
SEASON_1c72298b65937408ffb6,8,Workbook2011,Train,https://www.inven.co.kr/webzine/news/?news=86963&site=bm,2003,KIA,최상덕,Pitcher,8,8
SEASON_6fa1d6d15c7a7b3726b3,8,Workbook2011,Validation,https://www.inven.co.kr/webzine/news/?news=86963&site=bm,2003,KIA,박재홍,Hitter,8,8
SEASON_9ec3060d308d8283a6cc,8,Workbook2011,Train,https://www.inven.co.kr/webzine/news/?news=86963&site=bm,2003,KIA,홍세완,Hitter,8,8
SEASON_9a334aa87cbf91633b5d,10,Workbook2011,Train,https://www.inven.co.kr/webzine/news/?news=86963&site=bm,2008,롯데,손민한,Pitcher,9,9
SEASON_0d32685f234e53a95c0c,10,Workbook2011,Train,https://www.inven.co.kr/webzine/news/?news=86963&site=bm,2008,롯데,조성환,Hitter,9,9
SEASON_be9a6ed1c8aca392b76f,9,Workbook2011,Validation,https://www.inven.co.kr/webzine/news/?news=86963&site=bm,2008,롯데,가르시아,Hitter,9,9
SEASON_dec1423ae96eb99f3d58,8,Workbook2011,Train,https://www.inven.co.kr/webzine/news/?news=86963&site=bm,2008,롯데,송승준,Pitcher,8,8
SEASON_8175edd51e1206f11da3,8,Workbook2011,Train,https://www.inven.co.kr/webzine/news/?news=86963&site=bm,2008,롯데,장원준,Pitcher,8,8
SEASON_c0c11dbca54d390a765f,8,Workbook2011,Holdout,https://www.inven.co.kr/webzine/news/?news=86963&site=bm,2008,롯데,강민호,Hitter,8,8
SEASON_fac3170c06d42a27132b,10,Workbook2011,Train,https://www.inven.co.kr/webzine/news/?news=86963&site=bm,2010,롯데,이대호,Hitter,10,10
SEASON_e0072e2f7948e83091d5,9,Workbook2011,Train,https://www.inven.co.kr/webzine/news/?news=86963&site=bm,2010,롯데,조성환,Hitter,8,8
SEASON_75eaf5833a985f7a48d7,8,Workbook2011,Train,https://www.inven.co.kr/webzine/news/?news=86963&site=bm,2010,롯데,사도스키,Pitcher,8,8
SEASON_514998f4e5e95d9fa253,8,Workbook2011,Train,https://www.inven.co.kr/webzine/news/?news=86963&site=bm,2010,롯데,김주찬,Hitter,8,7
SEASON_7cf727b2e500236dea86,8,Workbook2011,Holdout,https://www.inven.co.kr/webzine/news/?news=86963&site=bm,2010,롯데,홍성흔,Hitter,10,9
SEASON_133b6cbb40e1172040fc,10,Workbook2011,Train,https://www.inven.co.kr/webzine/news/?news=86963&site=bm,2007,한화,류현진,Pitcher,9,9
SEASON_762f1459e4745d2e210a,9,Workbook2011,Train,https://www.inven.co.kr/webzine/news/?news=86963&site=bm,2007,한화,정민철,Pitcher,9,9
SEASON_6037637d200fa1978022,8,Workbook2011,Validation,https://www.inven.co.kr/webzine/news/?news=86963&site=bm,2007,한화,크루즈,Hitter,10,9
SEASON_f0d253f571c55fc85c91,8,Workbook2011,Holdout,https://www.inven.co.kr/webzine/news/?news=86963&site=bm,2007,한화,김태균,Hitter,8,8
SEASON_0328b3872202c6e0130b,8,Workbook2011,Validation,https://www.inven.co.kr/webzine/news/?news=86963&site=bm,2007,한화,이범호,Hitter,8,8
SEASON_d54a57f8b238dcae2b5c,9,Workbook2011,Validation,https://www.inven.co.kr/webzine/news/?news=86963&site=bm,1994,태평양,정명원,Pitcher,8,8
SEASON_24e408f4ab486c162055,8,Workbook2011,Holdout,https://www.inven.co.kr/webzine/news/?news=86963&site=bm,1994,태평양,김홍집,Pitcher,8,8
SEASON_bfe417187cb979c1b711,8,Workbook2011,Train,https://www.inven.co.kr/webzine/news/?news=86963&site=bm,1994,태평양,최상덕,Pitcher,8,8
SEASON_a44883a51438ad2efafa,8,Workbook2011,Train,https://www.inven.co.kr/webzine/news/?news=86963&site=bm,1994,태평양,윤덕규,Hitter,8,8
SEASON_48898c8ee4717e6202a9,8,Workbook2011,Holdout,https://www.inven.co.kr/webzine/news/?news=86963&site=bm,1994,태평양,김경기,Hitter,8,9
SEASON_d4d877d2e6727e2066e2,8,Workbook2011,Train,https://www.inven.co.kr/webzine/news/?news=86966,2004,삼성,배영수,Pitcher,9,9
SEASON_a1da8f101fd0975dabb8,8,Workbook2011,Train,https://www.inven.co.kr/webzine/news/?news=86966,2004,삼성,박한이,Hitter,8,8
SEASON_aafe44c637eda1e90c95,8,Workbook2011,Train,https://www.inven.co.kr/webzine/news/?news=86966,2004,삼성,양준혁,Hitter,10,9
SEASON_6130030f823d3c59b473,10,Workbook2011,Train,https://www.inven.co.kr/webzine/news/?news=86966,1997,삼성,양준혁,Hitter,10,10
SEASON_b6c393e6ced7d620d410,9,Workbook2011,Train,https://www.inven.co.kr/webzine/news/?news=86966,1997,삼성,최익성,Hitter,10,9
SEASON_d032a3b307127e3b5947,9,Workbook2011,Train,https://www.inven.co.kr/webzine/news/?news=86966,1997,삼성,이승엽,Hitter,10,10
SEASON_94a0c3e8b9b486a4ff9b,9,Workbook2011,Train,https://www.inven.co.kr/webzine/news/?news=86966,1997,삼성,신동주,Hitter,10,9
SEASON_737f09e07ec06f698dca,8,Workbook2011,Holdout,https://www.inven.co.kr/webzine/news/?news=86966,1997,삼성,박충식,Pitcher,8,8
SEASON_21ebb44d55ed95e17a1c,8,Workbook2011,Train,https://www.inven.co.kr/webzine/news/?news=86966,1997,삼성,김상엽,Pitcher,8,8
SEASON_af59fd7bbdcd3fbbe0f6,8,Workbook2011,Train,https://www.inven.co.kr/webzine/news/?news=86966,1997,삼성,김태한,Pitcher,8,8
SEASON_b299a54413529e54a49f,8,Workbook2011,Train,https://www.inven.co.kr/webzine/news/?news=86966,1997,삼성,김한수,Hitter,8,8
SEASON_9f3d4de58072582bd506,8,Workbook2011,Holdout,https://www.inven.co.kr/webzine/news/?news=86966,1997,삼성,정경배,Hitter,8,8
SEASON_df00fc8031daf7491ec0,10,Workbook2011,Holdout,https://www.inven.co.kr/webzine/news/?news=86966,2000,현대,임선동,Pitcher,9,9
SEASON_16d505d353ca10ce5ac7,10,Workbook2011,Validation,https://www.inven.co.kr/webzine/news/?news=86966,2000,현대,박재홍,Hitter,10,9
SEASON_0568fc818c72c66a8561,9,Workbook2011,Train,https://www.inven.co.kr/webzine/news/?news=86966,2000,현대,정민태,Pitcher,9,9
SEASON_379fcf2ee32173bb5e21,9,Workbook2011,Train,https://www.inven.co.kr/webzine/news/?news=86966,2000,현대,박경완,Hitter,8,9
SEASON_6f84bf0c414c42dd01d7,8,Workbook2011,Holdout,https://www.inven.co.kr/webzine/news/?news=86966,2000,현대,김수경,Pitcher,8,8
SEASON_1f42fc487aaa347b2abd,8,Workbook2011,Validation,https://www.inven.co.kr/webzine/news/?news=86966,2000,현대,퀸란,Hitter,8,8
SEASON_ce5671ac334d2ae85ed3,10,Workbook2011,Train,https://www.inven.co.kr/webzine/news/?news=86966,1998,현대,정민태,Pitcher,10,10
SEASON_9510c428c897f257a0d0,10,Workbook2011,Validation,https://www.inven.co.kr/webzine/news/?news=86966,1998,현대,정명원,Pitcher,10,10
SEASON_57e5e54abda7ad29a950,9,Workbook2011,Holdout,https://www.inven.co.kr/webzine/news/?news=86966,1998,현대,김수경,Pitcher,8,8
SEASON_229848643da140d7b4b5,9,Workbook2011,Train,https://www.inven.co.kr/webzine/news/?news=86966,1998,현대,전준호,Hitter,8,8
SEASON_14cf3437bd9d5e5f1c04,9,Workbook2011,Validation,https://www.inven.co.kr/webzine/news/?news=86966,1998,현대,박재홍,Hitter,8,8
SEASON_084d47484f73838a59a7,9,Workbook2011,Train,https://www.inven.co.kr/webzine/news/?news=86966,1998,현대,쿨바,Hitter,10,9
SEASON_d81b68f61f1815e2a5e2,8,Workbook2011,Holdout,https://www.inven.co.kr/webzine/news/?news=86966,1998,현대,최원호,Pitcher,8,8
SEASON_f06d15f96f678099f0a4,8,Workbook2011,Train,https://www.inven.co.kr/webzine/news/?news=86966,1998,현대,스트롱,Pitcher,6,6
SEASON_49b130b47153fdc7e11e,10,Workbook2011,Train,https://www.inven.co.kr/webzine/news/?news=86966,1997,해태,이대진,Pitcher,9,9
SEASON_0e57d0e0eb4acbe09c94,10,Workbook2011,Train,https://www.inven.co.kr/webzine/news/?news=86966,1997,해태,이종범,Hitter,10,10
SEASON_4b22b41fc15f47cbb598,9,Workbook2011,Validation,https://www.inven.co.kr/webzine/news/?news=86966,1997,해태,이강철,Pitcher,9,9
SEASON_e2c5c5dc5afaa68ec107,8,Workbook2011,Train,https://www.inven.co.kr/webzine/news/?news=86966,1997,해태,임창용,Pitcher,8,8
SEASON_443bc7c966fb1d53127d,8,Workbook2011,Holdout,https://www.inven.co.kr/webzine/news/?news=86966,1997,해태,홍현우,Hitter,8,8
SEASON_6cb9fe8b249a625889cd,8,Workbook2011,Train,https://www.inven.co.kr/webzine/news/?news=86966,1997,해태,최훈재,Hitter,8,7
SEASON_5095d29ee4416c1cbde1,10,Workbook2011,Validation,https://www.inven.co.kr/webzine/news/?news=86966,1995,OB,김상진,Pitcher,10,10
SEASON_53419b60d19ec1266410,9,Workbook2011,Train,https://www.inven.co.kr/webzine/news/?news=86966,1995,OB,권명철,Pitcher,9,9
SEASON_f7b84e7b216676e4ad20,9,Workbook2011,Train,https://www.inven.co.kr/webzine/news/?news=86966,1995,OB,김상호,Hitter,10,9
SEASON_dcb02f0b4ff190e49c0f,8,Workbook2011,Train,https://www.inven.co.kr/webzine/news/?news=86966,1995,OB,심정수,Hitter,8,8
SEASON_dcdfa612665d2683f3f4,8,Workbook2011,Holdout,https://www.inven.co.kr/webzine/news/?news=86966,1996,쌍방울,성영재,Pitcher,9,9
SEASON_10d214b0a50b9368d77d,8,Workbook2011,Train,https://www.inven.co.kr/webzine/news/?news=86966,1996,쌍방울,조규제,Pitcher,6,6
SEASON_291f0e4dda518b7c6850,8,Workbook2011,Holdout,https://www.inven.co.kr/webzine/news/?news=86966,1996,쌍방울,김광림,Hitter,8,8
SEASON_3a3d08d1fd358ffebe79,8,Workbook2013-11-15,Holdout,https://www.inven.co.kr/webzine/news/?news=107123,2006,두산,리오스,Pitcher,9,9
SEASON_a39cdb27061127f38653,8,Workbook2013-11-15,Validation,https://www.inven.co.kr/webzine/news/?news=107123,2011,두산,니퍼트,Pitcher,10,10
SEASON_39c9d4ab76b1107ca023,7,Workbook2013-11-15,Train,https://www.inven.co.kr/webzine/news/?news=107123,2011,두산,김선우,Pitcher,9,9
SEASON_018de0a8f651d0b8f6fd,8,Workbook2013-11-15,Train,https://www.inven.co.kr/webzine/news/?news=107123,2013,두산,오현택,Pitcher,7,7
SEASON_85f95020b83a4fcfc356,8,Workbook2013-11-15,Train,https://www.inven.co.kr/webzine/news/?news=107123,2008,두산,이재우,Pitcher,8,8
SEASON_c85a0049c900b43825cf,7,Workbook2013-11-15,Train,https://www.inven.co.kr/webzine/news/?news=107123,2012,두산,홍상삼,Pitcher,6,6
SEASON_88279dc8e042fc509964,5,Workbook2013-11-15,Train,https://www.inven.co.kr/webzine/news/?news=107123,1999,두산,이혜천,Pitcher,7,7
SEASON_dbb5182a659c94d8c01d,8,Workbook2013-11-15,Holdout,https://www.inven.co.kr/webzine/news/?news=107123,1999,두산,진필중,Pitcher,8,8
SEASON_8fcd8520c7f1f5b3b1ce,7,Workbook2013-11-15,Holdout,https://www.inven.co.kr/webzine/news/?news=107123,2012,두산,프록터,Pitcher,6,6
SEASON_3052df2893dafd931997,8,Workbook2013-11-15,Train,https://www.inven.co.kr/webzine/news/?news=107123,1995,LG,이상훈,Pitcher,10,10
SEASON_ab4fa35600547fa2a1b8,8,Workbook2013-11-15,Holdout,https://www.inven.co.kr/webzine/news/?news=107123,1990,LG,김태원,Pitcher,10,10
SEASON_06da680de6b96ed998b4,8,Workbook2013-11-15,Validation,https://www.inven.co.kr/webzine/news/?news=107123,2013,LG,리즈,Pitcher,9,9
SEASON_2f37170383bffc49c072,8,Workbook2013-11-15,Train,https://www.inven.co.kr/webzine/news/?news=107123,2001,LG,신윤호,Pitcher,8,8
SEASON_20f117e4bedf303d0e25,7,Workbook2013-11-15,Train,https://www.inven.co.kr/webzine/news/?news=107123,2002,LG,이동현,Pitcher,8,8
SEASON_e1f2fdabea4819f5c2f2,4,Workbook2013-11-15,Train,https://www.inven.co.kr/webzine/news/?news=107123,2008,LG,이범준,Pitcher,5,5
SEASON_7acc2d7c76e68ad70058,8,Workbook2013-11-15,Train,https://www.inven.co.kr/webzine/news/?news=107123,1993,LG,김용수,Pitcher,8,8
SEASON_a3cb783a6d2019ede671,8,Workbook2013-11-15,Train,https://www.inven.co.kr/webzine/news/?news=107123,2013,LG,봉중근,Pitcher,7,7
SEASON_8448de91aa5e131e67c5,8,Workbook2013-11-15,Holdout,https://www.inven.co.kr/webzine/news/?news=107123,1985,삼성,김일융,Pitcher,9,9
SEASON_6840de0aeb942aea0991,8,Workbook2013-11-15,Train,https://www.inven.co.kr/webzine/news/?news=107123,1985,삼성,김시진,Pitcher,10,10
SEASON_d4d877d2e6727e2066e2,8,Workbook2013-11-15,Train,https://www.inven.co.kr/webzine/news/?news=107123,2004,삼성,배영수,Pitcher,9,9
SEASON_f88a072dd5029d1cb616,8,Workbook2013-11-15,Holdout,https://www.inven.co.kr/webzine/news/?news=107123,1982,삼성,이선희,Pitcher,9,9
SEASON_def37bb5cbb9e5457631,7,Workbook2013-11-15,Train,https://www.inven.co.kr/webzine/news/?news=107123,2010,삼성,장원삼,Pitcher,8,8
SEASON_56f62c8e33394061c74d,8,Workbook2013-11-15,Train,https://www.inven.co.kr/webzine/news/?news=107123,1990,삼성,김상엽,Pitcher,8,8
SEASON_8ad7f3285fde9d778254,7,Workbook2013-11-15,Train,https://www.inven.co.kr/webzine/news/?news=107123,2009,삼성,권혁,Pitcher,7,7
SEASON_f4b7639ceb44127e3181,7,Workbook2013-11-15,Train,https://www.inven.co.kr/webzine/news/?news=107123,2012,삼성,안지만,Pitcher,7,7
SEASON_4b69e0a16e81f0f90253,5,Workbook2013-11-15,Train,https://www.inven.co.kr/webzine/news/?news=107123,1983,삼성,권영호,Pitcher,8,8
SEASON_1835fd10df389fe5f835,8,Workbook2013-11-15,Train,https://www.inven.co.kr/webzine/news/?news=107123,1999,삼성,임창용,Pitcher,10,10
SEASON_6b77af24d459943f0f8d,8,Workbook2013-11-15,Train,https://www.inven.co.kr/webzine/news/?news=107123,2011,삼성,오승환,Pitcher,7,7
SEASON_e66618554fa7f52a9181,8,Workbook2013-11-15,Holdout,https://www.inven.co.kr/webzine/news/?news=107123,2004,KIA,리오스,Pitcher,9,9
SEASON_3189fb44331be923cfa3,8,Workbook2013-11-15,Train,https://www.inven.co.kr/webzine/news/?news=107123,2011,KIA,윤석민,Pitcher,10,10
SEASON_04ad4d1b29725b0f5f70,7,Workbook2013-11-15,Holdout,https://www.inven.co.kr/webzine/news/?news=107123,2003,KIA,신용운,Pitcher,8,8
SEASON_439eabb941ef196b9e7b,7,Workbook2013-11-15,Train,https://www.inven.co.kr/webzine/news/?news=107123,2008,KIA,한기주,Pitcher,6,6
SEASON_5527f94e86e73e9f463e,8,Workbook2013-11-15,Holdout,https://www.inven.co.kr/webzine/news/?news=107123,2010,SK,김광현,Pitcher,10,10
SEASON_f7684c4d8fb2e09da4e0,8,Workbook2013-11-15,Holdout,https://www.inven.co.kr/webzine/news/?news=107123,2013,SK,세든,Pitcher,9,9
SEASON_571197a645c3f62f2a0f,8,Workbook2013-11-15,Holdout,https://www.inven.co.kr/webzine/news/?news=107123,2007,SK,레이번,Pitcher,8,8
SEASON_50c3fa6fb066f834be64,8,Workbook2013-11-15,Train,https://www.inven.co.kr/webzine/news/?news=107123,2010,SK,카도쿠라,Pitcher,8,8
SEASON_ce3e1ea3ca8deec94f87,7,Workbook2013-11-15,Train,https://www.inven.co.kr/webzine/news/?news=107123,2001,SK,이승호,Pitcher,9,9
SEASON_b3387fc140ba80969578,8,Workbook2013-11-15,Train,https://www.inven.co.kr/webzine/news/?news=107123,2012,SK,박희수,Pitcher,8,8
SEASON_afd4a5ef8f0e1a70a10d,8,Workbook2013-11-15,Train,https://www.inven.co.kr/webzine/news/?news=107123,2011,SK,정우람,Pitcher,8,8
SEASON_d64be1cd976f1516211a,3,Workbook2013-11-15,Train,https://www.inven.co.kr/webzine/news/?news=107123,2013,SK,임경완,Pitcher,2,2
SEASON_dfdc2439e98d398b2f72,8,Workbook2013-11-15,Train,https://www.inven.co.kr/webzine/news/?news=107123,2006,SK,정대현,Pitcher,7,7
SEASON_7666a5a0f22b99829e9c,8,Workbook2013-11-15,Validation,https://www.inven.co.kr/webzine/news/?news=107123,1984,롯데,최동원,Pitcher,10,10
SEASON_365a37742af3cd874699,8,Workbook2013-11-15,Validation,https://www.inven.co.kr/webzine/news/?news=107123,2013,롯데,유먼,Pitcher,9,9
SEASON_93f02663a92eab84e4da,8,Workbook2013-11-15,Train,https://www.inven.co.kr/webzine/news/?news=107123,2005,롯데,손민한,Pitcher,10,10
SEASON_382328cd697da9dd8cb4,8,Workbook2013-11-15,Train,https://www.inven.co.kr/webzine/news/?news=107123,1992,롯데,염종석,Pitcher,10,10
SEASON_75eaf5833a985f7a48d7,7,Workbook2013-11-15,Train,https://www.inven.co.kr/webzine/news/?news=107123,2010,롯데,사도스키,Pitcher,8,8
SEASON_ff067b861e70d7c9205a,7,Workbook2013-11-15,Train,https://www.inven.co.kr/webzine/news/?news=107123,2009,롯데,임경완,Pitcher,7,7
SEASON_29936f407c77c11e8594,7,Workbook2013-11-15,Train,https://www.inven.co.kr/webzine/news/?news=107123,2007,롯데,최대성,Pitcher,6,6
SEASON_72012cc1763001bd17d0,7,Workbook2013-11-15,Holdout,https://www.inven.co.kr/webzine/news/?news=107123,2008,롯데,강영식,Pitcher,6,6
SEASON_3ee93d958599970d9e78,7,Workbook2013-11-15,Train,https://www.inven.co.kr/webzine/news/?news=107123,2013,롯데,이명우,Pitcher,6,6
SEASON_364d72b7ef27ea8a5d02,7,Workbook2013-11-15,Train,https://www.inven.co.kr/webzine/news/?news=107123,2000,롯데,강상수,Pitcher,8,8
SEASON_159a166e72b3a952fa60,7,Workbook2013-11-15,Train,https://www.inven.co.kr/webzine/news/?news=107123,1995,롯데,박동희,Pitcher,7,7
SEASON_3a24606d3778ee8f6cb7,8,Workbook2013-11-15,Holdout,https://www.inven.co.kr/webzine/news/?news=107123,2012,넥센,나이트,Pitcher,10,10
SEASON_9b1ede3d1c67eabb83e3,7,Workbook2013-11-15,Train,https://www.inven.co.kr/webzine/news/?news=107123,2012,넥센,밴헤켄,Pitcher,8,8
SEASON_a519c8b3027820b13bb8,7,Workbook2013-11-15,Validation,https://www.inven.co.kr/webzine/news/?news=107123,2012,넥센,손승락,Pitcher,6,6
SEASON_147a0f3229a92a639a56,8,Workbook2013-11-15,Train,https://www.inven.co.kr/webzine/news/?news=107123,2006,한화,류현진,Pitcher,10,10
SEASON_71ca552ecabd2953dc72,8,Workbook2013-11-15,Train,https://www.inven.co.kr/webzine/news/?news=107123,2013,한화,바티스타,Pitcher,8,8
SEASON_6b17507696f234b6ff2f,8,Workbook2013-11-15,Train,https://www.inven.co.kr/webzine/news/?news=107123,1999,한화,정민철,Pitcher,9,9
SEASON_f8b69642fa82d9b536f5,8,Workbook2013-11-15,Train,https://www.inven.co.kr/webzine/news/?news=107123,1996,한화,구대성,Pitcher,9,9
SEASON_19cbddea4ab9c7e374a1,7,Workbook2013-11-15,Validation,https://www.inven.co.kr/webzine/news/?news=107123,2011,한화,박정진,Pitcher,7,7
SEASON_6cd4ad34051551372839,5,Workbook2013-11-15,Train,https://www.inven.co.kr/webzine/news/?news=107123,2011,한화,마일영,Pitcher,4,4
SEASON_d90ff05310e1be4a11a7,7,Workbook2013-11-15,Train,https://www.inven.co.kr/webzine/news/?news=107123,2008,한화,토마스,Pitcher,6,6
SEASON_8a78dcf426ac6f6678e3,3,Workbook2010-04-06,Validation,https://m.inven.co.kr/webzine/wznews.php?idx=86796&searchwhere=writer&site=bm&svalue=%EA%B3%B5%EB%AF%BC%ED%99%98,2004,두산,문희성,Hitter,2,2
SEASON_105881fe8bfdb80b7d00,1,Workbook2010-04-06,Validation,https://m.inven.co.kr/webzine/wznews.php?idx=86796&searchwhere=writer&site=bm&svalue=%EA%B3%B5%EB%AF%BC%ED%99%98,2006,한화,송광민,Hitter,2,2
SEASON_dcc653b81af7f50315a9,2,Workbook2010-04-06,Train,https://m.inven.co.kr/webzine/wznews.php?idx=86796&searchwhere=writer&site=bm&svalue=%EA%B3%B5%EB%AF%BC%ED%99%98,2008,LG,김용의,Hitter,1,1
SEASON_ff3a7300fc11959c84cc,2,Workbook2010-04-06,Train,https://m.inven.co.kr/webzine/wznews.php?idx=86796&searchwhere=writer&site=bm&svalue=%EA%B3%B5%EB%AF%BC%ED%99%98,2008,SK,김동건,Hitter,2,2
SEASON_17b52f7a8c6767e86dac,3,Workbook2010-04-06,Holdout,https://m.inven.co.kr/webzine/wznews.php?idx=86796&searchwhere=writer&site=bm&svalue=%EA%B3%B5%EB%AF%BC%ED%99%98,2004,삼성,강명구,Hitter,1,1
SEASON_903edb91669733926d06,5,Workbook2010-04-06,Validation,https://m.inven.co.kr/webzine/wznews.php?idx=86796&searchwhere=writer&site=bm&svalue=%EA%B3%B5%EB%AF%BC%ED%99%98,2000,롯데,박현승,Hitter,6,5
SEASON_d6b0544d2aecde73e628,4,Workbook2010-04-06,Train,https://m.inven.co.kr/webzine/wznews.php?idx=86796&searchwhere=writer&site=bm&svalue=%EA%B3%B5%EB%AF%BC%ED%99%98,2002,롯데,조성환,Hitter,5,4
