cardId,year,name,playerType,split,field,sourceUrl,sourceIdentity,reference,before,after
43,2005,강민호,Hitter,Holdout,Cost,https://img.inven.co.kr/image/site_image/bm/dataninfo/playercard/43f.jpg,SEASON_10641f3dabd0d1e2b603,4,5,5
43,2005,강민호,Hitter,Holdout,Contact,https://img.inven.co.kr/image/site_image/bm/dataninfo/playercard/43f.jpg,SEASON_10641f3dabd0d1e2b603,60,38,56
43,2005,강민호,Hitter,Holdout,Power,https://img.inven.co.kr/image/site_image/bm/dataninfo/playercard/43f.jpg,SEASON_10641f3dabd0d1e2b603,52,36,54
43,2005,강민호,Hitter,Holdout,Speed,https://img.inven.co.kr/image/site_image/bm/dataninfo/playercard/43f.jpg,SEASON_10641f3dabd0d1e2b603,55,51,59
43,2005,강민호,Hitter,Holdout,Defense,https://img.inven.co.kr/image/site_image/bm/dataninfo/playercard/43f.jpg,SEASON_10641f3dabd0d1e2b603,71,47,68
43,2005,강민호,Hitter,Holdout,BatterMental,https://img.inven.co.kr/image/site_image/bm/dataninfo/playercard/43f.jpg,SEASON_10641f3dabd0d1e2b603,58,40,56
75,2001,강성우,Hitter,Train,Cost,https://img.inven.co.kr/image/site_image/bm/dataninfo/playercard/75f.jpg,SEASON_7888492eff84816b6536,4,3,3
75,2001,강성우,Hitter,Train,Contact,https://img.inven.co.kr/image/site_image/bm/dataninfo/playercard/75f.jpg,SEASON_7888492eff84816b6536,49,25,38
75,2001,강성우,Hitter,Train,Power,https://img.inven.co.kr/image/site_image/bm/dataninfo/playercard/75f.jpg,SEASON_7888492eff84816b6536,44,25,46
75,2001,강성우,Hitter,Train,Speed,https://img.inven.co.kr/image/site_image/bm/dataninfo/playercard/75f.jpg,SEASON_7888492eff84816b6536,64,50,59
75,2001,강성우,Hitter,Train,Defense,https://img.inven.co.kr/image/site_image/bm/dataninfo/playercard/75f.jpg,SEASON_7888492eff84816b6536,65,54,73
75,2001,강성우,Hitter,Train,BatterMental,https://img.inven.co.kr/image/site_image/bm/dataninfo/playercard/75f.jpg,SEASON_7888492eff84816b6536,56,26,50
91,2000,강인권,Hitter,Train,Cost,https://img.inven.co.kr/image/site_image/bm/dataninfo/playercard/91f.jpg,SEASON_bd079463f7c78f6cd3a2,4,4,4
91,2000,강인권,Hitter,Train,Contact,https://img.inven.co.kr/image/site_image/bm/dataninfo/playercard/91f.jpg,SEASON_bd079463f7c78f6cd3a2,60,44,60
91,2000,강인권,Hitter,Train,Power,https://img.inven.co.kr/image/site_image/bm/dataninfo/playercard/91f.jpg,SEASON_bd079463f7c78f6cd3a2,48,31,51
91,2000,강인권,Hitter,Train,Speed,https://img.inven.co.kr/image/site_image/bm/dataninfo/playercard/91f.jpg,SEASON_bd079463f7c78f6cd3a2,54,55,55
91,2000,강인권,Hitter,Train,Defense,https://img.inven.co.kr/image/site_image/bm/dataninfo/playercard/91f.jpg,SEASON_bd079463f7c78f6cd3a2,66,55,55
91,2000,강인권,Hitter,Train,BatterMental,https://img.inven.co.kr/image/site_image/bm/dataninfo/playercard/91f.jpg,SEASON_bd079463f7c78f6cd3a2,52,57,63
318,2004,김동수,Hitter,Train,Cost,https://img.inven.co.kr/image/site_image/bm/dataninfo/playercard/318f.jpg,SEASON_5e12023342af28383662,4,6,6
318,2004,김동수,Hitter,Train,Contact,https://img.inven.co.kr/image/site_image/bm/dataninfo/playercard/318f.jpg,SEASON_5e12023342af28383662,60,44,60
318,2004,김동수,Hitter,Train,Power,https://img.inven.co.kr/image/site_image/bm/dataninfo/playercard/318f.jpg,SEASON_5e12023342af28383662,51,35,53
318,2004,김동수,Hitter,Train,Speed,https://img.inven.co.kr/image/site_image/bm/dataninfo/playercard/318f.jpg,SEASON_5e12023342af28383662,59,51,59
318,2004,김동수,Hitter,Train,Defense,https://img.inven.co.kr/image/site_image/bm/dataninfo/playercard/318f.jpg,SEASON_5e12023342af28383662,72,59,76
318,2004,김동수,Hitter,Train,BatterMental,https://img.inven.co.kr/image/site_image/bm/dataninfo/playercard/318f.jpg,SEASON_5e12023342af28383662,58,54,61
415,2000,김상훈,Hitter,Train,Cost,https://img.inven.co.kr/image/site_image/bm/dataninfo/playercard/415f.jpg,SEASON_13fdbe1dcbf4ecc5152b,4,4,4
415,2000,김상훈,Hitter,Train,Contact,https://img.inven.co.kr/image/site_image/bm/dataninfo/playercard/415f.jpg,SEASON_13fdbe1dcbf4ecc5152b,54,34,53
415,2000,김상훈,Hitter,Train,Power,https://img.inven.co.kr/image/site_image/bm/dataninfo/playercard/415f.jpg,SEASON_13fdbe1dcbf4ecc5152b,53,34,53
415,2000,김상훈,Hitter,Train,Speed,https://img.inven.co.kr/image/site_image/bm/dataninfo/playercard/415f.jpg,SEASON_13fdbe1dcbf4ecc5152b,53,55,55
415,2000,김상훈,Hitter,Train,Defense,https://img.inven.co.kr/image/site_image/bm/dataninfo/playercard/415f.jpg,SEASON_13fdbe1dcbf4ecc5152b,68,55,55
415,2000,김상훈,Hitter,Train,BatterMental,https://img.inven.co.kr/image/site_image/bm/dataninfo/playercard/415f.jpg,SEASON_13fdbe1dcbf4ecc5152b,61,40,56
416,2001,김상훈,Hitter,Train,Cost,https://img.inven.co.kr/image/site_image/bm/dataninfo/playercard/416f.jpg,SEASON_b7414b6e709bb7d988e2,4,6,6
416,2001,김상훈,Hitter,Train,Contact,https://img.inven.co.kr/image/site_image/bm/dataninfo/playercard/416f.jpg,SEASON_b7414b6e709bb7d988e2,60,44,60
416,2001,김상훈,Hitter,Train,Power,https://img.inven.co.kr/image/site_image/bm/dataninfo/playercard/416f.jpg,SEASON_b7414b6e709bb7d988e2,62,38,56
416,2001,김상훈,Hitter,Train,Speed,https://img.inven.co.kr/image/site_image/bm/dataninfo/playercard/416f.jpg,SEASON_b7414b6e709bb7d988e2,40,46,57
416,2001,김상훈,Hitter,Train,Defense,https://img.inven.co.kr/image/site_image/bm/dataninfo/playercard/416f.jpg,SEASON_b7414b6e709bb7d988e2,74,56,73
416,2001,김상훈,Hitter,Train,BatterMental,https://img.inven.co.kr/image/site_image/bm/dataninfo/playercard/416f.jpg,SEASON_b7414b6e709bb7d988e2,56,47,59
420,2005,김상훈,Hitter,Train,Cost,https://img.inven.co.kr/image/site_image/bm/dataninfo/playercard/420f.jpg,SEASON_3f2085f1be40a06d57d2,4,6,6
420,2005,김상훈,Hitter,Train,Contact,https://img.inven.co.kr/image/site_image/bm/dataninfo/playercard/420f.jpg,SEASON_3f2085f1be40a06d57d2,58,37,55
420,2005,김상훈,Hitter,Train,Power,https://img.inven.co.kr/image/site_image/bm/dataninfo/playercard/420f.jpg,SEASON_3f2085f1be40a06d57d2,66,43,59
420,2005,김상훈,Hitter,Train,Speed,https://img.inven.co.kr/image/site_image/bm/dataninfo/playercard/420f.jpg,SEASON_3f2085f1be40a06d57d2,43,48,57
420,2005,김상훈,Hitter,Train,Defense,https://img.inven.co.kr/image/site_image/bm/dataninfo/playercard/420f.jpg,SEASON_3f2085f1be40a06d57d2,72,56,74
420,2005,김상훈,Hitter,Train,BatterMental,https://img.inven.co.kr/image/site_image/bm/dataninfo/playercard/420f.jpg,SEASON_3f2085f1be40a06d57d2,68,45,58
603,2000,김정민,Hitter,Train,Cost,https://img.inven.co.kr/image/site_image/bm/dataninfo/playercard/603f.jpg,SEASON_2e59f0d1540b7137770e,4,4,4
603,2000,김정민,Hitter,Train,Contact,https://img.inven.co.kr/image/site_image/bm/dataninfo/playercard/603f.jpg,SEASON_2e59f0d1540b7137770e,54,36,54
603,2000,김정민,Hitter,Train,Power,https://img.inven.co.kr/image/site_image/bm/dataninfo/playercard/603f.jpg,SEASON_2e59f0d1540b7137770e,52,33,52
603,2000,김정민,Hitter,Train,Speed,https://img.inven.co.kr/image/site_image/bm/dataninfo/playercard/603f.jpg,SEASON_2e59f0d1540b7137770e,60,55,55
603,2000,김정민,Hitter,Train,Defense,https://img.inven.co.kr/image/site_image/bm/dataninfo/playercard/603f.jpg,SEASON_2e59f0d1540b7137770e,66,55,55
603,2000,김정민,Hitter,Train,BatterMental,https://img.inven.co.kr/image/site_image/bm/dataninfo/playercard/603f.jpg,SEASON_2e59f0d1540b7137770e,58,47,59
1611,2001,양용모,Hitter,Train,Cost,https://img.inven.co.kr/image/site_image/bm/dataninfo/playercard/1611f.jpg,SEASON_270520e968aea0a6ba34,4,4,4
1611,2001,양용모,Hitter,Train,Contact,https://img.inven.co.kr/image/site_image/bm/dataninfo/playercard/1611f.jpg,SEASON_270520e968aea0a6ba34,55,33,52
1611,2001,양용모,Hitter,Train,Power,https://img.inven.co.kr/image/site_image/bm/dataninfo/playercard/1611f.jpg,SEASON_270520e968aea0a6ba34,50,30,51
1611,2001,양용모,Hitter,Train,Speed,https://img.inven.co.kr/image/site_image/bm/dataninfo/playercard/1611f.jpg,SEASON_270520e968aea0a6ba34,71,73,73
1611,2001,양용모,Hitter,Train,Defense,https://img.inven.co.kr/image/site_image/bm/dataninfo/playercard/1611f.jpg,SEASON_270520e968aea0a6ba34,67,55,73
1611,2001,양용모,Hitter,Train,BatterMental,https://img.inven.co.kr/image/site_image/bm/dataninfo/playercard/1611f.jpg,SEASON_270520e968aea0a6ba34,55,42,57
3562,2009,용덕한,Hitter,Train,Cost,https://img.inven.co.kr/image/site_image/bm/dataninfo/playercard/3562f.jpg,SEASON_670e56ecf5761b13ca7e,4,4,4
3562,2009,용덕한,Hitter,Train,Contact,https://img.inven.co.kr/image/site_image/bm/dataninfo/playercard/3562f.jpg,SEASON_670e56ecf5761b13ca7e,47,36,54
3562,2009,용덕한,Hitter,Train,Power,https://img.inven.co.kr/image/site_image/bm/dataninfo/playercard/3562f.jpg,SEASON_670e56ecf5761b13ca7e,49,30,51
3562,2009,용덕한,Hitter,Train,Speed,https://img.inven.co.kr/image/site_image/bm/dataninfo/playercard/3562f.jpg,SEASON_670e56ecf5761b13ca7e,40,48,57
3562,2009,용덕한,Hitter,Train,Defense,https://img.inven.co.kr/image/site_image/bm/dataninfo/playercard/3562f.jpg,SEASON_670e56ecf5761b13ca7e,73,66,79
3562,2009,용덕한,Hitter,Train,BatterMental,https://img.inven.co.kr/image/site_image/bm/dataninfo/playercard/3562f.jpg,SEASON_670e56ecf5761b13ca7e,47,43,57
2863,2004,최기문,Hitter,Train,Cost,https://img.inven.co.kr/image/site_image/bm/dataninfo/playercard/2863f.jpg,SEASON_bf8cce7a8b54640a896a,4,6,6
2863,2004,최기문,Hitter,Train,Contact,https://img.inven.co.kr/image/site_image/bm/dataninfo/playercard/2863f.jpg,SEASON_bf8cce7a8b54640a896a,65,51,64
2863,2004,최기문,Hitter,Train,Power,https://img.inven.co.kr/image/site_image/bm/dataninfo/playercard/2863f.jpg,SEASON_bf8cce7a8b54640a896a,51,37,55
2863,2004,최기문,Hitter,Train,Speed,https://img.inven.co.kr/image/site_image/bm/dataninfo/playercard/2863f.jpg,SEASON_bf8cce7a8b54640a896a,63,62,66
2863,2004,최기문,Hitter,Train,Defense,https://img.inven.co.kr/image/site_image/bm/dataninfo/playercard/2863f.jpg,SEASON_bf8cce7a8b54640a896a,67,69,81
2863,2004,최기문,Hitter,Train,BatterMental,https://img.inven.co.kr/image/site_image/bm/dataninfo/playercard/2863f.jpg,SEASON_bf8cce7a8b54640a896a,57,58,63
3263,2009,강귀태,Hitter,Validation,Cost,https://img.inven.co.kr/image/site_image/bm/dataninfo/playercard/3263f.jpg,SEASON_188053b5b22597ec05a2,5,5,5
3263,2009,강귀태,Hitter,Validation,Contact,https://img.inven.co.kr/image/site_image/bm/dataninfo/playercard/3263f.jpg,SEASON_188053b5b22597ec05a2,56,38,56
3263,2009,강귀태,Hitter,Validation,Power,https://img.inven.co.kr/image/site_image/bm/dataninfo/playercard/3263f.jpg,SEASON_188053b5b22597ec05a2,52,33,52
3263,2009,강귀태,Hitter,Validation,Speed,https://img.inven.co.kr/image/site_image/bm/dataninfo/playercard/3263f.jpg,SEASON_188053b5b22597ec05a2,52,51,60
3263,2009,강귀태,Hitter,Validation,Defense,https://img.inven.co.kr/image/site_image/bm/dataninfo/playercard/3263f.jpg,SEASON_188053b5b22597ec05a2,70,59,76
3263,2009,강귀태,Hitter,Validation,BatterMental,https://img.inven.co.kr/image/site_image/bm/dataninfo/playercard/3263f.jpg,SEASON_188053b5b22597ec05a2,54,47,59
3265,2009,강민호,Hitter,Holdout,Cost,https://img.inven.co.kr/image/site_image/bm/dataninfo/playercard/3265f.jpg,SEASON_7b5f7138c7cc378f5dbf,5,6,6
3265,2009,강민호,Hitter,Holdout,Contact,https://img.inven.co.kr/image/site_image/bm/dataninfo/playercard/3265f.jpg,SEASON_7b5f7138c7cc378f5dbf,56,41,58
3265,2009,강민호,Hitter,Holdout,Power,https://img.inven.co.kr/image/site_image/bm/dataninfo/playercard/3265f.jpg,SEASON_7b5f7138c7cc378f5dbf,69,44,60
3265,2009,강민호,Hitter,Holdout,Speed,https://img.inven.co.kr/image/site_image/bm/dataninfo/playercard/3265f.jpg,SEASON_7b5f7138c7cc378f5dbf,39,47,57
3265,2009,강민호,Hitter,Holdout,Defense,https://img.inven.co.kr/image/site_image/bm/dataninfo/playercard/3265f.jpg,SEASON_7b5f7138c7cc378f5dbf,71,53,72
3265,2009,강민호,Hitter,Holdout,BatterMental,https://img.inven.co.kr/image/site_image/bm/dataninfo/playercard/3265f.jpg,SEASON_7b5f7138c7cc378f5dbf,64,53,61
92,2001,강인권,Hitter,Train,Cost,https://img.inven.co.kr/image/site_image/bm/dataninfo/playercard/92f.jpg,SEASON_3d0643a4ae24c331821b,5,5,5
92,2001,강인권,Hitter,Train,Contact,https://img.inven.co.kr/image/site_image/bm/dataninfo/playercard/92f.jpg,SEASON_3d0643a4ae24c331821b,58,37,55
92,2001,강인권,Hitter,Train,Power,https://img.inven.co.kr/image/site_image/bm/dataninfo/playercard/92f.jpg,SEASON_3d0643a4ae24c331821b,63,39,56
92,2001,강인권,Hitter,Train,Speed,https://img.inven.co.kr/image/site_image/bm/dataninfo/playercard/92f.jpg,SEASON_3d0643a4ae24c331821b,64,49,58
92,2001,강인권,Hitter,Train,Defense,https://img.inven.co.kr/image/site_image/bm/dataninfo/playercard/92f.jpg,SEASON_3d0643a4ae24c331821b,67,48,69
92,2001,강인권,Hitter,Train,BatterMental,https://img.inven.co.kr/image/site_image/bm/dataninfo/playercard/92f.jpg,SEASON_3d0643a4ae24c331821b,63,51,60
316,2002,김동수,Hitter,Train,Cost,https://img.inven.co.kr/image/site_image/bm/dataninfo/playercard/316f.jpg,SEASON_1eafc90c319a71329dc0,5,6,6
316,2002,김동수,Hitter,Train,Contact,https://img.inven.co.kr/image/site_image/bm/dataninfo/playercard/316f.jpg,SEASON_1eafc90c319a71329dc0,59,40,57
316,2002,김동수,Hitter,Train,Power,https://img.inven.co.kr/image/site_image/bm/dataninfo/playercard/316f.jpg,SEASON_1eafc90c319a71329dc0,69,49,63
316,2002,김동수,Hitter,Train,Speed,https://img.inven.co.kr/image/site_image/bm/dataninfo/playercard/316f.jpg,SEASON_1eafc90c319a71329dc0,57,48,58
316,2002,김동수,Hitter,Train,Defense,https://img.inven.co.kr/image/site_image/bm/dataninfo/playercard/316f.jpg,SEASON_1eafc90c319a71329dc0,73,56,74
316,2002,김동수,Hitter,Train,BatterMental,https://img.inven.co.kr/image/site_image/bm/dataninfo/playercard/316f.jpg,SEASON_1eafc90c319a71329dc0,67,53,61
319,2005,김동수,Hitter,Train,Cost,https://img.inven.co.kr/image/site_image/bm/dataninfo/playercard/319f.jpg,SEASON_b8c60fa39955452c8d89,5,5,5
319,2005,김동수,Hitter,Train,Contact,https://img.inven.co.kr/image/site_image/bm/dataninfo/playercard/319f.jpg,SEASON_b8c60fa39955452c8d89,58,30,50
319,2005,김동수,Hitter,Train,Power,https://img.inven.co.kr/image/site_image/bm/dataninfo/playercard/319f.jpg,SEASON_b8c60fa39955452c8d89,68,46,61
319,2005,김동수,Hitter,Train,Speed,https://img.inven.co.kr/image/site_image/bm/dataninfo/playercard/319f.jpg,SEASON_b8c60fa39955452c8d89,60,51,59
319,2005,김동수,Hitter,Train,Defense,https://img.inven.co.kr/image/site_image/bm/dataninfo/playercard/319f.jpg,SEASON_b8c60fa39955452c8d89,71,52,71
319,2005,김동수,Hitter,Train,BatterMental,https://img.inven.co.kr/image/site_image/bm/dataninfo/playercard/319f.jpg,SEASON_b8c60fa39955452c8d89,65,42,57
417,2002,김상훈,Hitter,Train,Cost,https://img.inven.co.kr/image/site_image/bm/dataninfo/playercard/417f.jpg,SEASON_4a5060ae89f319baab44,5,6,6
417,2002,김상훈,Hitter,Train,Contact,https://img.inven.co.kr/image/site_image/bm/dataninfo/playercard/417f.jpg,SEASON_4a5060ae89f319baab44,58,33,52
417,2002,김상훈,Hitter,Train,Power,https://img.inven.co.kr/image/site_image/bm/dataninfo/playercard/417f.jpg,SEASON_4a5060ae89f319baab44,64,38,55
417,2002,김상훈,Hitter,Train,Speed,https://img.inven.co.kr/image/site_image/bm/dataninfo/playercard/417f.jpg,SEASON_4a5060ae89f319baab44,63,51,59
417,2002,김상훈,Hitter,Train,Defense,https://img.inven.co.kr/image/site_image/bm/dataninfo/playercard/417f.jpg,SEASON_4a5060ae89f319baab44,70,57,74
417,2002,김상훈,Hitter,Train,BatterMental,https://img.inven.co.kr/image/site_image/bm/dataninfo/playercard/417f.jpg,SEASON_4a5060ae89f319baab44,63,41,56
418,2003,김상훈,Hitter,Train,Cost,https://img.inven.co.kr/image/site_image/bm/dataninfo/playercard/418f.jpg,SEASON_5663094db2c448825a5c,5,7,7
418,2003,김상훈,Hitter,Train,Contact,https://img.inven.co.kr/image/site_image/bm/dataninfo/playercard/418f.jpg,SEASON_5663094db2c448825a5c,66,54,67
418,2003,김상훈,Hitter,Train,Power,https://img.inven.co.kr/image/site_image/bm/dataninfo/playercard/418f.jpg,SEASON_5663094db2c448825a5c,64,45,61
418,2003,김상훈,Hitter,Train,Speed,https://img.inven.co.kr/image/site_image/bm/dataninfo/playercard/418f.jpg,SEASON_5663094db2c448825a5c,61,51,59
418,2003,김상훈,Hitter,Train,Defense,https://img.inven.co.kr/image/site_image/bm/dataninfo/playercard/418f.jpg,SEASON_5663094db2c448825a5c,71,57,74
418,2003,김상훈,Hitter,Train,BatterMental,https://img.inven.co.kr/image/site_image/bm/dataninfo/playercard/418f.jpg,SEASON_5663094db2c448825a5c,60,57,63
419,2004,김상훈,Hitter,Train,Cost,https://img.inven.co.kr/image/site_image/bm/dataninfo/playercard/419f.jpg,SEASON_3f692b4033a93a25d673,5,7,7
419,2004,김상훈,Hitter,Train,Contact,https://img.inven.co.kr/image/site_image/bm/dataninfo/playercard/419f.jpg,SEASON_3f692b4033a93a25d673,63,49,63
419,2004,김상훈,Hitter,Train,Power,https://img.inven.co.kr/image/site_image/bm/dataninfo/playercard/419f.jpg,SEASON_3f692b4033a93a25d673,66,46,61
419,2004,김상훈,Hitter,Train,Speed,https://img.inven.co.kr/image/site_image/bm/dataninfo/playercard/419f.jpg,SEASON_3f692b4033a93a25d673,60,50,59
419,2004,김상훈,Hitter,Train,Defense,https://img.inven.co.kr/image/site_image/bm/dataninfo/playercard/419f.jpg,SEASON_3f692b4033a93a25d673,71,58,75
419,2004,김상훈,Hitter,Train,BatterMental,https://img.inven.co.kr/image/site_image/bm/dataninfo/playercard/419f.jpg,SEASON_3f692b4033a93a25d673,61,54,61
421,2006,김상훈,Hitter,Train,Cost,https://img.inven.co.kr/image/site_image/bm/dataninfo/playercard/421f.jpg,SEASON_1a0e94b7053489df7a76,5,6,6
421,2006,김상훈,Hitter,Train,Contact,https://img.inven.co.kr/image/site_image/bm/dataninfo/playercard/421f.jpg,SEASON_1a0e94b7053489df7a76,61,40,57
421,2006,김상훈,Hitter,Train,Power,https://img.inven.co.kr/image/site_image/bm/dataninfo/playercard/421f.jpg,SEASON_1a0e94b7053489df7a76,51,36,54
421,2006,김상훈,Hitter,Train,Speed,https://img.inven.co.kr/image/site_image/bm/dataninfo/playercard/421f.jpg,SEASON_1a0e94b7053489df7a76,56,49,58
421,2006,김상훈,Hitter,Train,Defense,https://img.inven.co.kr/image/site_image/bm/dataninfo/playercard/421f.jpg,SEASON_1a0e94b7053489df7a76,73,58,75
421,2006,김상훈,Hitter,Train,BatterMental,https://img.inven.co.kr/image/site_image/bm/dataninfo/playercard/421f.jpg,SEASON_1a0e94b7053489df7a76,65,50,60
987,2005,박경완,Hitter,Train,Cost,https://img.inven.co.kr/image/site_image/bm/dataninfo/playercard/987f.jpg,SEASON_b4519e12e53a5ebf1283,5,7,7
987,2005,박경완,Hitter,Train,Contact,https://img.inven.co.kr/image/site_image/bm/dataninfo/playercard/987f.jpg,SEASON_b4519e12e53a5ebf1283,60,42,58
987,2005,박경완,Hitter,Train,Power,https://img.inven.co.kr/image/site_image/bm/dataninfo/playercard/987f.jpg,SEASON_b4519e12e53a5ebf1283,69,52,65
987,2005,박경완,Hitter,Train,Speed,https://img.inven.co.kr/image/site_image/bm/dataninfo/playercard/987f.jpg,SEASON_b4519e12e53a5ebf1283,54,49,58
987,2005,박경완,Hitter,Train,Defense,https://img.inven.co.kr/image/site_image/bm/dataninfo/playercard/987f.jpg,SEASON_b4519e12e53a5ebf1283,73,62,77
987,2005,박경완,Hitter,Train,BatterMental,https://img.inven.co.kr/image/site_image/bm/dataninfo/playercard/987f.jpg,SEASON_b4519e12e53a5ebf1283,66,60,64
3424,2009,박경완,Hitter,Train,Cost,https://img.inven.co.kr/image/site_image/bm/dataninfo/playercard/3424f.jpg,SEASON_3e07012ba134e52953b3,5,6,6
3424,2009,박경완,Hitter,Train,Contact,https://img.inven.co.kr/image/site_image/bm/dataninfo/playercard/3424f.jpg,SEASON_3e07012ba134e52953b3,56,43,59
3424,2009,박경완,Hitter,Train,Power,https://img.inven.co.kr/image/site_image/bm/dataninfo/playercard/3424f.jpg,SEASON_3e07012ba134e52953b3,69,51,65
3424,2009,박경완,Hitter,Train,Speed,https://img.inven.co.kr/image/site_image/bm/dataninfo/playercard/3424f.jpg,SEASON_3e07012ba134e52953b3,52,52,60
3424,2009,박경완,Hitter,Train,Defense,https://img.inven.co.kr/image/site_image/bm/dataninfo/playercard/3424f.jpg,SEASON_3e07012ba134e52953b3,75,64,78
3424,2009,박경완,Hitter,Train,BatterMental,https://img.inven.co.kr/image/site_image/bm/dataninfo/playercard/3424f.jpg,SEASON_3e07012ba134e52953b3,50,57,63
3513,2009,신경현,Hitter,Train,Cost,https://img.inven.co.kr/image/site_image/bm/dataninfo/playercard/3513f.jpg,SEASON_9373069d79695004fb0e,5,4,4
3513,2009,신경현,Hitter,Train,Contact,https://img.inven.co.kr/image/site_image/bm/dataninfo/playercard/3513f.jpg,SEASON_9373069d79695004fb0e,52,39,56
3513,2009,신경현,Hitter,Train,Power,https://img.inven.co.kr/image/site_image/bm/dataninfo/playercard/3513f.jpg,SEASON_9373069d79695004fb0e,49,31,51
3513,2009,신경현,Hitter,Train,Speed,https://img.inven.co.kr/image/site_image/bm/dataninfo/playercard/3513f.jpg,SEASON_9373069d79695004fb0e,39,48,58
3513,2009,신경현,Hitter,Train,Defense,https://img.inven.co.kr/image/site_image/bm/dataninfo/playercard/3513f.jpg,SEASON_9373069d79695004fb0e,72,45,68
3513,2009,신경현,Hitter,Train,BatterMental,https://img.inven.co.kr/image/site_image/bm/dataninfo/playercard/3513f.jpg,SEASON_9373069d79695004fb0e,54,52,61
2697,2000,조인성,Hitter,Train,Cost,https://img.inven.co.kr/image/site_image/bm/dataninfo/playercard/2697f.jpg,SEASON_00bec8214140cef00cc1,5,4,4
2697,2000,조인성,Hitter,Train,Contact,https://img.inven.co.kr/image/site_image/bm/dataninfo/playercard/2697f.jpg,SEASON_00bec8214140cef00cc1,58,32,51
2697,2000,조인성,Hitter,Train,Power,https://img.inven.co.kr/image/site_image/bm/dataninfo/playercard/2697f.jpg,SEASON_00bec8214140cef00cc1,61,35,54
2697,2000,조인성,Hitter,Train,Speed,https://img.inven.co.kr/image/site_image/bm/dataninfo/playercard/2697f.jpg,SEASON_00bec8214140cef00cc1,60,55,55
2697,2000,조인성,Hitter,Train,Defense,https://img.inven.co.kr/image/site_image/bm/dataninfo/playercard/2697f.jpg,SEASON_00bec8214140cef00cc1,68,55,55
2697,2000,조인성,Hitter,Train,BatterMental,https://img.inven.co.kr/image/site_image/bm/dataninfo/playercard/2697f.jpg,SEASON_00bec8214140cef00cc1,66,42,56
2698,2001,조인성,Hitter,Train,Cost,https://img.inven.co.kr/image/site_image/bm/dataninfo/playercard/2698f.jpg,SEASON_ce8d1ab4853ecd96bd0d,5,5,5
2698,2001,조인성,Hitter,Train,Contact,https://img.inven.co.kr/image/site_image/bm/dataninfo/playercard/2698f.jpg,SEASON_ce8d1ab4853ecd96bd0d,59,38,56
2698,2001,조인성,Hitter,Train,Power,https://img.inven.co.kr/image/site_image/bm/dataninfo/playercard/2698f.jpg,SEASON_ce8d1ab4853ecd96bd0d,62,39,56
2698,2001,조인성,Hitter,Train,Speed,https://img.inven.co.kr/image/site_image/bm/dataninfo/playercard/2698f.jpg,SEASON_ce8d1ab4853ecd96bd0d,55,49,58
2698,2001,조인성,Hitter,Train,Defense,https://img.inven.co.kr/image/site_image/bm/dataninfo/playercard/2698f.jpg,SEASON_ce8d1ab4853ecd96bd0d,69,56,74
2698,2001,조인성,Hitter,Train,BatterMental,https://img.inven.co.kr/image/site_image/bm/dataninfo/playercard/2698f.jpg,SEASON_ce8d1ab4853ecd96bd0d,66,45,58
2699,2002,조인성,Hitter,Train,Cost,https://img.inven.co.kr/image/site_image/bm/dataninfo/playercard/2699f.jpg,SEASON_20eca26cf84ab2c6a3fa,5,7,7
2699,2002,조인성,Hitter,Train,Contact,https://img.inven.co.kr/image/site_image/bm/dataninfo/playercard/2699f.jpg,SEASON_20eca26cf84ab2c6a3fa,64,50,64
2699,2002,조인성,Hitter,Train,Power,https://img.inven.co.kr/image/site_image/bm/dataninfo/playercard/2699f.jpg,SEASON_20eca26cf84ab2c6a3fa,67,48,62
2699,2002,조인성,Hitter,Train,Speed,https://img.inven.co.kr/image/site_image/bm/dataninfo/playercard/2699f.jpg,SEASON_20eca26cf84ab2c6a3fa,65,51,59
2699,2002,조인성,Hitter,Train,Defense,https://img.inven.co.kr/image/site_image/bm/dataninfo/playercard/2699f.jpg,SEASON_20eca26cf84ab2c6a3fa,69,50,70
2699,2002,조인성,Hitter,Train,BatterMental,https://img.inven.co.kr/image/site_image/bm/dataninfo/playercard/2699f.jpg,SEASON_20eca26cf84ab2c6a3fa,68,52,61
2700,2003,조인성,Hitter,Train,Cost,https://img.inven.co.kr/image/site_image/bm/dataninfo/playercard/2700f.jpg,SEASON_cd75f8ae469e46d582db,5,8,8
2700,2003,조인성,Hitter,Train,Contact,https://img.inven.co.kr/image/site_image/bm/dataninfo/playercard/2700f.jpg,SEASON_cd75f8ae469e46d582db,62,46,61
2700,2003,조인성,Hitter,Train,Power,https://img.inven.co.kr/image/site_image/bm/dataninfo/playercard/2700f.jpg,SEASON_cd75f8ae469e46d582db,75,61,71
2700,2003,조인성,Hitter,Train,Speed,https://img.inven.co.kr/image/site_image/bm/dataninfo/playercard/2700f.jpg,SEASON_cd75f8ae469e46d582db,43,46,56
2700,2003,조인성,Hitter,Train,Defense,https://img.inven.co.kr/image/site_image/bm/dataninfo/playercard/2700f.jpg,SEASON_cd75f8ae469e46d582db,69,55,73
2700,2003,조인성,Hitter,Train,BatterMental,https://img.inven.co.kr/image/site_image/bm/dataninfo/playercard/2700f.jpg,SEASON_cd75f8ae469e46d582db,70,48,59
2701,2004,조인성,Hitter,Train,Cost,https://img.inven.co.kr/image/site_image/bm/dataninfo/playercard/2701f.jpg,SEASON_d2dbea4d8f4a30655373,5,7,7
2701,2004,조인성,Hitter,Train,Contact,https://img.inven.co.kr/image/site_image/bm/dataninfo/playercard/2701f.jpg,SEASON_d2dbea4d8f4a30655373,61,46,61
2701,2004,조인성,Hitter,Train,Power,https://img.inven.co.kr/image/site_image/bm/dataninfo/playercard/2701f.jpg,SEASON_d2dbea4d8f4a30655373,66,45,60
2701,2004,조인성,Hitter,Train,Speed,https://img.inven.co.kr/image/site_image/bm/dataninfo/playercard/2701f.jpg,SEASON_d2dbea4d8f4a30655373,55,53,60
2701,2004,조인성,Hitter,Train,Defense,https://img.inven.co.kr/image/site_image/bm/dataninfo/playercard/2701f.jpg,SEASON_d2dbea4d8f4a30655373,69,58,75
2701,2004,조인성,Hitter,Train,BatterMental,https://img.inven.co.kr/image/site_image/bm/dataninfo/playercard/2701f.jpg,SEASON_d2dbea4d8f4a30655373,63,53,61
3741,2009,조인성,Hitter,Train,Cost,https://img.inven.co.kr/image/site_image/bm/dataninfo/playercard/3741f.jpg,SEASON_4dc082505169456c5434,5,5,5
3741,2009,조인성,Hitter,Train,Contact,https://img.inven.co.kr/image/site_image/bm/dataninfo/playercard/3741f.jpg,SEASON_4dc082505169456c5434,43,25,47
3741,2009,조인성,Hitter,Train,Power,https://img.inven.co.kr/image/site_image/bm/dataninfo/playercard/3741f.jpg,SEASON_4dc082505169456c5434,74,49,63
3741,2009,조인성,Hitter,Train,Speed,https://img.inven.co.kr/image/site_image/bm/dataninfo/playercard/3741f.jpg,SEASON_4dc082505169456c5434,38,47,57
3741,2009,조인성,Hitter,Train,Defense,https://img.inven.co.kr/image/site_image/bm/dataninfo/playercard/3741f.jpg,SEASON_4dc082505169456c5434,69,50,70
3741,2009,조인성,Hitter,Train,BatterMental,https://img.inven.co.kr/image/site_image/bm/dataninfo/playercard/3741f.jpg,SEASON_4dc082505169456c5434,44,39,55
2808,2008,차일목,Hitter,Holdout,Cost,https://img.inven.co.kr/image/site_image/bm/dataninfo/playercard/2808f.jpg,SEASON_56e57863c80a9e7e882b,5,5,5
2808,2008,차일목,Hitter,Holdout,Contact,https://img.inven.co.kr/image/site_image/bm/dataninfo/playercard/2808f.jpg,SEASON_56e57863c80a9e7e882b,62,40,57
2808,2008,차일목,Hitter,Holdout,Power,https://img.inven.co.kr/image/site_image/bm/dataninfo/playercard/2808f.jpg,SEASON_56e57863c80a9e7e882b,51,37,55
2808,2008,차일목,Hitter,Holdout,Speed,https://img.inven.co.kr/image/site_image/bm/dataninfo/playercard/2808f.jpg,SEASON_56e57863c80a9e7e882b,62,55,62
2808,2008,차일목,Hitter,Holdout,Defense,https://img.inven.co.kr/image/site_image/bm/dataninfo/playercard/2808f.jpg,SEASON_56e57863c80a9e7e882b,69,53,72
2808,2008,차일목,Hitter,Holdout,BatterMental,https://img.inven.co.kr/image/site_image/bm/dataninfo/playercard/2808f.jpg,SEASON_56e57863c80a9e7e882b,66,52,60
2824,2007,채상병,Hitter,Train,Cost,https://img.inven.co.kr/image/site_image/bm/dataninfo/playercard/2824f.jpg,SEASON_8e2ef254fd58e2d24410,5,6,6
2824,2007,채상병,Hitter,Train,Contact,https://img.inven.co.kr/image/site_image/bm/dataninfo/playercard/2824f.jpg,SEASON_8e2ef254fd58e2d24410,59,39,56
2824,2007,채상병,Hitter,Train,Power,https://img.inven.co.kr/image/site_image/bm/dataninfo/playercard/2824f.jpg,SEASON_8e2ef254fd58e2d24410,64,47,61
2824,2007,채상병,Hitter,Train,Speed,https://img.inven.co.kr/image/site_image/bm/dataninfo/playercard/2824f.jpg,SEASON_8e2ef254fd58e2d24410,58,51,60
2824,2007,채상병,Hitter,Train,Defense,https://img.inven.co.kr/image/site_image/bm/dataninfo/playercard/2824f.jpg,SEASON_8e2ef254fd58e2d24410,70,47,69
2824,2007,채상병,Hitter,Train,BatterMental,https://img.inven.co.kr/image/site_image/bm/dataninfo/playercard/2824f.jpg,SEASON_8e2ef254fd58e2d24410,65,46,58
2825,2008,채상병,Hitter,Train,Cost,https://img.inven.co.kr/image/site_image/bm/dataninfo/playercard/2825f.jpg,SEASON_8efc2c0f2fd259cef0f6,5,6,6
2825,2008,채상병,Hitter,Train,Contact,https://img.inven.co.kr/image/site_image/bm/dataninfo/playercard/2825f.jpg,SEASON_8efc2c0f2fd259cef0f6,58,29,50
2825,2008,채상병,Hitter,Train,Power,https://img.inven.co.kr/image/site_image/bm/dataninfo/playercard/2825f.jpg,SEASON_8efc2c0f2fd259cef0f6,61,42,58
2825,2008,채상병,Hitter,Train,Speed,https://img.inven.co.kr/image/site_image/bm/dataninfo/playercard/2825f.jpg,SEASON_8efc2c0f2fd259cef0f6,47,46,57
2825,2008,채상병,Hitter,Train,Defense,https://img.inven.co.kr/image/site_image/bm/dataninfo/playercard/2825f.jpg,SEASON_8efc2c0f2fd259cef0f6,71,62,77
2825,2008,채상병,Hitter,Train,BatterMental,https://img.inven.co.kr/image/site_image/bm/dataninfo/playercard/2825f.jpg,SEASON_8efc2c0f2fd259cef0f6,68,38,55
2859,2000,최기문,Hitter,Train,Cost,https://img.inven.co.kr/image/site_image/bm/dataninfo/playercard/2859f.jpg,SEASON_e3502967c37e327af958,5,6,6
2859,2000,최기문,Hitter,Train,Contact,https://img.inven.co.kr/image/site_image/bm/dataninfo/playercard/2859f.jpg,SEASON_e3502967c37e327af958,59,39,56
2859,2000,최기문,Hitter,Train,Power,https://img.inven.co.kr/image/site_image/bm/dataninfo/playercard/2859f.jpg,SEASON_e3502967c37e327af958,64,41,57
2859,2000,최기문,Hitter,Train,Speed,https://img.inven.co.kr/image/site_image/bm/dataninfo/playercard/2859f.jpg,SEASON_e3502967c37e327af958,74,55,55
2859,2000,최기문,Hitter,Train,Defense,https://img.inven.co.kr/image/site_image/bm/dataninfo/playercard/2859f.jpg,SEASON_e3502967c37e327af958,68,55,55
2859,2000,최기문,Hitter,Train,BatterMental,https://img.inven.co.kr/image/site_image/bm/dataninfo/playercard/2859f.jpg,SEASON_e3502967c37e327af958,58,47,59
2860,2001,최기문,Hitter,Train,Cost,https://img.inven.co.kr/image/site_image/bm/dataninfo/playercard/2860f.jpg,SEASON_f1f9194d120400a8b977,5,8,8
2860,2001,최기문,Hitter,Train,Contact,https://img.inven.co.kr/image/site_image/bm/dataninfo/playercard/2860f.jpg,SEASON_f1f9194d120400a8b977,72,61,71
2860,2001,최기문,Hitter,Train,Power,https://img.inven.co.kr/image/site_image/bm/dataninfo/playercard/2860f.jpg,SEASON_f1f9194d120400a8b977,65,46,61
2860,2001,최기문,Hitter,Train,Speed,https://img.inven.co.kr/image/site_image/bm/dataninfo/playercard/2860f.jpg,SEASON_f1f9194d120400a8b977,64,59,64
2860,2001,최기문,Hitter,Train,Defense,https://img.inven.co.kr/image/site_image/bm/dataninfo/playercard/2860f.jpg,SEASON_f1f9194d120400a8b977,68,55,73
2860,2001,최기문,Hitter,Train,BatterMental,https://img.inven.co.kr/image/site_image/bm/dataninfo/playercard/2860f.jpg,SEASON_f1f9194d120400a8b977,61,65,66
2861,2002,최기문,Hitter,Train,Cost,https://img.inven.co.kr/image/site_image/bm/dataninfo/playercard/2861f.jpg,SEASON_094a2ee79e8d7830f874,5,7,7
2861,2002,최기문,Hitter,Train,Contact,https://img.inven.co.kr/image/site_image/bm/dataninfo/playercard/2861f.jpg,SEASON_094a2ee79e8d7830f874,69,57,69
2861,2002,최기문,Hitter,Train,Power,https://img.inven.co.kr/image/site_image/bm/dataninfo/playercard/2861f.jpg,SEASON_094a2ee79e8d7830f874,66,48,63
2861,2002,최기문,Hitter,Train,Speed,https://img.inven.co.kr/image/site_image/bm/dataninfo/playercard/2861f.jpg,SEASON_094a2ee79e8d7830f874,54,48,58
2861,2002,최기문,Hitter,Train,Defense,https://img.inven.co.kr/image/site_image/bm/dataninfo/playercard/2861f.jpg,SEASON_094a2ee79e8d7830f874,68,43,66
2861,2002,최기문,Hitter,Train,BatterMental,https://img.inven.co.kr/image/site_image/bm/dataninfo/playercard/2861f.jpg,SEASON_094a2ee79e8d7830f874,67,61,64
2862,2003,최기문,Hitter,Train,Cost,https://img.inven.co.kr/image/site_image/bm/dataninfo/playercard/2862f.jpg,SEASON_9a886a87c584d7ec643c,5,7,7
2862,2003,최기문,Hitter,Train,Contact,https://img.inven.co.kr/image/site_image/bm/dataninfo/playercard/2862f.jpg,SEASON_9a886a87c584d7ec643c,71,58,69
2862,2003,최기문,Hitter,Train,Power,https://img.inven.co.kr/image/site_image/bm/dataninfo/playercard/2862f.jpg,SEASON_9a886a87c584d7ec643c,51,39,57
2862,2003,최기문,Hitter,Train,Speed,https://img.inven.co.kr/image/site_image/bm/dataninfo/playercard/2862f.jpg,SEASON_9a886a87c584d7ec643c,62,58,64
2862,2003,최기문,Hitter,Train,Defense,https://img.inven.co.kr/image/site_image/bm/dataninfo/playercard/2862f.jpg,SEASON_9a886a87c584d7ec643c,68,58,75
2862,2003,최기문,Hitter,Train,BatterMental,https://img.inven.co.kr/image/site_image/bm/dataninfo/playercard/2862f.jpg,SEASON_9a886a87c584d7ec643c,66,64,65
3778,2009,최승환,Hitter,Validation,Cost,https://img.inven.co.kr/image/site_image/bm/dataninfo/playercard/3778f.jpg,SEASON_5d70e2c3d55bb4fd68be,5,4,4
3778,2009,최승환,Hitter,Validation,Contact,https://img.inven.co.kr/image/site_image/bm/dataninfo/playercard/3778f.jpg,SEASON_5d70e2c3d55bb4fd68be,50,25,47
3778,2009,최승환,Hitter,Validation,Power,https://img.inven.co.kr/image/site_image/bm/dataninfo/playercard/3778f.jpg,SEASON_5d70e2c3d55bb4fd68be,68,38,56
3778,2009,최승환,Hitter,Validation,Speed,https://img.inven.co.kr/image/site_image/bm/dataninfo/playercard/3778f.jpg,SEASON_5d70e2c3d55bb4fd68be,43,49,58
3778,2009,최승환,Hitter,Validation,Defense,https://img.inven.co.kr/image/site_image/bm/dataninfo/playercard/3778f.jpg,SEASON_5d70e2c3d55bb4fd68be,75,63,78
3778,2009,최승환,Hitter,Validation,BatterMental,https://img.inven.co.kr/image/site_image/bm/dataninfo/playercard/3778f.jpg,SEASON_5d70e2c3d55bb4fd68be,42,39,56
3817,2009,현재윤,Hitter,Train,Cost,https://img.inven.co.kr/image/site_image/bm/dataninfo/playercard/3817f.jpg,SEASON_cb86de231cdefc9c79d1,5,5,5
3817,2009,현재윤,Hitter,Train,Contact,https://img.inven.co.kr/image/site_image/bm/dataninfo/playercard/3817f.jpg,SEASON_cb86de231cdefc9c79d1,47,35,53
3817,2009,현재윤,Hitter,Train,Power,https://img.inven.co.kr/image/site_image/bm/dataninfo/playercard/3817f.jpg,SEASON_cb86de231cdefc9c79d1,56,33,52
3817,2009,현재윤,Hitter,Train,Speed,https://img.inven.co.kr/image/site_image/bm/dataninfo/playercard/3817f.jpg,SEASON_cb86de231cdefc9c79d1,56,53,61
3817,2009,현재윤,Hitter,Train,Defense,https://img.inven.co.kr/image/site_image/bm/dataninfo/playercard/3817f.jpg,SEASON_cb86de231cdefc9c79d1,71,44,66
3817,2009,현재윤,Hitter,Train,BatterMental,https://img.inven.co.kr/image/site_image/bm/dataninfo/playercard/3817f.jpg,SEASON_cb86de231cdefc9c79d1,46,46,58
3128,2001,홍성흔,Hitter,Holdout,Cost,https://img.inven.co.kr/image/site_image/bm/dataninfo/playercard/3128f.jpg,SEASON_84e997583220047840c9,5,7,7
3128,2001,홍성흔,Hitter,Holdout,Contact,https://img.inven.co.kr/image/site_image/bm/dataninfo/playercard/3128f.jpg,SEASON_84e997583220047840c9,62,47,62
3128,2001,홍성흔,Hitter,Holdout,Power,https://img.inven.co.kr/image/site_image/bm/dataninfo/playercard/3128f.jpg,SEASON_84e997583220047840c9,66,44,59
3128,2001,홍성흔,Hitter,Holdout,Speed,https://img.inven.co.kr/image/site_image/bm/dataninfo/playercard/3128f.jpg,SEASON_84e997583220047840c9,66,60,65
3128,2001,홍성흔,Hitter,Holdout,Defense,https://img.inven.co.kr/image/site_image/bm/dataninfo/playercard/3128f.jpg,SEASON_84e997583220047840c9,71,54,72
3128,2001,홍성흔,Hitter,Holdout,BatterMental,https://img.inven.co.kr/image/site_image/bm/dataninfo/playercard/3128f.jpg,SEASON_84e997583220047840c9,63,50,60
45,2007,강민호,Hitter,Holdout,Cost,https://img.inven.co.kr/image/site_image/bm/dataninfo/playercard/45f.jpg,SEASON_736081422d6346842d2a,6,8,8
45,2007,강민호,Hitter,Holdout,Contact,https://img.inven.co.kr/image/site_image/bm/dataninfo/playercard/45f.jpg,SEASON_736081422d6346842d2a,65,53,66
45,2007,강민호,Hitter,Holdout,Power,https://img.inven.co.kr/image/site_image/bm/dataninfo/playercard/45f.jpg,SEASON_736081422d6346842d2a,71,64,73
45,2007,강민호,Hitter,Holdout,Speed,https://img.inven.co.kr/image/site_image/bm/dataninfo/playercard/45f.jpg,SEASON_736081422d6346842d2a,55,49,58
45,2007,강민호,Hitter,Holdout,Defense,https://img.inven.co.kr/image/site_image/bm/dataninfo/playercard/45f.jpg,SEASON_736081422d6346842d2a,75,44,67
45,2007,강민호,Hitter,Holdout,BatterMental,https://img.inven.co.kr/image/site_image/bm/dataninfo/playercard/45f.jpg,SEASON_736081422d6346842d2a,76,59,63
3340,2009,김상훈,Hitter,Train,Cost,https://img.inven.co.kr/image/site_image/bm/dataninfo/playercard/3340f.jpg,SEASON_339dd3f89b399fe4c497,6,6,6
3340,2009,김상훈,Hitter,Train,Contact,https://img.inven.co.kr/image/site_image/bm/dataninfo/playercard/3340f.jpg,SEASON_339dd3f89b399fe4c497,51,31,51
3340,2009,김상훈,Hitter,Train,Power,https://img.inven.co.kr/image/site_image/bm/dataninfo/playercard/3340f.jpg,SEASON_339dd3f89b399fe4c497,70,45,60
3340,2009,김상훈,Hitter,Train,Speed,https://img.inven.co.kr/image/site_image/bm/dataninfo/playercard/3340f.jpg,SEASON_339dd3f89b399fe4c497,58,49,58
3340,2009,김상훈,Hitter,Train,Defense,https://img.inven.co.kr/image/site_image/bm/dataninfo/playercard/3340f.jpg,SEASON_339dd3f89b399fe4c497,77,66,80
3340,2009,김상훈,Hitter,Train,BatterMental,https://img.inven.co.kr/image/site_image/bm/dataninfo/playercard/3340f.jpg,SEASON_339dd3f89b399fe4c497,63,45,58
984,2002,박경완,Hitter,Train,Cost,https://img.inven.co.kr/image/site_image/bm/dataninfo/playercard/984f.jpg,SEASON_05e9e496a0bd1fa8147a,6,6,6
984,2002,박경완,Hitter,Train,Contact,https://img.inven.co.kr/image/site_image/bm/dataninfo/playercard/984f.jpg,SEASON_05e9e496a0bd1fa8147a,58,26,48
984,2002,박경완,Hitter,Train,Power,https://img.inven.co.kr/image/site_image/bm/dataninfo/playercard/984f.jpg,SEASON_05e9e496a0bd1fa8147a,76,58,69
984,2002,박경완,Hitter,Train,Speed,https://img.inven.co.kr/image/site_image/bm/dataninfo/playercard/984f.jpg,SEASON_05e9e496a0bd1fa8147a,63,57,63
984,2002,박경완,Hitter,Train,Defense,https://img.inven.co.kr/image/site_image/bm/dataninfo/playercard/984f.jpg,SEASON_05e9e496a0bd1fa8147a,75,66,79
984,2002,박경완,Hitter,Train,BatterMental,https://img.inven.co.kr/image/site_image/bm/dataninfo/playercard/984f.jpg,SEASON_05e9e496a0bd1fa8147a,66,39,55
985,2003,박경완,Hitter,Train,Cost,https://img.inven.co.kr/image/site_image/bm/dataninfo/playercard/985f.jpg,SEASON_ac7601956b11a33ba54d,6,7,7
985,2003,박경완,Hitter,Train,Contact,https://img.inven.co.kr/image/site_image/bm/dataninfo/playercard/985f.jpg,SEASON_ac7601956b11a33ba54d,60,43,59
985,2003,박경완,Hitter,Train,Power,https://img.inven.co.kr/image/site_image/bm/dataninfo/playercard/985f.jpg,SEASON_ac7601956b11a33ba54d,72,57,68
985,2003,박경완,Hitter,Train,Speed,https://img.inven.co.kr/image/site_image/bm/dataninfo/playercard/985f.jpg,SEASON_ac7601956b11a33ba54d,62,58,64
985,2003,박경완,Hitter,Train,Defense,https://img.inven.co.kr/image/site_image/bm/dataninfo/playercard/985f.jpg,SEASON_ac7601956b11a33ba54d,74,48,69
985,2003,박경완,Hitter,Train,BatterMental,https://img.inven.co.kr/image/site_image/bm/dataninfo/playercard/985f.jpg,SEASON_ac7601956b11a33ba54d,79,63,65
3602,2009,이도형,Hitter,Holdout,Cost,https://img.inven.co.kr/image/site_image/bm/dataninfo/playercard/3602f.jpg,SEASON_bd37c64f56b6c871f07f,6,7,7
3602,2009,이도형,Hitter,Holdout,Contact,https://img.inven.co.kr/image/site_image/bm/dataninfo/playercard/3602f.jpg,SEASON_bd37c64f56b6c871f07f,61,63,72
3602,2009,이도형,Hitter,Holdout,Power,https://img.inven.co.kr/image/site_image/bm/dataninfo/playercard/3602f.jpg,SEASON_bd37c64f56b6c871f07f,72,54,67
3602,2009,이도형,Hitter,Holdout,Speed,https://img.inven.co.kr/image/site_image/bm/dataninfo/playercard/3602f.jpg,SEASON_bd37c64f56b6c871f07f,40,47,57
3602,2009,이도형,Hitter,Holdout,Defense,https://img.inven.co.kr/image/site_image/bm/dataninfo/playercard/3602f.jpg,SEASON_bd37c64f56b6c871f07f,66,47,69
3602,2009,이도형,Hitter,Holdout,BatterMental,https://img.inven.co.kr/image/site_image/bm/dataninfo/playercard/3602f.jpg,SEASON_bd37c64f56b6c871f07f,67,68,67
3709,2009,정상호,Hitter,Train,Cost,https://img.inven.co.kr/image/site_image/bm/dataninfo/playercard/3709f.jpg,SEASON_744415531907457ec8b7,6,6,6
3709,2009,정상호,Hitter,Train,Contact,https://img.inven.co.kr/image/site_image/bm/dataninfo/playercard/3709f.jpg,SEASON_744415531907457ec8b7,77,52,65
3709,2009,정상호,Hitter,Train,Power,https://img.inven.co.kr/image/site_image/bm/dataninfo/playercard/3709f.jpg,SEASON_744415531907457ec8b7,69,52,65
3709,2009,정상호,Hitter,Train,Speed,https://img.inven.co.kr/image/site_image/bm/dataninfo/playercard/3709f.jpg,SEASON_744415531907457ec8b7,40,48,58
3709,2009,정상호,Hitter,Train,Defense,https://img.inven.co.kr/image/site_image/bm/dataninfo/playercard/3709f.jpg,SEASON_744415531907457ec8b7,73,53,72
3709,2009,정상호,Hitter,Train,BatterMental,https://img.inven.co.kr/image/site_image/bm/dataninfo/playercard/3709f.jpg,SEASON_744415531907457ec8b7,64,59,63
2774,2002,진갑용,Hitter,Train,Cost,https://img.inven.co.kr/image/site_image/bm/dataninfo/playercard/2774f.jpg,SEASON_a9ac93c76987718c5a2d,6,8,8
2774,2002,진갑용,Hitter,Train,Contact,https://img.inven.co.kr/image/site_image/bm/dataninfo/playercard/2774f.jpg,SEASON_a9ac93c76987718c5a2d,67,58,69
2774,2002,진갑용,Hitter,Train,Power,https://img.inven.co.kr/image/site_image/bm/dataninfo/playercard/2774f.jpg,SEASON_a9ac93c76987718c5a2d,75,64,73
2774,2002,진갑용,Hitter,Train,Speed,https://img.inven.co.kr/image/site_image/bm/dataninfo/playercard/2774f.jpg,SEASON_a9ac93c76987718c5a2d,47,44,55
2774,2002,진갑용,Hitter,Train,Defense,https://img.inven.co.kr/image/site_image/bm/dataninfo/playercard/2774f.jpg,SEASON_a9ac93c76987718c5a2d,74,52,71
2774,2002,진갑용,Hitter,Train,BatterMental,https://img.inven.co.kr/image/site_image/bm/dataninfo/playercard/2774f.jpg,SEASON_a9ac93c76987718c5a2d,79,64,65
2775,2003,진갑용,Hitter,Train,Cost,https://img.inven.co.kr/image/site_image/bm/dataninfo/playercard/2775f.jpg,SEASON_637043662edf620414e7,6,8,8
2775,2003,진갑용,Hitter,Train,Contact,https://img.inven.co.kr/image/site_image/bm/dataninfo/playercard/2775f.jpg,SEASON_637043662edf620414e7,68,59,70
2775,2003,진갑용,Hitter,Train,Power,https://img.inven.co.kr/image/site_image/bm/dataninfo/playercard/2775f.jpg,SEASON_637043662edf620414e7,77,68,75
2775,2003,진갑용,Hitter,Train,Speed,https://img.inven.co.kr/image/site_image/bm/dataninfo/playercard/2775f.jpg,SEASON_637043662edf620414e7,56,47,57
2775,2003,진갑용,Hitter,Train,Defense,https://img.inven.co.kr/image/site_image/bm/dataninfo/playercard/2775f.jpg,SEASON_637043662edf620414e7,75,42,65
2775,2003,진갑용,Hitter,Train,BatterMental,https://img.inven.co.kr/image/site_image/bm/dataninfo/playercard/2775f.jpg,SEASON_637043662edf620414e7,67,64,65
2776,2004,진갑용,Hitter,Train,Cost,https://img.inven.co.kr/image/site_image/bm/dataninfo/playercard/2776f.jpg,SEASON_cf20704df362d3efd6d8,6,8,8
2776,2004,진갑용,Hitter,Train,Contact,https://img.inven.co.kr/image/site_image/bm/dataninfo/playercard/2776f.jpg,SEASON_cf20704df362d3efd6d8,67,55,67
2776,2004,진갑용,Hitter,Train,Power,https://img.inven.co.kr/image/site_image/bm/dataninfo/playercard/2776f.jpg,SEASON_cf20704df362d3efd6d8,79,75,80
2776,2004,진갑용,Hitter,Train,Speed,https://img.inven.co.kr/image/site_image/bm/dataninfo/playercard/2776f.jpg,SEASON_cf20704df362d3efd6d8,47,46,56
2776,2004,진갑용,Hitter,Train,Defense,https://img.inven.co.kr/image/site_image/bm/dataninfo/playercard/2776f.jpg,SEASON_cf20704df362d3efd6d8,75,60,76
2776,2004,진갑용,Hitter,Train,BatterMental,https://img.inven.co.kr/image/site_image/bm/dataninfo/playercard/2776f.jpg,SEASON_cf20704df362d3efd6d8,77,60,64
2777,2005,진갑용,Hitter,Train,Cost,https://img.inven.co.kr/image/site_image/bm/dataninfo/playercard/2777f.jpg,SEASON_89093c8194f4454ae29f,6,7,7
2777,2005,진갑용,Hitter,Train,Contact,https://img.inven.co.kr/image/site_image/bm/dataninfo/playercard/2777f.jpg,SEASON_89093c8194f4454ae29f,74,60,71
2777,2005,진갑용,Hitter,Train,Power,https://img.inven.co.kr/image/site_image/bm/dataninfo/playercard/2777f.jpg,SEASON_89093c8194f4454ae29f,63,46,61
2777,2005,진갑용,Hitter,Train,Speed,https://img.inven.co.kr/image/site_image/bm/dataninfo/playercard/2777f.jpg,SEASON_89093c8194f4454ae29f,56,49,58
2777,2005,진갑용,Hitter,Train,Defense,https://img.inven.co.kr/image/site_image/bm/dataninfo/playercard/2777f.jpg,SEASON_89093c8194f4454ae29f,75,57,74
2777,2005,진갑용,Hitter,Train,BatterMental,https://img.inven.co.kr/image/site_image/bm/dataninfo/playercard/2777f.jpg,SEASON_89093c8194f4454ae29f,65,66,66
3127,2000,홍성흔,Hitter,Holdout,Cost,https://img.inven.co.kr/image/site_image/bm/dataninfo/playercard/3127f.jpg,SEASON_976d5d8bcc3054e2716e,6,8,8
3127,2000,홍성흔,Hitter,Holdout,Contact,https://img.inven.co.kr/image/site_image/bm/dataninfo/playercard/3127f.jpg,SEASON_976d5d8bcc3054e2716e,69,58,69
3127,2000,홍성흔,Hitter,Holdout,Power,https://img.inven.co.kr/image/site_image/bm/dataninfo/playercard/3127f.jpg,SEASON_976d5d8bcc3054e2716e,68,47,62
3127,2000,홍성흔,Hitter,Holdout,Speed,https://img.inven.co.kr/image/site_image/bm/dataninfo/playercard/3127f.jpg,SEASON_976d5d8bcc3054e2716e,72,55,55
3127,2000,홍성흔,Hitter,Holdout,Defense,https://img.inven.co.kr/image/site_image/bm/dataninfo/playercard/3127f.jpg,SEASON_976d5d8bcc3054e2716e,71,55,55
3127,2000,홍성흔,Hitter,Holdout,BatterMental,https://img.inven.co.kr/image/site_image/bm/dataninfo/playercard/3127f.jpg,SEASON_976d5d8bcc3054e2716e,62,60,64
3130,2003,홍성흔,Hitter,Holdout,Cost,https://img.inven.co.kr/image/site_image/bm/dataninfo/playercard/3130f.jpg,SEASON_2e3b1261ab3b3f09f628,6,6,6
3130,2003,홍성흔,Hitter,Holdout,Contact,https://img.inven.co.kr/image/site_image/bm/dataninfo/playercard/3130f.jpg,SEASON_2e3b1261ab3b3f09f628,69,53,66
3130,2003,홍성흔,Hitter,Holdout,Power,https://img.inven.co.kr/image/site_image/bm/dataninfo/playercard/3130f.jpg,SEASON_2e3b1261ab3b3f09f628,65,45,60
3130,2003,홍성흔,Hitter,Holdout,Speed,https://img.inven.co.kr/image/site_image/bm/dataninfo/playercard/3130f.jpg,SEASON_2e3b1261ab3b3f09f628,58,51,60
3130,2003,홍성흔,Hitter,Holdout,Defense,https://img.inven.co.kr/image/site_image/bm/dataninfo/playercard/3130f.jpg,SEASON_2e3b1261ab3b3f09f628,69,67,80
3130,2003,홍성흔,Hitter,Holdout,BatterMental,https://img.inven.co.kr/image/site_image/bm/dataninfo/playercard/3130f.jpg,SEASON_2e3b1261ab3b3f09f628,63,55,62
3132,2005,홍성흔,Hitter,Holdout,Cost,https://img.inven.co.kr/image/site_image/bm/dataninfo/playercard/3132f.jpg,SEASON_53b3bf4cd93e4eca4219,6,8,8
3132,2005,홍성흔,Hitter,Holdout,Contact,https://img.inven.co.kr/image/site_image/bm/dataninfo/playercard/3132f.jpg,SEASON_53b3bf4cd93e4eca4219,66,54,66
3132,2005,홍성흔,Hitter,Holdout,Power,https://img.inven.co.kr/image/site_image/bm/dataninfo/playercard/3132f.jpg,SEASON_53b3bf4cd93e4eca4219,69,53,66
3132,2005,홍성흔,Hitter,Holdout,Speed,https://img.inven.co.kr/image/site_image/bm/dataninfo/playercard/3132f.jpg,SEASON_53b3bf4cd93e4eca4219,58,50,59
3132,2005,홍성흔,Hitter,Holdout,Defense,https://img.inven.co.kr/image/site_image/bm/dataninfo/playercard/3132f.jpg,SEASON_53b3bf4cd93e4eca4219,67,53,72
3132,2005,홍성흔,Hitter,Holdout,BatterMental,https://img.inven.co.kr/image/site_image/bm/dataninfo/playercard/3132f.jpg,SEASON_53b3bf4cd93e4eca4219,80,56,62
44,2006,강민호,Hitter,Holdout,Cost,https://img.inven.co.kr/image/site_image/bm/dataninfo/playercard/44f.jpg,SEASON_4677db83cdfbfb011698,7,7,7
44,2006,강민호,Hitter,Holdout,Contact,https://img.inven.co.kr/image/site_image/bm/dataninfo/playercard/44f.jpg,SEASON_4677db83cdfbfb011698,64,48,63
44,2006,강민호,Hitter,Holdout,Power,https://img.inven.co.kr/image/site_image/bm/dataninfo/playercard/44f.jpg,SEASON_4677db83cdfbfb011698,67,54,67
44,2006,강민호,Hitter,Holdout,Speed,https://img.inven.co.kr/image/site_image/bm/dataninfo/playercard/44f.jpg,SEASON_4677db83cdfbfb011698,65,53,61
44,2006,강민호,Hitter,Holdout,Defense,https://img.inven.co.kr/image/site_image/bm/dataninfo/playercard/44f.jpg,SEASON_4677db83cdfbfb011698,74,37,63
44,2006,강민호,Hitter,Holdout,BatterMental,https://img.inven.co.kr/image/site_image/bm/dataninfo/playercard/44f.jpg,SEASON_4677db83cdfbfb011698,75,54,61
317,2003,김동수,Hitter,Train,Cost,https://img.inven.co.kr/image/site_image/bm/dataninfo/playercard/317f.jpg,SEASON_4b09596145f11adc87ba,7,8,8
317,2003,김동수,Hitter,Train,Contact,https://img.inven.co.kr/image/site_image/bm/dataninfo/playercard/317f.jpg,SEASON_4b09596145f11adc87ba,77,65,74
317,2003,김동수,Hitter,Train,Power,https://img.inven.co.kr/image/site_image/bm/dataninfo/playercard/317f.jpg,SEASON_4b09596145f11adc87ba,74,61,71
317,2003,김동수,Hitter,Train,Speed,https://img.inven.co.kr/image/site_image/bm/dataninfo/playercard/317f.jpg,SEASON_4b09596145f11adc87ba,59,52,60
317,2003,김동수,Hitter,Train,Defense,https://img.inven.co.kr/image/site_image/bm/dataninfo/playercard/317f.jpg,SEASON_4b09596145f11adc87ba,73,47,68
317,2003,김동수,Hitter,Train,BatterMental,https://img.inven.co.kr/image/site_image/bm/dataninfo/playercard/317f.jpg,SEASON_4b09596145f11adc87ba,80,72,68
989,2007,박경완,Hitter,Train,Cost,https://img.inven.co.kr/image/site_image/bm/dataninfo/playercard/989f.jpg,SEASON_8b7d451b1df13fe74f53,7,8,8
989,2007,박경완,Hitter,Train,Contact,https://img.inven.co.kr/image/site_image/bm/dataninfo/playercard/989f.jpg,SEASON_8b7d451b1df13fe74f53,61,44,60
989,2007,박경완,Hitter,Train,Power,https://img.inven.co.kr/image/site_image/bm/dataninfo/playercard/989f.jpg,SEASON_8b7d451b1df13fe74f53,72,66,75
989,2007,박경완,Hitter,Train,Speed,https://img.inven.co.kr/image/site_image/bm/dataninfo/playercard/989f.jpg,SEASON_8b7d451b1df13fe74f53,63,57,63
989,2007,박경완,Hitter,Train,Defense,https://img.inven.co.kr/image/site_image/bm/dataninfo/playercard/989f.jpg,SEASON_8b7d451b1df13fe74f53,76,60,76
989,2007,박경완,Hitter,Train,BatterMental,https://img.inven.co.kr/image/site_image/bm/dataninfo/playercard/989f.jpg,SEASON_8b7d451b1df13fe74f53,79,60,64
990,2008,박경완,Hitter,Train,Cost,https://img.inven.co.kr/image/site_image/bm/dataninfo/playercard/990f.jpg,SEASON_754802dffe259597e690,7,7,7
990,2008,박경완,Hitter,Train,Contact,https://img.inven.co.kr/image/site_image/bm/dataninfo/playercard/990f.jpg,SEASON_754802dffe259597e690,66,51,64
990,2008,박경완,Hitter,Train,Power,https://img.inven.co.kr/image/site_image/bm/dataninfo/playercard/990f.jpg,SEASON_754802dffe259597e690,65,52,65
990,2008,박경완,Hitter,Train,Speed,https://img.inven.co.kr/image/site_image/bm/dataninfo/playercard/990f.jpg,SEASON_754802dffe259597e690,63,55,62
990,2008,박경완,Hitter,Train,Defense,https://img.inven.co.kr/image/site_image/bm/dataninfo/playercard/990f.jpg,SEASON_754802dffe259597e690,80,65,79
990,2008,박경완,Hitter,Train,BatterMental,https://img.inven.co.kr/image/site_image/bm/dataninfo/playercard/990f.jpg,SEASON_754802dffe259597e690,67,65,66
2704,2007,조인성,Hitter,Train,Cost,https://img.inven.co.kr/image/site_image/bm/dataninfo/playercard/2704f.jpg,SEASON_1b2ec2ce40cc3dfb22d9,7,8,8
2704,2007,조인성,Hitter,Train,Contact,https://img.inven.co.kr/image/site_image/bm/dataninfo/playercard/2704f.jpg,SEASON_1b2ec2ce40cc3dfb22d9,69,57,68
2704,2007,조인성,Hitter,Train,Power,https://img.inven.co.kr/image/site_image/bm/dataninfo/playercard/2704f.jpg,SEASON_1b2ec2ce40cc3dfb22d9,70,64,73
2704,2007,조인성,Hitter,Train,Speed,https://img.inven.co.kr/image/site_image/bm/dataninfo/playercard/2704f.jpg,SEASON_1b2ec2ce40cc3dfb22d9,56,48,58
2704,2007,조인성,Hitter,Train,Defense,https://img.inven.co.kr/image/site_image/bm/dataninfo/playercard/2704f.jpg,SEASON_1b2ec2ce40cc3dfb22d9,76,53,72
2704,2007,조인성,Hitter,Train,BatterMental,https://img.inven.co.kr/image/site_image/bm/dataninfo/playercard/2704f.jpg,SEASON_1b2ec2ce40cc3dfb22d9,80,59,63
2778,2006,진갑용,Hitter,Train,Cost,https://img.inven.co.kr/image/site_image/bm/dataninfo/playercard/2778f.jpg,SEASON_fa6da83d2f2eb1340e8c,7,8,8
2778,2006,진갑용,Hitter,Train,Contact,https://img.inven.co.kr/image/site_image/bm/dataninfo/playercard/2778f.jpg,SEASON_fa6da83d2f2eb1340e8c,78,64,73
2778,2006,진갑용,Hitter,Train,Power,https://img.inven.co.kr/image/site_image/bm/dataninfo/playercard/2778f.jpg,SEASON_fa6da83d2f2eb1340e8c,63,53,66
2778,2006,진갑용,Hitter,Train,Speed,https://img.inven.co.kr/image/site_image/bm/dataninfo/playercard/2778f.jpg,SEASON_fa6da83d2f2eb1340e8c,55,49,58
2778,2006,진갑용,Hitter,Train,Defense,https://img.inven.co.kr/image/site_image/bm/dataninfo/playercard/2778f.jpg,SEASON_fa6da83d2f2eb1340e8c,78,60,76
2778,2006,진갑용,Hitter,Train,BatterMental,https://img.inven.co.kr/image/site_image/bm/dataninfo/playercard/2778f.jpg,SEASON_fa6da83d2f2eb1340e8c,76,65,66
3129,2002,홍성흔,Hitter,Holdout,Cost,https://img.inven.co.kr/image/site_image/bm/dataninfo/playercard/3129f.jpg,SEASON_21fa782478e31d2b89c6,7,8,8
3129,2002,홍성흔,Hitter,Holdout,Contact,https://img.inven.co.kr/image/site_image/bm/dataninfo/playercard/3129f.jpg,SEASON_21fa782478e31d2b89c6,73,60,71
3129,2002,홍성흔,Hitter,Holdout,Power,https://img.inven.co.kr/image/site_image/bm/dataninfo/playercard/3129f.jpg,SEASON_21fa782478e31d2b89c6,75,62,72
3129,2002,홍성흔,Hitter,Holdout,Speed,https://img.inven.co.kr/image/site_image/bm/dataninfo/playercard/3129f.jpg,SEASON_21fa782478e31d2b89c6,62,54,61
3129,2002,홍성흔,Hitter,Holdout,Defense,https://img.inven.co.kr/image/site_image/bm/dataninfo/playercard/3129f.jpg,SEASON_21fa782478e31d2b89c6,71,45,67
3129,2002,홍성흔,Hitter,Holdout,BatterMental,https://img.inven.co.kr/image/site_image/bm/dataninfo/playercard/3129f.jpg,SEASON_21fa782478e31d2b89c6,77,65,66
46,2008,강민호,Hitter,Holdout,Cost,https://img.inven.co.kr/image/site_image/bm/dataninfo/playercard/46f.jpg,SEASON_c0c11dbca54d390a765f,8,8,8
46,2008,강민호,Hitter,Holdout,Contact,https://img.inven.co.kr/image/site_image/bm/dataninfo/playercard/46f.jpg,SEASON_c0c11dbca54d390a765f,73,61,71
46,2008,강민호,Hitter,Holdout,Power,https://img.inven.co.kr/image/site_image/bm/dataninfo/playercard/46f.jpg,SEASON_c0c11dbca54d390a765f,74,81,84
46,2008,강민호,Hitter,Holdout,Speed,https://img.inven.co.kr/image/site_image/bm/dataninfo/playercard/46f.jpg,SEASON_c0c11dbca54d390a765f,56,49,58
46,2008,강민호,Hitter,Holdout,Defense,https://img.inven.co.kr/image/site_image/bm/dataninfo/playercard/46f.jpg,SEASON_c0c11dbca54d390a765f,77,54,73
46,2008,강민호,Hitter,Holdout,BatterMental,https://img.inven.co.kr/image/site_image/bm/dataninfo/playercard/46f.jpg,SEASON_c0c11dbca54d390a765f,76,67,66
983,2001,박경완,Hitter,Train,Cost,https://img.inven.co.kr/image/site_image/bm/dataninfo/playercard/983f.jpg,SEASON_36c19b3bfe6f948c52f2,8,8,8
983,2001,박경완,Hitter,Train,Contact,https://img.inven.co.kr/image/site_image/bm/dataninfo/playercard/983f.jpg,SEASON_36c19b3bfe6f948c52f2,59,43,59
983,2001,박경완,Hitter,Train,Power,https://img.inven.co.kr/image/site_image/bm/dataninfo/playercard/983f.jpg,SEASON_36c19b3bfe6f948c52f2,79,68,76
983,2001,박경완,Hitter,Train,Speed,https://img.inven.co.kr/image/site_image/bm/dataninfo/playercard/983f.jpg,SEASON_36c19b3bfe6f948c52f2,78,74,73
983,2001,박경완,Hitter,Train,Defense,https://img.inven.co.kr/image/site_image/bm/dataninfo/playercard/983f.jpg,SEASON_36c19b3bfe6f948c52f2,77,53,72
983,2001,박경완,Hitter,Train,BatterMental,https://img.inven.co.kr/image/site_image/bm/dataninfo/playercard/983f.jpg,SEASON_36c19b3bfe6f948c52f2,78,66,66
3131,2004,홍성흔,Hitter,Holdout,Cost,https://img.inven.co.kr/image/site_image/bm/dataninfo/playercard/3131f.jpg,SEASON_63e4775ee87066593289,9,8,8
3131,2004,홍성흔,Hitter,Holdout,Contact,https://img.inven.co.kr/image/site_image/bm/dataninfo/playercard/3131f.jpg,SEASON_63e4775ee87066593289,80,76,81
3131,2004,홍성흔,Hitter,Holdout,Power,https://img.inven.co.kr/image/site_image/bm/dataninfo/playercard/3131f.jpg,SEASON_63e4775ee87066593289,71,64,73
3131,2004,홍성흔,Hitter,Holdout,Speed,https://img.inven.co.kr/image/site_image/bm/dataninfo/playercard/3131f.jpg,SEASON_63e4775ee87066593289,69,63,67
3131,2004,홍성흔,Hitter,Holdout,Defense,https://img.inven.co.kr/image/site_image/bm/dataninfo/playercard/3131f.jpg,SEASON_63e4775ee87066593289,72,59,75
3131,2004,홍성흔,Hitter,Holdout,BatterMental,https://img.inven.co.kr/image/site_image/bm/dataninfo/playercard/3131f.jpg,SEASON_63e4775ee87066593289,79,74,69
986,2004,박경완,Hitter,Train,Cost,https://img.inven.co.kr/image/site_image/bm/dataninfo/playercard/986f.jpg,SEASON_d93c0941cc5e0b961b29,10,10,10
986,2004,박경완,Hitter,Train,Contact,https://img.inven.co.kr/image/site_image/bm/dataninfo/playercard/986f.jpg,SEASON_d93c0941cc5e0b961b29,75,62,72
986,2004,박경완,Hitter,Train,Power,https://img.inven.co.kr/image/site_image/bm/dataninfo/playercard/986f.jpg,SEASON_d93c0941cc5e0b961b29,83,92,92
986,2004,박경완,Hitter,Train,Speed,https://img.inven.co.kr/image/site_image/bm/dataninfo/playercard/986f.jpg,SEASON_d93c0941cc5e0b961b29,55,52,60
986,2004,박경완,Hitter,Train,Defense,https://img.inven.co.kr/image/site_image/bm/dataninfo/playercard/986f.jpg,SEASON_d93c0941cc5e0b961b29,79,60,76
986,2004,박경완,Hitter,Train,BatterMental,https://img.inven.co.kr/image/site_image/bm/dataninfo/playercard/986f.jpg,SEASON_d93c0941cc5e0b961b29,81,80,72
109,2000,강혁,Hitter,Train,Cost,https://img.inven.co.kr/image/site_image/bm/dataninfo/playercard/109f.jpg,SEASON_17cd89535255bcbb5081,5,6,6
109,2000,강혁,Hitter,Train,Contact,https://img.inven.co.kr/image/site_image/bm/dataninfo/playercard/109f.jpg,SEASON_17cd89535255bcbb5081,64,47,62
109,2000,강혁,Hitter,Train,Power,https://img.inven.co.kr/image/site_image/bm/dataninfo/playercard/109f.jpg,SEASON_17cd89535255bcbb5081,63,41,58
109,2000,강혁,Hitter,Train,Speed,https://img.inven.co.kr/image/site_image/bm/dataninfo/playercard/109f.jpg,SEASON_17cd89535255bcbb5081,56,55,55
109,2000,강혁,Hitter,Train,Defense,https://img.inven.co.kr/image/site_image/bm/dataninfo/playercard/109f.jpg,SEASON_17cd89535255bcbb5081,69,55,55
109,2000,강혁,Hitter,Train,BatterMental,https://img.inven.co.kr/image/site_image/bm/dataninfo/playercard/109f.jpg,SEASON_17cd89535255bcbb5081,56,53,61
1300,2001,서용빈,Hitter,Validation,Cost,https://img.inven.co.kr/image/site_image/bm/dataninfo/playercard/1300f.jpg,SEASON_ff7623997c1c9149fe1e,5,6,6
1300,2001,서용빈,Hitter,Validation,Contact,https://img.inven.co.kr/image/site_image/bm/dataninfo/playercard/1300f.jpg,SEASON_ff7623997c1c9149fe1e,68,54,66
1300,2001,서용빈,Hitter,Validation,Power,https://img.inven.co.kr/image/site_image/bm/dataninfo/playercard/1300f.jpg,SEASON_ff7623997c1c9149fe1e,49,34,53
1300,2001,서용빈,Hitter,Validation,Speed,https://img.inven.co.kr/image/site_image/bm/dataninfo/playercard/1300f.jpg,SEASON_ff7623997c1c9149fe1e,62,52,60
1300,2001,서용빈,Hitter,Validation,Defense,https://img.inven.co.kr/image/site_image/bm/dataninfo/playercard/1300f.jpg,SEASON_ff7623997c1c9149fe1e,72,63,77
1300,2001,서용빈,Hitter,Validation,BatterMental,https://img.inven.co.kr/image/site_image/bm/dataninfo/playercard/1300f.jpg,SEASON_ff7623997c1c9149fe1e,64,59,63
2014,2008,이숭용,Hitter,Validation,Cost,https://img.inven.co.kr/image/site_image/bm/dataninfo/playercard/2014f.jpg,SEASON_e3d74c80af71f7960e1e,5,6,6
2014,2008,이숭용,Hitter,Validation,Contact,https://img.inven.co.kr/image/site_image/bm/dataninfo/playercard/2014f.jpg,SEASON_e3d74c80af71f7960e1e,65,50,64
2014,2008,이숭용,Hitter,Validation,Power,https://img.inven.co.kr/image/site_image/bm/dataninfo/playercard/2014f.jpg,SEASON_e3d74c80af71f7960e1e,51,40,57
2014,2008,이숭용,Hitter,Validation,Speed,https://img.inven.co.kr/image/site_image/bm/dataninfo/playercard/2014f.jpg,SEASON_e3d74c80af71f7960e1e,55,48,58
2014,2008,이숭용,Hitter,Validation,Defense,https://img.inven.co.kr/image/site_image/bm/dataninfo/playercard/2014f.jpg,SEASON_e3d74c80af71f7960e1e,68,55,73
2014,2008,이숭용,Hitter,Validation,BatterMental,https://img.inven.co.kr/image/site_image/bm/dataninfo/playercard/2014f.jpg,SEASON_e3d74c80af71f7960e1e,57,59,64
2353,2005,장원진,Hitter,Train,Cost,https://img.inven.co.kr/image/site_image/bm/dataninfo/playercard/2353f.jpg,SEASON_ae3fed833ee36e09283b,5,7,7
2353,2005,장원진,Hitter,Train,Contact,https://img.inven.co.kr/image/site_image/bm/dataninfo/playercard/2353f.jpg,SEASON_ae3fed833ee36e09283b,72,61,71
2353,2005,장원진,Hitter,Train,Power,https://img.inven.co.kr/image/site_image/bm/dataninfo/playercard/2353f.jpg,SEASON_ae3fed833ee36e09283b,51,39,56
2353,2005,장원진,Hitter,Train,Speed,https://img.inven.co.kr/image/site_image/bm/dataninfo/playercard/2353f.jpg,SEASON_ae3fed833ee36e09283b,61,53,61
2353,2005,장원진,Hitter,Train,Defense,https://img.inven.co.kr/image/site_image/bm/dataninfo/playercard/2353f.jpg,SEASON_ae3fed833ee36e09283b,69,58,75
2353,2005,장원진,Hitter,Train,BatterMental,https://img.inven.co.kr/image/site_image/bm/dataninfo/playercard/2353f.jpg,SEASON_ae3fed833ee36e09283b,60,66,66
849,2005,라이온,Hitter,Train,Cost,https://img.inven.co.kr/image/site_image/bm/dataninfo/playercard/849f.jpg,SEASON_19a2c77d67fcbce05939,6,8,8
849,2005,라이온,Hitter,Train,Contact,https://img.inven.co.kr/image/site_image/bm/dataninfo/playercard/849f.jpg,SEASON_19a2c77d67fcbce05939,65,53,66
849,2005,라이온,Hitter,Train,Power,https://img.inven.co.kr/image/site_image/bm/dataninfo/playercard/849f.jpg,SEASON_19a2c77d67fcbce05939,69,58,69
849,2005,라이온,Hitter,Train,Speed,https://img.inven.co.kr/image/site_image/bm/dataninfo/playercard/849f.jpg,SEASON_19a2c77d67fcbce05939,64,57,63
849,2005,라이온,Hitter,Train,Defense,https://img.inven.co.kr/image/site_image/bm/dataninfo/playercard/849f.jpg,SEASON_19a2c77d67fcbce05939,67,62,77
849,2005,라이온,Hitter,Train,BatterMental,https://img.inven.co.kr/image/site_image/bm/dataninfo/playercard/849f.jpg,SEASON_19a2c77d67fcbce05939,70,55,62
1603,2001,얀,Hitter,Validation,Cost,https://img.inven.co.kr/image/site_image/bm/dataninfo/playercard/1603f.jpg,SEASON_14fa40f55e4bec8ff64f,6,7,7
1603,2001,얀,Hitter,Validation,Contact,https://img.inven.co.kr/image/site_image/bm/dataninfo/playercard/1603f.jpg,SEASON_14fa40f55e4bec8ff64f,63,47,62
1603,2001,얀,Hitter,Validation,Power,https://img.inven.co.kr/image/site_image/bm/dataninfo/playercard/1603f.jpg,SEASON_14fa40f55e4bec8ff64f,76,60,70
1603,2001,얀,Hitter,Validation,Speed,https://img.inven.co.kr/image/site_image/bm/dataninfo/playercard/1603f.jpg,SEASON_14fa40f55e4bec8ff64f,56,47,57
1603,2001,얀,Hitter,Validation,Defense,https://img.inven.co.kr/image/site_image/bm/dataninfo/playercard/1603f.jpg,SEASON_14fa40f55e4bec8ff64f,69,43,66
1603,2001,얀,Hitter,Validation,BatterMental,https://img.inven.co.kr/image/site_image/bm/dataninfo/playercard/1603f.jpg,SEASON_14fa40f55e4bec8ff64f,74,59,63
2010,2004,이숭용,Hitter,Validation,Cost,https://img.inven.co.kr/image/site_image/bm/dataninfo/playercard/2010f.jpg,SEASON_b5161f25452d3d7ff5f0,6,8,8
2010,2004,이숭용,Hitter,Validation,Contact,https://img.inven.co.kr/image/site_image/bm/dataninfo/playercard/2010f.jpg,SEASON_b5161f25452d3d7ff5f0,72,62,72
2010,2004,이숭용,Hitter,Validation,Power,https://img.inven.co.kr/image/site_image/bm/dataninfo/playercard/2010f.jpg,SEASON_b5161f25452d3d7ff5f0,67,52,65
2010,2004,이숭용,Hitter,Validation,Speed,https://img.inven.co.kr/image/site_image/bm/dataninfo/playercard/2010f.jpg,SEASON_b5161f25452d3d7ff5f0,40,47,57
2010,2004,이숭용,Hitter,Validation,Defense,https://img.inven.co.kr/image/site_image/bm/dataninfo/playercard/2010f.jpg,SEASON_b5161f25452d3d7ff5f0,76,70,81
2010,2004,이숭용,Hitter,Validation,BatterMental,https://img.inven.co.kr/image/site_image/bm/dataninfo/playercard/2010f.jpg,SEASON_b5161f25452d3d7ff5f0,80,70,68
2326,2000,장성호,Hitter,Train,Cost,https://img.inven.co.kr/image/site_image/bm/dataninfo/playercard/2326f.jpg,SEASON_e90f960df0c246f1c230,6,8,8
2326,2000,장성호,Hitter,Train,Contact,https://img.inven.co.kr/image/site_image/bm/dataninfo/playercard/2326f.jpg,SEASON_e90f960df0c246f1c230,79,74,79
2326,2000,장성호,Hitter,Train,Power,https://img.inven.co.kr/image/site_image/bm/dataninfo/playercard/2326f.jpg,SEASON_e90f960df0c246f1c230,71,59,70
2326,2000,장성호,Hitter,Train,Speed,https://img.inven.co.kr/image/site_image/bm/dataninfo/playercard/2326f.jpg,SEASON_e90f960df0c246f1c230,62,55,55
2326,2000,장성호,Hitter,Train,Defense,https://img.inven.co.kr/image/site_image/bm/dataninfo/playercard/2326f.jpg,SEASON_e90f960df0c246f1c230,67,55,55
2326,2000,장성호,Hitter,Train,BatterMental,https://img.inven.co.kr/image/site_image/bm/dataninfo/playercard/2326f.jpg,SEASON_e90f960df0c246f1c230,62,84,73
2374,2001,장종훈,Hitter,Holdout,Cost,https://img.inven.co.kr/image/site_image/bm/dataninfo/playercard/2374f.jpg,SEASON_993383edc5b653237f13,6,7,7
2374,2001,장종훈,Hitter,Holdout,Contact,https://img.inven.co.kr/image/site_image/bm/dataninfo/playercard/2374f.jpg,SEASON_993383edc5b653237f13,63,49,63
2374,2001,장종훈,Hitter,Holdout,Power,https://img.inven.co.kr/image/site_image/bm/dataninfo/playercard/2374f.jpg,SEASON_993383edc5b653237f13,72,55,67
2374,2001,장종훈,Hitter,Holdout,Speed,https://img.inven.co.kr/image/site_image/bm/dataninfo/playercard/2374f.jpg,SEASON_993383edc5b653237f13,69,63,67
2374,2001,장종훈,Hitter,Holdout,Defense,https://img.inven.co.kr/image/site_image/bm/dataninfo/playercard/2374f.jpg,SEASON_993383edc5b653237f13,71,63,77
2374,2001,장종훈,Hitter,Holdout,BatterMental,https://img.inven.co.kr/image/site_image/bm/dataninfo/playercard/2374f.jpg,SEASON_993383edc5b653237f13,67,58,63
3766,2009,채태인,Hitter,Train,Cost,https://img.inven.co.kr/image/site_image/bm/dataninfo/playercard/3766f.jpg,SEASON_111cf33c8c2bfb01e7dc,6,8,8
3766,2009,채태인,Hitter,Train,Contact,https://img.inven.co.kr/image/site_image/bm/dataninfo/playercard/3766f.jpg,SEASON_111cf33c8c2bfb01e7dc,64,56,68
3766,2009,채태인,Hitter,Train,Power,https://img.inven.co.kr/image/site_image/bm/dataninfo/playercard/3766f.jpg,SEASON_111cf33c8c2bfb01e7dc,75,62,72
3766,2009,채태인,Hitter,Train,Speed,https://img.inven.co.kr/image/site_image/bm/dataninfo/playercard/3766f.jpg,SEASON_111cf33c8c2bfb01e7dc,40,47,57
3766,2009,채태인,Hitter,Train,Defense,https://img.inven.co.kr/image/site_image/bm/dataninfo/playercard/3766f.jpg,SEASON_111cf33c8c2bfb01e7dc,69,61,76
3766,2009,채태인,Hitter,Train,BatterMental,https://img.inven.co.kr/image/site_image/bm/dataninfo/playercard/3766f.jpg,SEASON_111cf33c8c2bfb01e7dc,76,65,66
2885,2007,최동수,Hitter,Validation,Cost,https://img.inven.co.kr/image/site_image/bm/dataninfo/playercard/2885f.jpg,SEASON_68e8cb25a4e2d5b81c26,6,8,8
2885,2007,최동수,Hitter,Validation,Contact,https://img.inven.co.kr/image/site_image/bm/dataninfo/playercard/2885f.jpg,SEASON_68e8cb25a4e2d5b81c26,78,67,75
2885,2007,최동수,Hitter,Validation,Power,https://img.inven.co.kr/image/site_image/bm/dataninfo/playercard/2885f.jpg,SEASON_68e8cb25a4e2d5b81c26,70,64,73
2885,2007,최동수,Hitter,Validation,Speed,https://img.inven.co.kr/image/site_image/bm/dataninfo/playercard/2885f.jpg,SEASON_68e8cb25a4e2d5b81c26,56,48,58
2885,2007,최동수,Hitter,Validation,Defense,https://img.inven.co.kr/image/site_image/bm/dataninfo/playercard/2885f.jpg,SEASON_68e8cb25a4e2d5b81c26,73,49,69
2885,2007,최동수,Hitter,Validation,BatterMental,https://img.inven.co.kr/image/site_image/bm/dataninfo/playercard/2885f.jpg,SEASON_68e8cb25a4e2d5b81c26,70,71,68
3623,2009,이숭용,Hitter,Validation,Cost,https://img.inven.co.kr/image/site_image/bm/dataninfo/playercard/3623f.jpg,SEASON_fb4f95d6f45a424dd7bb,7,7,7
3623,2009,이숭용,Hitter,Validation,Contact,https://img.inven.co.kr/image/site_image/bm/dataninfo/playercard/3623f.jpg,SEASON_fb4f95d6f45a424dd7bb,65,57,69
3623,2009,이숭용,Hitter,Validation,Power,https://img.inven.co.kr/image/site_image/bm/dataninfo/playercard/3623f.jpg,SEASON_fb4f95d6f45a424dd7bb,61,41,57
3623,2009,이숭용,Hitter,Validation,Speed,https://img.inven.co.kr/image/site_image/bm/dataninfo/playercard/3623f.jpg,SEASON_fb4f95d6f45a424dd7bb,61,57,63
3623,2009,이숭용,Hitter,Validation,Defense,https://img.inven.co.kr/image/site_image/bm/dataninfo/playercard/3623f.jpg,SEASON_fb4f95d6f45a424dd7bb,68,61,76
3623,2009,이숭용,Hitter,Validation,BatterMental,https://img.inven.co.kr/image/site_image/bm/dataninfo/playercard/3623f.jpg,SEASON_fb4f95d6f45a424dd7bb,72,64,65
3796,2009,최희섭,Hitter,Train,Cost,https://img.inven.co.kr/image/site_image/bm/dataninfo/playercard/3796f.jpg,SEASON_f8f7aec033d575207a0a,7,10,10
3796,2009,최희섭,Hitter,Train,Contact,https://img.inven.co.kr/image/site_image/bm/dataninfo/playercard/3796f.jpg,SEASON_f8f7aec033d575207a0a,80,65,74
3796,2009,최희섭,Hitter,Train,Power,https://img.inven.co.kr/image/site_image/bm/dataninfo/playercard/3796f.jpg,SEASON_f8f7aec033d575207a0a,82,88,89
3796,2009,최희섭,Hitter,Train,Speed,https://img.inven.co.kr/image/site_image/bm/dataninfo/playercard/3796f.jpg,SEASON_f8f7aec033d575207a0a,46,48,58
3796,2009,최희섭,Hitter,Train,Defense,https://img.inven.co.kr/image/site_image/bm/dataninfo/playercard/3796f.jpg,SEASON_f8f7aec033d575207a0a,68,58,75
3796,2009,최희섭,Hitter,Train,BatterMental,https://img.inven.co.kr/image/site_image/bm/dataninfo/playercard/3796f.jpg,SEASON_f8f7aec033d575207a0a,73,79,72
2015,2000,이승엽,Hitter,Train,Cost,https://img.inven.co.kr/image/site_image/bm/dataninfo/playercard/2015f.jpg,SEASON_e62bd79159ac08e697c1,8,10,10
2015,2000,이승엽,Hitter,Train,Contact,https://img.inven.co.kr/image/site_image/bm/dataninfo/playercard/2015f.jpg,SEASON_e62bd79159ac08e697c1,69,60,71
2015,2000,이승엽,Hitter,Train,Power,https://img.inven.co.kr/image/site_image/bm/dataninfo/playercard/2015f.jpg,SEASON_e62bd79159ac08e697c1,83,89,89
2015,2000,이승엽,Hitter,Train,Speed,https://img.inven.co.kr/image/site_image/bm/dataninfo/playercard/2015f.jpg,SEASON_e62bd79159ac08e697c1,60,55,55
2015,2000,이승엽,Hitter,Train,Defense,https://img.inven.co.kr/image/site_image/bm/dataninfo/playercard/2015f.jpg,SEASON_e62bd79159ac08e697c1,70,55,55
2015,2000,이승엽,Hitter,Train,BatterMental,https://img.inven.co.kr/image/site_image/bm/dataninfo/playercard/2015f.jpg,SEASON_e62bd79159ac08e697c1,81,74,69
2331,2005,장성호,Hitter,Train,Cost,https://img.inven.co.kr/image/site_image/bm/dataninfo/playercard/2331f.jpg,SEASON_3e613ce441d1994968fb,8,8,8
2331,2005,장성호,Hitter,Train,Contact,https://img.inven.co.kr/image/site_image/bm/dataninfo/playercard/2331f.jpg,SEASON_3e613ce441d1994968fb,78,69,76
2331,2005,장성호,Hitter,Train,Power,https://img.inven.co.kr/image/site_image/bm/dataninfo/playercard/2331f.jpg,SEASON_3e613ce441d1994968fb,73,68,75
2331,2005,장성호,Hitter,Train,Speed,https://img.inven.co.kr/image/site_image/bm/dataninfo/playercard/2331f.jpg,SEASON_3e613ce441d1994968fb,64,53,60
2331,2005,장성호,Hitter,Train,Defense,https://img.inven.co.kr/image/site_image/bm/dataninfo/playercard/2331f.jpg,SEASON_3e613ce441d1994968fb,66,63,77
2331,2005,장성호,Hitter,Train,BatterMental,https://img.inven.co.kr/image/site_image/bm/dataninfo/playercard/2331f.jpg,SEASON_3e613ce441d1994968fb,75,74,69
3372,2009,김주찬,Hitter,Train,Cost,https://img.inven.co.kr/image/site_image/bm/dataninfo/playercard/3372f.jpg,SEASON_e66479f1560c7ad8c01b,9,8,8
3372,2009,김주찬,Hitter,Train,Contact,https://img.inven.co.kr/image/site_image/bm/dataninfo/playercard/3372f.jpg,SEASON_e66479f1560c7ad8c01b,78,64,73
3372,2009,김주찬,Hitter,Train,Power,https://img.inven.co.kr/image/site_image/bm/dataninfo/playercard/3372f.jpg,SEASON_e66479f1560c7ad8c01b,67,48,63
3372,2009,김주찬,Hitter,Train,Speed,https://img.inven.co.kr/image/site_image/bm/dataninfo/playercard/3372f.jpg,SEASON_e66479f1560c7ad8c01b,78,79,76
3372,2009,김주찬,Hitter,Train,Defense,https://img.inven.co.kr/image/site_image/bm/dataninfo/playercard/3372f.jpg,SEASON_e66479f1560c7ad8c01b,65,51,71
3372,2009,김주찬,Hitter,Train,BatterMental,https://img.inven.co.kr/image/site_image/bm/dataninfo/playercard/3372f.jpg,SEASON_e66479f1560c7ad8c01b,69,62,65
1736,2001,우즈,Hitter,Holdout,Cost,https://img.inven.co.kr/image/site_image/bm/dataninfo/playercard/1736f.jpg,SEASON_49ff5efe7ed77f8591e2,9,9,9
1736,2001,우즈,Hitter,Holdout,Contact,https://img.inven.co.kr/image/site_image/bm/dataninfo/playercard/1736f.jpg,SEASON_49ff5efe7ed77f8591e2,69,58,69
1736,2001,우즈,Hitter,Holdout,Power,https://img.inven.co.kr/image/site_image/bm/dataninfo/playercard/1736f.jpg,SEASON_49ff5efe7ed77f8591e2,83,88,89
1736,2001,우즈,Hitter,Holdout,Speed,https://img.inven.co.kr/image/site_image/bm/dataninfo/playercard/1736f.jpg,SEASON_49ff5efe7ed77f8591e2,71,62,66
1736,2001,우즈,Hitter,Holdout,Defense,https://img.inven.co.kr/image/site_image/bm/dataninfo/playercard/1736f.jpg,SEASON_49ff5efe7ed77f8591e2,70,62,77
1736,2001,우즈,Hitter,Holdout,BatterMental,https://img.inven.co.kr/image/site_image/bm/dataninfo/playercard/1736f.jpg,SEASON_49ff5efe7ed77f8591e2,83,71,68
2017,2002,이승엽,Hitter,Train,Cost,https://img.inven.co.kr/image/site_image/bm/dataninfo/playercard/2017f.jpg,SEASON_81101c25068ef8987615,9,10,10
2017,2002,이승엽,Hitter,Train,Contact,https://img.inven.co.kr/image/site_image/bm/dataninfo/playercard/2017f.jpg,SEASON_81101c25068ef8987615,80,77,82
2017,2002,이승엽,Hitter,Train,Power,https://img.inven.co.kr/image/site_image/bm/dataninfo/playercard/2017f.jpg,SEASON_81101c25068ef8987615,87,100,98
2017,2002,이승엽,Hitter,Train,Speed,https://img.inven.co.kr/image/site_image/bm/dataninfo/playercard/2017f.jpg,SEASON_81101c25068ef8987615,55,47,57
2017,2002,이승엽,Hitter,Train,Defense,https://img.inven.co.kr/image/site_image/bm/dataninfo/playercard/2017f.jpg,SEASON_81101c25068ef8987615,71,63,77
2017,2002,이승엽,Hitter,Train,BatterMental,https://img.inven.co.kr/image/site_image/bm/dataninfo/playercard/2017f.jpg,SEASON_81101c25068ef8987615,86,88,75
2328,2002,장성호,Hitter,Train,Cost,https://img.inven.co.kr/image/site_image/bm/dataninfo/playercard/2328f.jpg,SEASON_e0339c177ccb9940248c,9,10,10
2328,2002,장성호,Hitter,Train,Contact,https://img.inven.co.kr/image/site_image/bm/dataninfo/playercard/2328f.jpg,SEASON_e0339c177ccb9940248c,83,85,87
2328,2002,장성호,Hitter,Train,Power,https://img.inven.co.kr/image/site_image/bm/dataninfo/playercard/2328f.jpg,SEASON_e0339c177ccb9940248c,76,72,78
2328,2002,장성호,Hitter,Train,Speed,https://img.inven.co.kr/image/site_image/bm/dataninfo/playercard/2328f.jpg,SEASON_e0339c177ccb9940248c,63,56,62
2328,2002,장성호,Hitter,Train,Defense,https://img.inven.co.kr/image/site_image/bm/dataninfo/playercard/2328f.jpg,SEASON_e0339c177ccb9940248c,74,58,74
2328,2002,장성호,Hitter,Train,BatterMental,https://img.inven.co.kr/image/site_image/bm/dataninfo/playercard/2328f.jpg,SEASON_e0339c177ccb9940248c,81,92,77
2329,2003,장성호,Hitter,Train,Cost,https://img.inven.co.kr/image/site_image/bm/dataninfo/playercard/2329f.jpg,SEASON_8a4d2d35781e8f6a64a6,9,10,10
2329,2003,장성호,Hitter,Train,Contact,https://img.inven.co.kr/image/site_image/bm/dataninfo/playercard/2329f.jpg,SEASON_8a4d2d35781e8f6a64a6,79,71,77
2329,2003,장성호,Hitter,Train,Power,https://img.inven.co.kr/image/site_image/bm/dataninfo/playercard/2329f.jpg,SEASON_8a4d2d35781e8f6a64a6,77,73,79
2329,2003,장성호,Hitter,Train,Speed,https://img.inven.co.kr/image/site_image/bm/dataninfo/playercard/2329f.jpg,SEASON_8a4d2d35781e8f6a64a6,70,64,67
2329,2003,장성호,Hitter,Train,Defense,https://img.inven.co.kr/image/site_image/bm/dataninfo/playercard/2329f.jpg,SEASON_8a4d2d35781e8f6a64a6,76,64,78
2329,2003,장성호,Hitter,Train,BatterMental,https://img.inven.co.kr/image/site_image/bm/dataninfo/playercard/2329f.jpg,SEASON_8a4d2d35781e8f6a64a6,85,81,72
2332,2006,장성호,Hitter,Train,Cost,https://img.inven.co.kr/image/site_image/bm/dataninfo/playercard/2332f.jpg,SEASON_c93e86b3f8e9e8556324,9,9,9
2332,2006,장성호,Hitter,Train,Contact,https://img.inven.co.kr/image/site_image/bm/dataninfo/playercard/2332f.jpg,SEASON_c93e86b3f8e9e8556324,80,75,81
2332,2006,장성호,Hitter,Train,Power,https://img.inven.co.kr/image/site_image/bm/dataninfo/playercard/2332f.jpg,SEASON_c93e86b3f8e9e8556324,70,73,79
2332,2006,장성호,Hitter,Train,Speed,https://img.inven.co.kr/image/site_image/bm/dataninfo/playercard/2332f.jpg,SEASON_c93e86b3f8e9e8556324,63,55,62
2332,2006,장성호,Hitter,Train,Defense,https://img.inven.co.kr/image/site_image/bm/dataninfo/playercard/2332f.jpg,SEASON_c93e86b3f8e9e8556324,75,55,73
2332,2006,장성호,Hitter,Train,BatterMental,https://img.inven.co.kr/image/site_image/bm/dataninfo/playercard/2332f.jpg,SEASON_c93e86b3f8e9e8556324,80,83,73
723,2008,김태균,Hitter,Holdout,Cost,https://img.inven.co.kr/image/site_image/bm/dataninfo/playercard/723f.jpg,SEASON_33ce20a0e1df49e85216,10,10,10
723,2008,김태균,Hitter,Holdout,Contact,https://img.inven.co.kr/image/site_image/bm/dataninfo/playercard/723f.jpg,SEASON_33ce20a0e1df49e85216,80,74,80
723,2008,김태균,Hitter,Holdout,Power,https://img.inven.co.kr/image/site_image/bm/dataninfo/playercard/723f.jpg,SEASON_33ce20a0e1df49e85216,81,97,95
723,2008,김태균,Hitter,Holdout,Speed,https://img.inven.co.kr/image/site_image/bm/dataninfo/playercard/723f.jpg,SEASON_33ce20a0e1df49e85216,64,50,59
723,2008,김태균,Hitter,Holdout,Defense,https://img.inven.co.kr/image/site_image/bm/dataninfo/playercard/723f.jpg,SEASON_33ce20a0e1df49e85216,73,64,78
723,2008,김태균,Hitter,Holdout,BatterMental,https://img.inven.co.kr/image/site_image/bm/dataninfo/playercard/723f.jpg,SEASON_33ce20a0e1df49e85216,83,80,72
1858,2004,이대수,Hitter,Validation,Cost,https://img.inven.co.kr/image/site_image/bm/dataninfo/playercard/1858f.jpg,SEASON_c7bc8ab9a3dea1c4cfcd,3,2,2
1858,2004,이대수,Hitter,Validation,Contact,https://img.inven.co.kr/image/site_image/bm/dataninfo/playercard/1858f.jpg,SEASON_c7bc8ab9a3dea1c4cfcd,50,25,45
1858,2004,이대수,Hitter,Validation,Power,https://img.inven.co.kr/image/site_image/bm/dataninfo/playercard/1858f.jpg,SEASON_c7bc8ab9a3dea1c4cfcd,44,26,48
1858,2004,이대수,Hitter,Validation,Speed,https://img.inven.co.kr/image/site_image/bm/dataninfo/playercard/1858f.jpg,SEASON_c7bc8ab9a3dea1c4cfcd,44,48,58
1858,2004,이대수,Hitter,Validation,Defense,https://img.inven.co.kr/image/site_image/bm/dataninfo/playercard/1858f.jpg,SEASON_c7bc8ab9a3dea1c4cfcd,67,59,75
1858,2004,이대수,Hitter,Validation,BatterMental,https://img.inven.co.kr/image/site_image/bm/dataninfo/playercard/1858f.jpg,SEASON_c7bc8ab9a3dea1c4cfcd,52,35,54
799,2005,나주환,Hitter,Train,Cost,https://img.inven.co.kr/image/site_image/bm/dataninfo/playercard/799f.jpg,SEASON_102dd312a3b06b316785,4,5,5
799,2005,나주환,Hitter,Train,Contact,https://img.inven.co.kr/image/site_image/bm/dataninfo/playercard/799f.jpg,SEASON_102dd312a3b06b316785,56,47,61
799,2005,나주환,Hitter,Train,Power,https://img.inven.co.kr/image/site_image/bm/dataninfo/playercard/799f.jpg,SEASON_102dd312a3b06b316785,50,34,53
799,2005,나주환,Hitter,Train,Speed,https://img.inven.co.kr/image/site_image/bm/dataninfo/playercard/799f.jpg,SEASON_102dd312a3b06b316785,65,65,68
799,2005,나주환,Hitter,Train,Defense,https://img.inven.co.kr/image/site_image/bm/dataninfo/playercard/799f.jpg,SEASON_102dd312a3b06b316785,68,61,76
799,2005,나주환,Hitter,Train,BatterMental,https://img.inven.co.kr/image/site_image/bm/dataninfo/playercard/799f.jpg,SEASON_102dd312a3b06b316785,63,51,60
1471,2006,신명철,Hitter,Train,Cost,https://img.inven.co.kr/image/site_image/bm/dataninfo/playercard/1471f.jpg,SEASON_d55aab5cc14c592a68e4,4,3,3
1471,2006,신명철,Hitter,Train,Contact,https://img.inven.co.kr/image/site_image/bm/dataninfo/playercard/1471f.jpg,SEASON_d55aab5cc14c592a68e4,48,25,43
1471,2006,신명철,Hitter,Train,Power,https://img.inven.co.kr/image/site_image/bm/dataninfo/playercard/1471f.jpg,SEASON_d55aab5cc14c592a68e4,45,26,48
1471,2006,신명철,Hitter,Train,Speed,https://img.inven.co.kr/image/site_image/bm/dataninfo/playercard/1471f.jpg,SEASON_d55aab5cc14c592a68e4,66,58,64
1471,2006,신명철,Hitter,Train,Defense,https://img.inven.co.kr/image/site_image/bm/dataninfo/playercard/1471f.jpg,SEASON_d55aab5cc14c592a68e4,67,57,74
1471,2006,신명철,Hitter,Train,BatterMental,https://img.inven.co.kr/image/site_image/bm/dataninfo/playercard/1471f.jpg,SEASON_d55aab5cc14c592a68e4,54,32,53
2158,2000,이종민,Hitter,Train,Cost,https://img.inven.co.kr/image/site_image/bm/dataninfo/playercard/2158f.jpg,SEASON_f3754032640851685910,4,3,3
2158,2000,이종민,Hitter,Train,Contact,https://img.inven.co.kr/image/site_image/bm/dataninfo/playercard/2158f.jpg,SEASON_f3754032640851685910,53,32,52
2158,2000,이종민,Hitter,Train,Power,https://img.inven.co.kr/image/site_image/bm/dataninfo/playercard/2158f.jpg,SEASON_f3754032640851685910,50,31,51
2158,2000,이종민,Hitter,Train,Speed,https://img.inven.co.kr/image/site_image/bm/dataninfo/playercard/2158f.jpg,SEASON_f3754032640851685910,66,55,55
2158,2000,이종민,Hitter,Train,Defense,https://img.inven.co.kr/image/site_image/bm/dataninfo/playercard/2158f.jpg,SEASON_f3754032640851685910,68,55,55
2158,2000,이종민,Hitter,Train,BatterMental,https://img.inven.co.kr/image/site_image/bm/dataninfo/playercard/2158f.jpg,SEASON_f3754032640851685910,52,43,57
2159,2001,이종민,Hitter,Train,Cost,https://img.inven.co.kr/image/site_image/bm/dataninfo/playercard/2159f.jpg,SEASON_8c198802248af21f6bed,4,3,3
2159,2001,이종민,Hitter,Train,Contact,https://img.inven.co.kr/image/site_image/bm/dataninfo/playercard/2159f.jpg,SEASON_8c198802248af21f6bed,56,35,54
2159,2001,이종민,Hitter,Train,Power,https://img.inven.co.kr/image/site_image/bm/dataninfo/playercard/2159f.jpg,SEASON_8c198802248af21f6bed,46,28,49
2159,2001,이종민,Hitter,Train,Speed,https://img.inven.co.kr/image/site_image/bm/dataninfo/playercard/2159f.jpg,SEASON_8c198802248af21f6bed,44,47,57
2159,2001,이종민,Hitter,Train,Defense,https://img.inven.co.kr/image/site_image/bm/dataninfo/playercard/2159f.jpg,SEASON_8c198802248af21f6bed,69,55,73
2159,2001,이종민,Hitter,Train,BatterMental,https://img.inven.co.kr/image/site_image/bm/dataninfo/playercard/2159f.jpg,SEASON_8c198802248af21f6bed,55,43,57
2171,2001,이종열,Hitter,Train,Cost,https://img.inven.co.kr/image/site_image/bm/dataninfo/playercard/2171f.jpg,SEASON_8540e8a7f9e6b5b6302e,4,4,4
2171,2001,이종열,Hitter,Train,Contact,https://img.inven.co.kr/image/site_image/bm/dataninfo/playercard/2171f.jpg,SEASON_8540e8a7f9e6b5b6302e,54,30,51
2171,2001,이종열,Hitter,Train,Power,https://img.inven.co.kr/image/site_image/bm/dataninfo/playercard/2171f.jpg,SEASON_8540e8a7f9e6b5b6302e,52,31,51
2171,2001,이종열,Hitter,Train,Speed,https://img.inven.co.kr/image/site_image/bm/dataninfo/playercard/2171f.jpg,SEASON_8540e8a7f9e6b5b6302e,61,56,62
2171,2001,이종열,Hitter,Train,Defense,https://img.inven.co.kr/image/site_image/bm/dataninfo/playercard/2171f.jpg,SEASON_8540e8a7f9e6b5b6302e,69,61,76
2171,2001,이종열,Hitter,Train,BatterMental,https://img.inven.co.kr/image/site_image/bm/dataninfo/playercard/2171f.jpg,SEASON_8540e8a7f9e6b5b6302e,52,42,57
2461,2001,정경배,Hitter,Holdout,Cost,https://img.inven.co.kr/image/site_image/bm/dataninfo/playercard/2461f.jpg,SEASON_6feafc7b248e2188a441,4,5,5
2461,2001,정경배,Hitter,Holdout,Contact,https://img.inven.co.kr/image/site_image/bm/dataninfo/playercard/2461f.jpg,SEASON_6feafc7b248e2188a441,59,38,56
2461,2001,정경배,Hitter,Holdout,Power,https://img.inven.co.kr/image/site_image/bm/dataninfo/playercard/2461f.jpg,SEASON_6feafc7b248e2188a441,52,36,54
2461,2001,정경배,Hitter,Holdout,Speed,https://img.inven.co.kr/image/site_image/bm/dataninfo/playercard/2461f.jpg,SEASON_6feafc7b248e2188a441,56,51,59
2461,2001,정경배,Hitter,Holdout,Defense,https://img.inven.co.kr/image/site_image/bm/dataninfo/playercard/2461f.jpg,SEASON_6feafc7b248e2188a441,75,58,75
2461,2001,정경배,Hitter,Holdout,BatterMental,https://img.inven.co.kr/image/site_image/bm/dataninfo/playercard/2461f.jpg,SEASON_6feafc7b248e2188a441,57,50,60
2831,2006,채종국,Hitter,Train,Cost,https://img.inven.co.kr/image/site_image/bm/dataninfo/playercard/2831f.jpg,SEASON_d74af240aa387747cbdf,4,5,4
2831,2006,채종국,Hitter,Train,Contact,https://img.inven.co.kr/image/site_image/bm/dataninfo/playercard/2831f.jpg,SEASON_d74af240aa387747cbdf,59,31,51
2831,2006,채종국,Hitter,Train,Power,https://img.inven.co.kr/image/site_image/bm/dataninfo/playercard/2831f.jpg,SEASON_d74af240aa387747cbdf,51,33,53
2831,2006,채종국,Hitter,Train,Speed,https://img.inven.co.kr/image/site_image/bm/dataninfo/playercard/2831f.jpg,SEASON_d74af240aa387747cbdf,55,50,59
2831,2006,채종국,Hitter,Train,Defense,https://img.inven.co.kr/image/site_image/bm/dataninfo/playercard/2831f.jpg,SEASON_d74af240aa387747cbdf,76,57,74
2831,2006,채종국,Hitter,Train,BatterMental,https://img.inven.co.kr/image/site_image/bm/dataninfo/playercard/2831f.jpg,SEASON_d74af240aa387747cbdf,60,43,57
3074,2005,한상훈,Hitter,Train,Cost,https://img.inven.co.kr/image/site_image/bm/dataninfo/playercard/3074f.jpg,SEASON_f16d595fa3183e385f8d,4,4,4
3074,2005,한상훈,Hitter,Train,Contact,https://img.inven.co.kr/image/site_image/bm/dataninfo/playercard/3074f.jpg,SEASON_f16d595fa3183e385f8d,51,29,49
3074,2005,한상훈,Hitter,Train,Power,https://img.inven.co.kr/image/site_image/bm/dataninfo/playercard/3074f.jpg,SEASON_f16d595fa3183e385f8d,50,29,50
3074,2005,한상훈,Hitter,Train,Speed,https://img.inven.co.kr/image/site_image/bm/dataninfo/playercard/3074f.jpg,SEASON_f16d595fa3183e385f8d,54,49,58
3074,2005,한상훈,Hitter,Train,Defense,https://img.inven.co.kr/image/site_image/bm/dataninfo/playercard/3074f.jpg,SEASON_f16d595fa3183e385f8d,68,53,72
3074,2005,한상훈,Hitter,Train,BatterMental,https://img.inven.co.kr/image/site_image/bm/dataninfo/playercard/3074f.jpg,SEASON_f16d595fa3183e385f8d,53,41,56
3075,2006,한상훈,Hitter,Train,Cost,https://img.inven.co.kr/image/site_image/bm/dataninfo/playercard/3075f.jpg,SEASON_b83f33cc9e8b61fa8fc1,4,4,4
3075,2006,한상훈,Hitter,Train,Contact,https://img.inven.co.kr/image/site_image/bm/dataninfo/playercard/3075f.jpg,SEASON_b83f33cc9e8b61fa8fc1,62,40,57
3075,2006,한상훈,Hitter,Train,Power,https://img.inven.co.kr/image/site_image/bm/dataninfo/playercard/3075f.jpg,SEASON_b83f33cc9e8b61fa8fc1,50,34,53
3075,2006,한상훈,Hitter,Train,Speed,https://img.inven.co.kr/image/site_image/bm/dataninfo/playercard/3075f.jpg,SEASON_b83f33cc9e8b61fa8fc1,60,52,60
3075,2006,한상훈,Hitter,Train,Defense,https://img.inven.co.kr/image/site_image/bm/dataninfo/playercard/3075f.jpg,SEASON_b83f33cc9e8b61fa8fc1,70,59,76
3075,2006,한상훈,Hitter,Train,BatterMental,https://img.inven.co.kr/image/site_image/bm/dataninfo/playercard/3075f.jpg,SEASON_b83f33cc9e8b61fa8fc1,56,50,60
3279,2009,고영민,Hitter,Train,Cost,https://img.inven.co.kr/image/site_image/bm/dataninfo/playercard/3279f.jpg,SEASON_2fa62950bbab041efe20,5,5,5
3279,2009,고영민,Hitter,Train,Contact,https://img.inven.co.kr/image/site_image/bm/dataninfo/playercard/3279f.jpg,SEASON_2fa62950bbab041efe20,45,33,52
3279,2009,고영민,Hitter,Train,Power,https://img.inven.co.kr/image/site_image/bm/dataninfo/playercard/3279f.jpg,SEASON_2fa62950bbab041efe20,62,38,56
3279,2009,고영민,Hitter,Train,Speed,https://img.inven.co.kr/image/site_image/bm/dataninfo/playercard/3279f.jpg,SEASON_2fa62950bbab041efe20,67,63,66
3279,2009,고영민,Hitter,Train,Defense,https://img.inven.co.kr/image/site_image/bm/dataninfo/playercard/3279f.jpg,SEASON_2fa62950bbab041efe20,71,58,74
3279,2009,고영민,Hitter,Train,BatterMental,https://img.inven.co.kr/image/site_image/bm/dataninfo/playercard/3279f.jpg,SEASON_2fa62950bbab041efe20,48,50,60
560,2007,김일경,Hitter,Train,Cost,https://img.inven.co.kr/image/site_image/bm/dataninfo/playercard/560f.jpg,SEASON_c350964e46a9ddbc6333,5,6,6
560,2007,김일경,Hitter,Train,Contact,https://img.inven.co.kr/image/site_image/bm/dataninfo/playercard/560f.jpg,SEASON_c350964e46a9ddbc6333,62,44,60
560,2007,김일경,Hitter,Train,Power,https://img.inven.co.kr/image/site_image/bm/dataninfo/playercard/560f.jpg,SEASON_c350964e46a9ddbc6333,52,38,55
560,2007,김일경,Hitter,Train,Speed,https://img.inven.co.kr/image/site_image/bm/dataninfo/playercard/560f.jpg,SEASON_c350964e46a9ddbc6333,67,61,65
560,2007,김일경,Hitter,Train,Defense,https://img.inven.co.kr/image/site_image/bm/dataninfo/playercard/560f.jpg,SEASON_c350964e46a9ddbc6333,75,47,69
560,2007,김일경,Hitter,Train,BatterMental,https://img.inven.co.kr/image/site_image/bm/dataninfo/playercard/560f.jpg,SEASON_c350964e46a9ddbc6333,58,50,60
561,2008,김일경,Hitter,Train,Cost,https://img.inven.co.kr/image/site_image/bm/dataninfo/playercard/561f.jpg,SEASON_970e5946a30a2403dfdc,5,5,5
561,2008,김일경,Hitter,Train,Contact,https://img.inven.co.kr/image/site_image/bm/dataninfo/playercard/561f.jpg,SEASON_970e5946a30a2403dfdc,60,45,60
561,2008,김일경,Hitter,Train,Power,https://img.inven.co.kr/image/site_image/bm/dataninfo/playercard/561f.jpg,SEASON_970e5946a30a2403dfdc,52,39,56
561,2008,김일경,Hitter,Train,Speed,https://img.inven.co.kr/image/site_image/bm/dataninfo/playercard/561f.jpg,SEASON_970e5946a30a2403dfdc,62,57,63
561,2008,김일경,Hitter,Train,Defense,https://img.inven.co.kr/image/site_image/bm/dataninfo/playercard/561f.jpg,SEASON_970e5946a30a2403dfdc,69,54,72
561,2008,김일경,Hitter,Train,BatterMental,https://img.inven.co.kr/image/site_image/bm/dataninfo/playercard/561f.jpg,SEASON_970e5946a30a2403dfdc,57,53,61
623,2001,김종국,Hitter,Train,Cost,https://img.inven.co.kr/image/site_image/bm/dataninfo/playercard/623f.jpg,SEASON_04c69b03c232d412705e,5,7,7
623,2001,김종국,Hitter,Train,Contact,https://img.inven.co.kr/image/site_image/bm/dataninfo/playercard/623f.jpg,SEASON_04c69b03c232d412705e,67,53,66
623,2001,김종국,Hitter,Train,Power,https://img.inven.co.kr/image/site_image/bm/dataninfo/playercard/623f.jpg,SEASON_04c69b03c232d412705e,56,40,57
623,2001,김종국,Hitter,Train,Speed,https://img.inven.co.kr/image/site_image/bm/dataninfo/playercard/623f.jpg,SEASON_04c69b03c232d412705e,78,80,77
623,2001,김종국,Hitter,Train,Defense,https://img.inven.co.kr/image/site_image/bm/dataninfo/playercard/623f.jpg,SEASON_04c69b03c232d412705e,75,62,77
623,2001,김종국,Hitter,Train,BatterMental,https://img.inven.co.kr/image/site_image/bm/dataninfo/playercard/623f.jpg,SEASON_04c69b03c232d412705e,52,60,64
628,2006,김종국,Hitter,Train,Cost,https://img.inven.co.kr/image/site_image/bm/dataninfo/playercard/628f.jpg,SEASON_401c52483a1fbe704599,5,6,6
628,2006,김종국,Hitter,Train,Contact,https://img.inven.co.kr/image/site_image/bm/dataninfo/playercard/628f.jpg,SEASON_401c52483a1fbe704599,60,37,55
628,2006,김종국,Hitter,Train,Power,https://img.inven.co.kr/image/site_image/bm/dataninfo/playercard/628f.jpg,SEASON_401c52483a1fbe704599,50,34,53
628,2006,김종국,Hitter,Train,Speed,https://img.inven.co.kr/image/site_image/bm/dataninfo/playercard/628f.jpg,SEASON_401c52483a1fbe704599,75,72,72
628,2006,김종국,Hitter,Train,Defense,https://img.inven.co.kr/image/site_image/bm/dataninfo/playercard/628f.jpg,SEASON_401c52483a1fbe704599,68,64,78
628,2006,김종국,Hitter,Train,BatterMental,https://img.inven.co.kr/image/site_image/bm/dataninfo/playercard/628f.jpg,SEASON_401c52483a1fbe704599,59,47,59
977,2004,박경수,Hitter,Train,Cost,https://img.inven.co.kr/image/site_image/bm/dataninfo/playercard/977f.jpg,SEASON_8307071cb16c8f65e9d5,5,6,6
977,2004,박경수,Hitter,Train,Contact,https://img.inven.co.kr/image/site_image/bm/dataninfo/playercard/977f.jpg,SEASON_8307071cb16c8f65e9d5,65,50,64
977,2004,박경수,Hitter,Train,Power,https://img.inven.co.kr/image/site_image/bm/dataninfo/playercard/977f.jpg,SEASON_8307071cb16c8f65e9d5,63,43,59
977,2004,박경수,Hitter,Train,Speed,https://img.inven.co.kr/image/site_image/bm/dataninfo/playercard/977f.jpg,SEASON_8307071cb16c8f65e9d5,63,62,66
977,2004,박경수,Hitter,Train,Defense,https://img.inven.co.kr/image/site_image/bm/dataninfo/playercard/977f.jpg,SEASON_8307071cb16c8f65e9d5,68,51,71
977,2004,박경수,Hitter,Train,BatterMental,https://img.inven.co.kr/image/site_image/bm/dataninfo/playercard/977f.jpg,SEASON_8307071cb16c8f65e9d5,58,62,65
979,2006,박경수,Hitter,Train,Cost,https://img.inven.co.kr/image/site_image/bm/dataninfo/playercard/979f.jpg,SEASON_acf5ca5f019ca8e6ddbb,5,6,6
979,2006,박경수,Hitter,Train,Contact,https://img.inven.co.kr/image/site_image/bm/dataninfo/playercard/979f.jpg,SEASON_acf5ca5f019ca8e6ddbb,59,30,50
979,2006,박경수,Hitter,Train,Power,https://img.inven.co.kr/image/site_image/bm/dataninfo/playercard/979f.jpg,SEASON_acf5ca5f019ca8e6ddbb,62,41,58
979,2006,박경수,Hitter,Train,Speed,https://img.inven.co.kr/image/site_image/bm/dataninfo/playercard/979f.jpg,SEASON_acf5ca5f019ca8e6ddbb,63,55,62
979,2006,박경수,Hitter,Train,Defense,https://img.inven.co.kr/image/site_image/bm/dataninfo/playercard/979f.jpg,SEASON_acf5ca5f019ca8e6ddbb,69,56,73
979,2006,박경수,Hitter,Train,BatterMental,https://img.inven.co.kr/image/site_image/bm/dataninfo/playercard/979f.jpg,SEASON_acf5ca5f019ca8e6ddbb,60,47,58
3423,2009,박경수,Hitter,Train,Cost,https://img.inven.co.kr/image/site_image/bm/dataninfo/playercard/3423f.jpg,SEASON_8b390bd43578076739d0,5,6,6
3423,2009,박경수,Hitter,Train,Contact,https://img.inven.co.kr/image/site_image/bm/dataninfo/playercard/3423f.jpg,SEASON_8b390bd43578076739d0,55,34,53
3423,2009,박경수,Hitter,Train,Power,https://img.inven.co.kr/image/site_image/bm/dataninfo/playercard/3423f.jpg,SEASON_8b390bd43578076739d0,68,41,58
3423,2009,박경수,Hitter,Train,Speed,https://img.inven.co.kr/image/site_image/bm/dataninfo/playercard/3423f.jpg,SEASON_8b390bd43578076739d0,58,55,62
3423,2009,박경수,Hitter,Train,Defense,https://img.inven.co.kr/image/site_image/bm/dataninfo/playercard/3423f.jpg,SEASON_8b390bd43578076739d0,74,59,75
3423,2009,박경수,Hitter,Train,BatterMental,https://img.inven.co.kr/image/site_image/bm/dataninfo/playercard/3423f.jpg,SEASON_8b390bd43578076739d0,45,57,63
1139,2002,박정환,Hitter,Train,Cost,https://img.inven.co.kr/image/site_image/bm/dataninfo/playercard/1139f.jpg,SEASON_1c13fa577f0ab521077a,5,6,6
1139,2002,박정환,Hitter,Train,Contact,https://img.inven.co.kr/image/site_image/bm/dataninfo/playercard/1139f.jpg,SEASON_1c13fa577f0ab521077a,59,38,55
1139,2002,박정환,Hitter,Train,Power,https://img.inven.co.kr/image/site_image/bm/dataninfo/playercard/1139f.jpg,SEASON_1c13fa577f0ab521077a,67,44,60
1139,2002,박정환,Hitter,Train,Speed,https://img.inven.co.kr/image/site_image/bm/dataninfo/playercard/1139f.jpg,SEASON_1c13fa577f0ab521077a,66,51,59
1139,2002,박정환,Hitter,Train,Defense,https://img.inven.co.kr/image/site_image/bm/dataninfo/playercard/1139f.jpg,SEASON_1c13fa577f0ab521077a,73,59,75
1139,2002,박정환,Hitter,Train,BatterMental,https://img.inven.co.kr/image/site_image/bm/dataninfo/playercard/1139f.jpg,SEASON_1c13fa577f0ab521077a,62,52,61
1155,2002,박종호,Hitter,Train,Cost,https://img.inven.co.kr/image/site_image/bm/dataninfo/playercard/1155f.jpg,SEASON_bf4c25ce2ae006ae8c08,5,7,7
1155,2002,박종호,Hitter,Train,Contact,https://img.inven.co.kr/image/site_image/bm/dataninfo/playercard/1155f.jpg,SEASON_bf4c25ce2ae006ae8c08,63,51,64
1155,2002,박종호,Hitter,Train,Power,https://img.inven.co.kr/image/site_image/bm/dataninfo/playercard/1155f.jpg,SEASON_bf4c25ce2ae006ae8c08,64,43,59
1155,2002,박종호,Hitter,Train,Speed,https://img.inven.co.kr/image/site_image/bm/dataninfo/playercard/1155f.jpg,SEASON_bf4c25ce2ae006ae8c08,61,53,60
1155,2002,박종호,Hitter,Train,Defense,https://img.inven.co.kr/image/site_image/bm/dataninfo/playercard/1155f.jpg,SEASON_bf4c25ce2ae006ae8c08,70,55,73
1155,2002,박종호,Hitter,Train,BatterMental,https://img.inven.co.kr/image/site_image/bm/dataninfo/playercard/1155f.jpg,SEASON_bf4c25ce2ae006ae8c08,68,57,63
1158,2005,박종호,Hitter,Train,Cost,https://img.inven.co.kr/image/site_image/bm/dataninfo/playercard/1158f.jpg,SEASON_05f8fbb0620c83042827,5,7,7
1158,2005,박종호,Hitter,Train,Contact,https://img.inven.co.kr/image/site_image/bm/dataninfo/playercard/1158f.jpg,SEASON_05f8fbb0620c83042827,65,53,65
1158,2005,박종호,Hitter,Train,Power,https://img.inven.co.kr/image/site_image/bm/dataninfo/playercard/1158f.jpg,SEASON_05f8fbb0620c83042827,56,41,58
1158,2005,박종호,Hitter,Train,Speed,https://img.inven.co.kr/image/site_image/bm/dataninfo/playercard/1158f.jpg,SEASON_05f8fbb0620c83042827,63,54,61
1158,2005,박종호,Hitter,Train,Defense,https://img.inven.co.kr/image/site_image/bm/dataninfo/playercard/1158f.jpg,SEASON_05f8fbb0620c83042827,79,54,73
1158,2005,박종호,Hitter,Train,BatterMental,https://img.inven.co.kr/image/site_image/bm/dataninfo/playercard/1158f.jpg,SEASON_05f8fbb0620c83042827,62,66,66
1159,2006,박종호,Hitter,Train,Cost,https://img.inven.co.kr/image/site_image/bm/dataninfo/playercard/1159f.jpg,SEASON_80f58e468feae21b6e51,5,5,5
1159,2006,박종호,Hitter,Train,Contact,https://img.inven.co.kr/image/site_image/bm/dataninfo/playercard/1159f.jpg,SEASON_80f58e468feae21b6e51,61,41,58
1159,2006,박종호,Hitter,Train,Power,https://img.inven.co.kr/image/site_image/bm/dataninfo/playercard/1159f.jpg,SEASON_80f58e468feae21b6e51,50,34,53
1159,2006,박종호,Hitter,Train,Speed,https://img.inven.co.kr/image/site_image/bm/dataninfo/playercard/1159f.jpg,SEASON_80f58e468feae21b6e51,63,52,60
1159,2006,박종호,Hitter,Train,Defense,https://img.inven.co.kr/image/site_image/bm/dataninfo/playercard/1159f.jpg,SEASON_80f58e468feae21b6e51,78,33,60
1159,2006,박종호,Hitter,Train,BatterMental,https://img.inven.co.kr/image/site_image/bm/dataninfo/playercard/1159f.jpg,SEASON_80f58e468feae21b6e51,67,55,62
1210,2006,박현승,Hitter,Validation,Cost,https://img.inven.co.kr/image/site_image/bm/dataninfo/playercard/1210f.jpg,SEASON_6737cf2f7fcdefa94d30,5,6,6
1210,2006,박현승,Hitter,Validation,Contact,https://img.inven.co.kr/image/site_image/bm/dataninfo/playercard/1210f.jpg,SEASON_6737cf2f7fcdefa94d30,61,43,59
1210,2006,박현승,Hitter,Validation,Power,https://img.inven.co.kr/image/site_image/bm/dataninfo/playercard/1210f.jpg,SEASON_6737cf2f7fcdefa94d30,52,37,55
1210,2006,박현승,Hitter,Validation,Speed,https://img.inven.co.kr/image/site_image/bm/dataninfo/playercard/1210f.jpg,SEASON_6737cf2f7fcdefa94d30,62,56,62
1210,2006,박현승,Hitter,Validation,Defense,https://img.inven.co.kr/image/site_image/bm/dataninfo/playercard/1210f.jpg,SEASON_6737cf2f7fcdefa94d30,72,56,74
1210,2006,박현승,Hitter,Validation,BatterMental,https://img.inven.co.kr/image/site_image/bm/dataninfo/playercard/1210f.jpg,SEASON_6737cf2f7fcdefa94d30,62,55,62
1244,2001,백재호,Hitter,Holdout,Cost,https://img.inven.co.kr/image/site_image/bm/dataninfo/playercard/1244f.jpg,SEASON_68fc7eef4222c6db44ee,5,5,5
1244,2001,백재호,Hitter,Holdout,Contact,https://img.inven.co.kr/image/site_image/bm/dataninfo/playercard/1244f.jpg,SEASON_68fc7eef4222c6db44ee,58,46,61
1244,2001,백재호,Hitter,Holdout,Power,https://img.inven.co.kr/image/site_image/bm/dataninfo/playercard/1244f.jpg,SEASON_68fc7eef4222c6db44ee,63,41,57
1244,2001,백재호,Hitter,Holdout,Speed,https://img.inven.co.kr/image/site_image/bm/dataninfo/playercard/1244f.jpg,SEASON_68fc7eef4222c6db44ee,64,50,59
1244,2001,백재호,Hitter,Holdout,Defense,https://img.inven.co.kr/image/site_image/bm/dataninfo/playercard/1244f.jpg,SEASON_68fc7eef4222c6db44ee,67,45,67
1244,2001,백재호,Hitter,Holdout,BatterMental,https://img.inven.co.kr/image/site_image/bm/dataninfo/playercard/1244f.jpg,SEASON_68fc7eef4222c6db44ee,59,59,63
1248,2005,백재호,Hitter,Holdout,Cost,https://img.inven.co.kr/image/site_image/bm/dataninfo/playercard/1248f.jpg,SEASON_165a79fbfb6ec3637011,5,6,6
1248,2005,백재호,Hitter,Holdout,Contact,https://img.inven.co.kr/image/site_image/bm/dataninfo/playercard/1248f.jpg,SEASON_165a79fbfb6ec3637011,60,51,65
1248,2005,백재호,Hitter,Holdout,Power,https://img.inven.co.kr/image/site_image/bm/dataninfo/playercard/1248f.jpg,SEASON_165a79fbfb6ec3637011,58,40,57
1248,2005,백재호,Hitter,Holdout,Speed,https://img.inven.co.kr/image/site_image/bm/dataninfo/playercard/1248f.jpg,SEASON_165a79fbfb6ec3637011,67,56,63
1248,2005,백재호,Hitter,Holdout,Defense,https://img.inven.co.kr/image/site_image/bm/dataninfo/playercard/1248f.jpg,SEASON_165a79fbfb6ec3637011,73,53,72
1248,2005,백재호,Hitter,Holdout,BatterMental,https://img.inven.co.kr/image/site_image/bm/dataninfo/playercard/1248f.jpg,SEASON_165a79fbfb6ec3637011,59,55,62
1374,2007,손지환,Hitter,Train,Cost,https://img.inven.co.kr/image/site_image/bm/dataninfo/playercard/1374f.jpg,SEASON_87209d331304e27a0d47,5,5,5
1374,2007,손지환,Hitter,Train,Contact,https://img.inven.co.kr/image/site_image/bm/dataninfo/playercard/1374f.jpg,SEASON_87209d331304e27a0d47,58,33,52
1374,2007,손지환,Hitter,Train,Power,https://img.inven.co.kr/image/site_image/bm/dataninfo/playercard/1374f.jpg,SEASON_87209d331304e27a0d47,63,42,58
1374,2007,손지환,Hitter,Train,Speed,https://img.inven.co.kr/image/site_image/bm/dataninfo/playercard/1374f.jpg,SEASON_87209d331304e27a0d47,57,49,58
1374,2007,손지환,Hitter,Train,Defense,https://img.inven.co.kr/image/site_image/bm/dataninfo/playercard/1374f.jpg,SEASON_87209d331304e27a0d47,68,64,78
1374,2007,손지환,Hitter,Train,BatterMental,https://img.inven.co.kr/image/site_image/bm/dataninfo/playercard/1374f.jpg,SEASON_87209d331304e27a0d47,68,44,57
1468,2003,신명철,Hitter,Train,Cost,https://img.inven.co.kr/image/site_image/bm/dataninfo/playercard/1468f.jpg,SEASON_5bd9a58c64b0680418a4,5,5,5
1468,2003,신명철,Hitter,Train,Contact,https://img.inven.co.kr/image/site_image/bm/dataninfo/playercard/1468f.jpg,SEASON_5bd9a58c64b0680418a4,60,40,57
1468,2003,신명철,Hitter,Train,Power,https://img.inven.co.kr/image/site_image/bm/dataninfo/playercard/1468f.jpg,SEASON_5bd9a58c64b0680418a4,63,41,58
1468,2003,신명철,Hitter,Train,Speed,https://img.inven.co.kr/image/site_image/bm/dataninfo/playercard/1468f.jpg,SEASON_5bd9a58c64b0680418a4,59,57,63
1468,2003,신명철,Hitter,Train,Defense,https://img.inven.co.kr/image/site_image/bm/dataninfo/playercard/1468f.jpg,SEASON_5bd9a58c64b0680418a4,68,45,67
1468,2003,신명철,Hitter,Train,BatterMental,https://img.inven.co.kr/image/site_image/bm/dataninfo/playercard/1468f.jpg,SEASON_5bd9a58c64b0680418a4,61,45,58
1473,2008,신명철,Hitter,Train,Cost,https://img.inven.co.kr/image/site_image/bm/dataninfo/playercard/1473f.jpg,SEASON_26cdc3984288219f2bc0,5,4,4
1473,2008,신명철,Hitter,Train,Contact,https://img.inven.co.kr/image/site_image/bm/dataninfo/playercard/1473f.jpg,SEASON_26cdc3984288219f2bc0,58,25,43
1473,2008,신명철,Hitter,Train,Power,https://img.inven.co.kr/image/site_image/bm/dataninfo/playercard/1473f.jpg,SEASON_26cdc3984288219f2bc0,50,28,49
1473,2008,신명철,Hitter,Train,Speed,https://img.inven.co.kr/image/site_image/bm/dataninfo/playercard/1473f.jpg,SEASON_26cdc3984288219f2bc0,68,61,65
1473,2008,신명철,Hitter,Train,Defense,https://img.inven.co.kr/image/site_image/bm/dataninfo/playercard/1473f.jpg,SEASON_26cdc3984288219f2bc0,71,56,74
1473,2008,신명철,Hitter,Train,BatterMental,https://img.inven.co.kr/image/site_image/bm/dataninfo/playercard/1473f.jpg,SEASON_26cdc3984288219f2bc0,56,33,53
1551,2000,안경현,Hitter,Validation,Cost,https://img.inven.co.kr/image/site_image/bm/dataninfo/playercard/1551f.jpg,SEASON_c96f0ab1ff374e9e22c4,5,6,6
1551,2000,안경현,Hitter,Validation,Contact,https://img.inven.co.kr/image/site_image/bm/dataninfo/playercard/1551f.jpg,SEASON_c96f0ab1ff374e9e22c4,67,51,64
1551,2000,안경현,Hitter,Validation,Power,https://img.inven.co.kr/image/site_image/bm/dataninfo/playercard/1551f.jpg,SEASON_c96f0ab1ff374e9e22c4,67,46,61
1551,2000,안경현,Hitter,Validation,Speed,https://img.inven.co.kr/image/site_image/bm/dataninfo/playercard/1551f.jpg,SEASON_c96f0ab1ff374e9e22c4,54,55,55
1551,2000,안경현,Hitter,Validation,Defense,https://img.inven.co.kr/image/site_image/bm/dataninfo/playercard/1551f.jpg,SEASON_c96f0ab1ff374e9e22c4,72,55,55
1551,2000,안경현,Hitter,Validation,BatterMental,https://img.inven.co.kr/image/site_image/bm/dataninfo/playercard/1551f.jpg,SEASON_c96f0ab1ff374e9e22c4,59,60,64
3528,2009,안치홍,Hitter,Validation,Cost,https://img.inven.co.kr/image/site_image/bm/dataninfo/playercard/3528f.jpg,SEASON_4a07f1fed393c49e3dba,5,6,6
3528,2009,안치홍,Hitter,Validation,Contact,https://img.inven.co.kr/image/site_image/bm/dataninfo/playercard/3528f.jpg,SEASON_4a07f1fed393c49e3dba,51,33,52
3528,2009,안치홍,Hitter,Validation,Power,https://img.inven.co.kr/image/site_image/bm/dataninfo/playercard/3528f.jpg,SEASON_4a07f1fed393c49e3dba,72,50,64
3528,2009,안치홍,Hitter,Validation,Speed,https://img.inven.co.kr/image/site_image/bm/dataninfo/playercard/3528f.jpg,SEASON_4a07f1fed393c49e3dba,60,57,63
3528,2009,안치홍,Hitter,Validation,Defense,https://img.inven.co.kr/image/site_image/bm/dataninfo/playercard/3528f.jpg,SEASON_4a07f1fed393c49e3dba,69,52,71
3528,2009,안치홍,Hitter,Validation,BatterMental,https://img.inven.co.kr/image/site_image/bm/dataninfo/playercard/3528f.jpg,SEASON_4a07f1fed393c49e3dba,53,42,57
2057,2008,이여상,Hitter,Train,Cost,https://img.inven.co.kr/image/site_image/bm/dataninfo/playercard/2057f.jpg,SEASON_857ad9094c0982b36aca,5,4,4
2057,2008,이여상,Hitter,Train,Contact,https://img.inven.co.kr/image/site_image/bm/dataninfo/playercard/2057f.jpg,SEASON_857ad9094c0982b36aca,58,27,49
2057,2008,이여상,Hitter,Train,Power,https://img.inven.co.kr/image/site_image/bm/dataninfo/playercard/2057f.jpg,SEASON_857ad9094c0982b36aca,52,34,53
2057,2008,이여상,Hitter,Train,Speed,https://img.inven.co.kr/image/site_image/bm/dataninfo/playercard/2057f.jpg,SEASON_857ad9094c0982b36aca,66,60,65
2057,2008,이여상,Hitter,Train,Defense,https://img.inven.co.kr/image/site_image/bm/dataninfo/playercard/2057f.jpg,SEASON_857ad9094c0982b36aca,69,61,77
2057,2008,이여상,Hitter,Train,BatterMental,https://img.inven.co.kr/image/site_image/bm/dataninfo/playercard/2057f.jpg,SEASON_857ad9094c0982b36aca,59,40,56
2170,2000,이종열,Hitter,Train,Cost,https://img.inven.co.kr/image/site_image/bm/dataninfo/playercard/2170f.jpg,SEASON_9d1cf0e26fe83c731490,5,7,7
2170,2000,이종열,Hitter,Train,Contact,https://img.inven.co.kr/image/site_image/bm/dataninfo/playercard/2170f.jpg,SEASON_9d1cf0e26fe83c731490,61,42,58
2170,2000,이종열,Hitter,Train,Power,https://img.inven.co.kr/image/site_image/bm/dataninfo/playercard/2170f.jpg,SEASON_9d1cf0e26fe83c731490,63,40,57
2170,2000,이종열,Hitter,Train,Speed,https://img.inven.co.kr/image/site_image/bm/dataninfo/playercard/2170f.jpg,SEASON_9d1cf0e26fe83c731490,64,55,55
2170,2000,이종열,Hitter,Train,Defense,https://img.inven.co.kr/image/site_image/bm/dataninfo/playercard/2170f.jpg,SEASON_9d1cf0e26fe83c731490,79,55,55
2170,2000,이종열,Hitter,Train,BatterMental,https://img.inven.co.kr/image/site_image/bm/dataninfo/playercard/2170f.jpg,SEASON_9d1cf0e26fe83c731490,54,53,61
2175,2005,이종열,Hitter,Train,Cost,https://img.inven.co.kr/image/site_image/bm/dataninfo/playercard/2175f.jpg,SEASON_da1311e36e4b2890e554,5,6,6
2175,2005,이종열,Hitter,Train,Contact,https://img.inven.co.kr/image/site_image/bm/dataninfo/playercard/2175f.jpg,SEASON_da1311e36e4b2890e554,56,43,59
2175,2005,이종열,Hitter,Train,Power,https://img.inven.co.kr/image/site_image/bm/dataninfo/playercard/2175f.jpg,SEASON_da1311e36e4b2890e554,63,42,58
2175,2005,이종열,Hitter,Train,Speed,https://img.inven.co.kr/image/site_image/bm/dataninfo/playercard/2175f.jpg,SEASON_da1311e36e4b2890e554,65,56,63
2175,2005,이종열,Hitter,Train,Defense,https://img.inven.co.kr/image/site_image/bm/dataninfo/playercard/2175f.jpg,SEASON_da1311e36e4b2890e554,72,57,74
2175,2005,이종열,Hitter,Train,BatterMental,https://img.inven.co.kr/image/site_image/bm/dataninfo/playercard/2175f.jpg,SEASON_da1311e36e4b2890e554,63,50,60
2268,2002,임수민,Hitter,Validation,Cost,https://img.inven.co.kr/image/site_image/bm/dataninfo/playercard/2268f.jpg,SEASON_f0c4fee6ea3131f66d01,5,6,6
2268,2002,임수민,Hitter,Validation,Contact,https://img.inven.co.kr/image/site_image/bm/dataninfo/playercard/2268f.jpg,SEASON_f0c4fee6ea3131f66d01,58,35,54
2268,2002,임수민,Hitter,Validation,Power,https://img.inven.co.kr/image/site_image/bm/dataninfo/playercard/2268f.jpg,SEASON_f0c4fee6ea3131f66d01,68,45,60
2268,2002,임수민,Hitter,Validation,Speed,https://img.inven.co.kr/image/site_image/bm/dataninfo/playercard/2268f.jpg,SEASON_f0c4fee6ea3131f66d01,59,52,60
2268,2002,임수민,Hitter,Validation,Defense,https://img.inven.co.kr/image/site_image/bm/dataninfo/playercard/2268f.jpg,SEASON_f0c4fee6ea3131f66d01,77,60,76
2268,2002,임수민,Hitter,Validation,BatterMental,https://img.inven.co.kr/image/site_image/bm/dataninfo/playercard/2268f.jpg,SEASON_f0c4fee6ea3131f66d01,61,51,60
2269,2003,임수민,Hitter,Validation,Cost,https://img.inven.co.kr/image/site_image/bm/dataninfo/playercard/2269f.jpg,SEASON_607053aca76b87845863,5,6,6
2269,2003,임수민,Hitter,Validation,Contact,https://img.inven.co.kr/image/site_image/bm/dataninfo/playercard/2269f.jpg,SEASON_607053aca76b87845863,65,49,63
2269,2003,임수민,Hitter,Validation,Power,https://img.inven.co.kr/image/site_image/bm/dataninfo/playercard/2269f.jpg,SEASON_607053aca76b87845863,63,44,60
2269,2003,임수민,Hitter,Validation,Speed,https://img.inven.co.kr/image/site_image/bm/dataninfo/playercard/2269f.jpg,SEASON_607053aca76b87845863,56,52,60
2269,2003,임수민,Hitter,Validation,Defense,https://img.inven.co.kr/image/site_image/bm/dataninfo/playercard/2269f.jpg,SEASON_607053aca76b87845863,70,57,74
2269,2003,임수민,Hitter,Validation,BatterMental,https://img.inven.co.kr/image/site_image/bm/dataninfo/playercard/2269f.jpg,SEASON_607053aca76b87845863,64,56,62
2270,2004,임수민,Hitter,Validation,Cost,https://img.inven.co.kr/image/site_image/bm/dataninfo/playercard/2270f.jpg,SEASON_3bf770a59a9472f1e34d,5,6,6
2270,2004,임수민,Hitter,Validation,Contact,https://img.inven.co.kr/image/site_image/bm/dataninfo/playercard/2270f.jpg,SEASON_3bf770a59a9472f1e34d,59,42,58
2270,2004,임수민,Hitter,Validation,Power,https://img.inven.co.kr/image/site_image/bm/dataninfo/playercard/2270f.jpg,SEASON_3bf770a59a9472f1e34d,67,48,62
2270,2004,임수민,Hitter,Validation,Speed,https://img.inven.co.kr/image/site_image/bm/dataninfo/playercard/2270f.jpg,SEASON_3bf770a59a9472f1e34d,55,49,58
2270,2004,임수민,Hitter,Validation,Defense,https://img.inven.co.kr/image/site_image/bm/dataninfo/playercard/2270f.jpg,SEASON_3bf770a59a9472f1e34d,74,62,77
2270,2004,임수민,Hitter,Validation,BatterMental,https://img.inven.co.kr/image/site_image/bm/dataninfo/playercard/2270f.jpg,SEASON_3bf770a59a9472f1e34d,56,46,58
2460,2000,정경배,Hitter,Holdout,Cost,https://img.inven.co.kr/image/site_image/bm/dataninfo/playercard/2460f.jpg,SEASON_6dab9a792bbe6e00459c,5,8,8
2460,2000,정경배,Hitter,Holdout,Contact,https://img.inven.co.kr/image/site_image/bm/dataninfo/playercard/2460f.jpg,SEASON_6dab9a792bbe6e00459c,69,57,68
2460,2000,정경배,Hitter,Holdout,Power,https://img.inven.co.kr/image/site_image/bm/dataninfo/playercard/2460f.jpg,SEASON_6dab9a792bbe6e00459c,70,53,66
2460,2000,정경배,Hitter,Holdout,Speed,https://img.inven.co.kr/image/site_image/bm/dataninfo/playercard/2460f.jpg,SEASON_6dab9a792bbe6e00459c,62,55,55
2460,2000,정경배,Hitter,Holdout,Defense,https://img.inven.co.kr/image/site_image/bm/dataninfo/playercard/2460f.jpg,SEASON_6dab9a792bbe6e00459c,69,55,55
2460,2000,정경배,Hitter,Holdout,BatterMental,https://img.inven.co.kr/image/site_image/bm/dataninfo/playercard/2460f.jpg,SEASON_6dab9a792bbe6e00459c,57,62,65
2464,2004,정경배,Hitter,Holdout,Cost,https://img.inven.co.kr/image/site_image/bm/dataninfo/playercard/2464f.jpg,SEASON_a2f606264677964ea41d,5,8,8
2464,2004,정경배,Hitter,Holdout,Contact,https://img.inven.co.kr/image/site_image/bm/dataninfo/playercard/2464f.jpg,SEASON_a2f606264677964ea41d,76,61,71
2464,2004,정경배,Hitter,Holdout,Power,https://img.inven.co.kr/image/site_image/bm/dataninfo/playercard/2464f.jpg,SEASON_a2f606264677964ea41d,67,52,65
2464,2004,정경배,Hitter,Holdout,Speed,https://img.inven.co.kr/image/site_image/bm/dataninfo/playercard/2464f.jpg,SEASON_a2f606264677964ea41d,56,52,60
2464,2004,정경배,Hitter,Holdout,Defense,https://img.inven.co.kr/image/site_image/bm/dataninfo/playercard/2464f.jpg,SEASON_a2f606264677964ea41d,70,57,74
2464,2004,정경배,Hitter,Holdout,BatterMental,https://img.inven.co.kr/image/site_image/bm/dataninfo/playercard/2464f.jpg,SEASON_a2f606264677964ea41d,64,65,66
2467,2007,정경배,Hitter,Holdout,Cost,https://img.inven.co.kr/image/site_image/bm/dataninfo/playercard/2467f.jpg,SEASON_faefb9670773632a07f3,5,6,6
2467,2007,정경배,Hitter,Holdout,Contact,https://img.inven.co.kr/image/site_image/bm/dataninfo/playercard/2467f.jpg,SEASON_faefb9670773632a07f3,58,36,54
2467,2007,정경배,Hitter,Holdout,Power,https://img.inven.co.kr/image/site_image/bm/dataninfo/playercard/2467f.jpg,SEASON_faefb9670773632a07f3,56,39,57
2467,2007,정경배,Hitter,Holdout,Speed,https://img.inven.co.kr/image/site_image/bm/dataninfo/playercard/2467f.jpg,SEASON_faefb9670773632a07f3,60,53,60
2467,2007,정경배,Hitter,Holdout,Defense,https://img.inven.co.kr/image/site_image/bm/dataninfo/playercard/2467f.jpg,SEASON_faefb9670773632a07f3,73,50,70
2467,2007,정경배,Hitter,Holdout,BatterMental,https://img.inven.co.kr/image/site_image/bm/dataninfo/playercard/2467f.jpg,SEASON_faefb9670773632a07f3,70,47,58
2829,2004,채종국,Hitter,Train,Cost,https://img.inven.co.kr/image/site_image/bm/dataninfo/playercard/2829f.jpg,SEASON_059e1784021f29cce8e3,5,6,6
2829,2004,채종국,Hitter,Train,Contact,https://img.inven.co.kr/image/site_image/bm/dataninfo/playercard/2829f.jpg,SEASON_059e1784021f29cce8e3,66,52,65
2829,2004,채종국,Hitter,Train,Power,https://img.inven.co.kr/image/site_image/bm/dataninfo/playercard/2829f.jpg,SEASON_059e1784021f29cce8e3,56,41,58
2829,2004,채종국,Hitter,Train,Speed,https://img.inven.co.kr/image/site_image/bm/dataninfo/playercard/2829f.jpg,SEASON_059e1784021f29cce8e3,61,56,62
2829,2004,채종국,Hitter,Train,Defense,https://img.inven.co.kr/image/site_image/bm/dataninfo/playercard/2829f.jpg,SEASON_059e1784021f29cce8e3,76,53,72
2829,2004,채종국,Hitter,Train,BatterMental,https://img.inven.co.kr/image/site_image/bm/dataninfo/playercard/2829f.jpg,SEASON_059e1784021f29cce8e3,71,61,64
3076,2007,한상훈,Hitter,Train,Cost,https://img.inven.co.kr/image/site_image/bm/dataninfo/playercard/3076f.jpg,SEASON_0e270be2faa1bd99843a,5,6,6
3076,2007,한상훈,Hitter,Train,Contact,https://img.inven.co.kr/image/site_image/bm/dataninfo/playercard/3076f.jpg,SEASON_0e270be2faa1bd99843a,63,47,62
3076,2007,한상훈,Hitter,Train,Power,https://img.inven.co.kr/image/site_image/bm/dataninfo/playercard/3076f.jpg,SEASON_0e270be2faa1bd99843a,51,38,56
3076,2007,한상훈,Hitter,Train,Speed,https://img.inven.co.kr/image/site_image/bm/dataninfo/playercard/3076f.jpg,SEASON_0e270be2faa1bd99843a,62,58,64
3076,2007,한상훈,Hitter,Train,Defense,https://img.inven.co.kr/image/site_image/bm/dataninfo/playercard/3076f.jpg,SEASON_0e270be2faa1bd99843a,69,58,75
3076,2007,한상훈,Hitter,Train,BatterMental,https://img.inven.co.kr/image/site_image/bm/dataninfo/playercard/3076f.jpg,SEASON_0e270be2faa1bd99843a,56,56,62
3077,2008,한상훈,Hitter,Train,Cost,https://img.inven.co.kr/image/site_image/bm/dataninfo/playercard/3077f.jpg,SEASON_0e6f687366063b841f0b,5,5,5
3077,2008,한상훈,Hitter,Train,Contact,https://img.inven.co.kr/image/site_image/bm/dataninfo/playercard/3077f.jpg,SEASON_0e6f687366063b841f0b,59,30,50
3077,2008,한상훈,Hitter,Train,Power,https://img.inven.co.kr/image/site_image/bm/dataninfo/playercard/3077f.jpg,SEASON_0e6f687366063b841f0b,46,30,51
3077,2008,한상훈,Hitter,Train,Speed,https://img.inven.co.kr/image/site_image/bm/dataninfo/playercard/3077f.jpg,SEASON_0e6f687366063b841f0b,67,54,61
3077,2008,한상훈,Hitter,Train,Defense,https://img.inven.co.kr/image/site_image/bm/dataninfo/playercard/3077f.jpg,SEASON_0e6f687366063b841f0b,71,58,75
3077,2008,한상훈,Hitter,Train,BatterMental,https://img.inven.co.kr/image/site_image/bm/dataninfo/playercard/3077f.jpg,SEASON_0e6f687366063b841f0b,62,44,57
133,2006,고영민,Hitter,Train,Cost,https://img.inven.co.kr/image/site_image/bm/dataninfo/playercard/133f.jpg,SEASON_4740e17af9342c3584ad,6,7,7
133,2006,고영민,Hitter,Train,Contact,https://img.inven.co.kr/image/site_image/bm/dataninfo/playercard/133f.jpg,SEASON_4740e17af9342c3584ad,68,55,67
133,2006,고영민,Hitter,Train,Power,https://img.inven.co.kr/image/site_image/bm/dataninfo/playercard/133f.jpg,SEASON_4740e17af9342c3584ad,51,43,59
133,2006,고영민,Hitter,Train,Speed,https://img.inven.co.kr/image/site_image/bm/dataninfo/playercard/133f.jpg,SEASON_4740e17af9342c3584ad,71,72,72
133,2006,고영민,Hitter,Train,Defense,https://img.inven.co.kr/image/site_image/bm/dataninfo/playercard/133f.jpg,SEASON_4740e17af9342c3584ad,81,51,71
133,2006,고영민,Hitter,Train,BatterMental,https://img.inven.co.kr/image/site_image/bm/dataninfo/playercard/133f.jpg,SEASON_4740e17af9342c3584ad,62,62,65
3360,2009,김일경,Hitter,Train,Cost,https://img.inven.co.kr/image/site_image/bm/dataninfo/playercard/3360f.jpg,SEASON_846c86c4c10553d517d9,6,5,5
3360,2009,김일경,Hitter,Train,Contact,https://img.inven.co.kr/image/site_image/bm/dataninfo/playercard/3360f.jpg,SEASON_846c86c4c10553d517d9,60,40,57
3360,2009,김일경,Hitter,Train,Power,https://img.inven.co.kr/image/site_image/bm/dataninfo/playercard/3360f.jpg,SEASON_846c86c4c10553d517d9,53,33,52
3360,2009,김일경,Hitter,Train,Speed,https://img.inven.co.kr/image/site_image/bm/dataninfo/playercard/3360f.jpg,SEASON_846c86c4c10553d517d9,72,83,79
3360,2009,김일경,Hitter,Train,Defense,https://img.inven.co.kr/image/site_image/bm/dataninfo/playercard/3360f.jpg,SEASON_846c86c4c10553d517d9,75,61,77
3360,2009,김일경,Hitter,Train,BatterMental,https://img.inven.co.kr/image/site_image/bm/dataninfo/playercard/3360f.jpg,SEASON_846c86c4c10553d517d9,52,50,60
625,2003,김종국,Hitter,Train,Cost,https://img.inven.co.kr/image/site_image/bm/dataninfo/playercard/625f.jpg,SEASON_11b11a390d81946556ca,6,8,8
625,2003,김종국,Hitter,Train,Contact,https://img.inven.co.kr/image/site_image/bm/dataninfo/playercard/625f.jpg,SEASON_11b11a390d81946556ca,61,44,59
625,2003,김종국,Hitter,Train,Power,https://img.inven.co.kr/image/site_image/bm/dataninfo/playercard/625f.jpg,SEASON_11b11a390d81946556ca,62,41,58
625,2003,김종국,Hitter,Train,Speed,https://img.inven.co.kr/image/site_image/bm/dataninfo/playercard/625f.jpg,SEASON_11b11a390d81946556ca,82,88,81
625,2003,김종국,Hitter,Train,Defense,https://img.inven.co.kr/image/site_image/bm/dataninfo/playercard/625f.jpg,SEASON_11b11a390d81946556ca,75,62,77
625,2003,김종국,Hitter,Train,BatterMental,https://img.inven.co.kr/image/site_image/bm/dataninfo/playercard/625f.jpg,SEASON_11b11a390d81946556ca,59,55,62
626,2004,김종국,Hitter,Train,Cost,https://img.inven.co.kr/image/site_image/bm/dataninfo/playercard/626f.jpg,SEASON_e9808d72b4c6cff0e52a,6,8,8
626,2004,김종국,Hitter,Train,Contact,https://img.inven.co.kr/image/site_image/bm/dataninfo/playercard/626f.jpg,SEASON_e9808d72b4c6cff0e52a,64,51,64
626,2004,김종국,Hitter,Train,Power,https://img.inven.co.kr/image/site_image/bm/dataninfo/playercard/626f.jpg,SEASON_e9808d72b4c6cff0e52a,68,49,63
626,2004,김종국,Hitter,Train,Speed,https://img.inven.co.kr/image/site_image/bm/dataninfo/playercard/626f.jpg,SEASON_e9808d72b4c6cff0e52a,83,93,85
626,2004,김종국,Hitter,Train,Defense,https://img.inven.co.kr/image/site_image/bm/dataninfo/playercard/626f.jpg,SEASON_e9808d72b4c6cff0e52a,72,63,78
626,2004,김종국,Hitter,Train,BatterMental,https://img.inven.co.kr/image/site_image/bm/dataninfo/playercard/626f.jpg,SEASON_e9808d72b4c6cff0e52a,57,58,63
630,2008,김종국,Hitter,Train,Cost,https://img.inven.co.kr/image/site_image/bm/dataninfo/playercard/630f.jpg,SEASON_de00622caf60d34aec84,6,6,6
630,2008,김종국,Hitter,Train,Contact,https://img.inven.co.kr/image/site_image/bm/dataninfo/playercard/630f.jpg,SEASON_de00622caf60d34aec84,60,36,54
630,2008,김종국,Hitter,Train,Power,https://img.inven.co.kr/image/site_image/bm/dataninfo/playercard/630f.jpg,SEASON_de00622caf60d34aec84,50,36,54
630,2008,김종국,Hitter,Train,Speed,https://img.inven.co.kr/image/site_image/bm/dataninfo/playercard/630f.jpg,SEASON_de00622caf60d34aec84,75,64,67
630,2008,김종국,Hitter,Train,Defense,https://img.inven.co.kr/image/site_image/bm/dataninfo/playercard/630f.jpg,SEASON_de00622caf60d34aec84,74,67,80
630,2008,김종국,Hitter,Train,BatterMental,https://img.inven.co.kr/image/site_image/bm/dataninfo/playercard/630f.jpg,SEASON_de00622caf60d34aec84,58,49,59
1154,2001,박종호,Hitter,Train,Cost,https://img.inven.co.kr/image/site_image/bm/dataninfo/playercard/1154f.jpg,SEASON_66f172101a962cd25cde,6,7,7
1154,2001,박종호,Hitter,Train,Contact,https://img.inven.co.kr/image/site_image/bm/dataninfo/playercard/1154f.jpg,SEASON_66f172101a962cd25cde,58,37,55
1154,2001,박종호,Hitter,Train,Power,https://img.inven.co.kr/image/site_image/bm/dataninfo/playercard/1154f.jpg,SEASON_66f172101a962cd25cde,67,42,58
1154,2001,박종호,Hitter,Train,Speed,https://img.inven.co.kr/image/site_image/bm/dataninfo/playercard/1154f.jpg,SEASON_66f172101a962cd25cde,66,52,60
1154,2001,박종호,Hitter,Train,Defense,https://img.inven.co.kr/image/site_image/bm/dataninfo/playercard/1154f.jpg,SEASON_66f172101a962cd25cde,77,54,72
1154,2001,박종호,Hitter,Train,BatterMental,https://img.inven.co.kr/image/site_image/bm/dataninfo/playercard/1154f.jpg,SEASON_66f172101a962cd25cde,67,50,60
1156,2003,박종호,Hitter,Train,Cost,https://img.inven.co.kr/image/site_image/bm/dataninfo/playercard/1156f.jpg,SEASON_a30ec57239aaa5b170ff,6,8,8
1156,2003,박종호,Hitter,Train,Contact,https://img.inven.co.kr/image/site_image/bm/dataninfo/playercard/1156f.jpg,SEASON_a30ec57239aaa5b170ff,70,62,72
1156,2003,박종호,Hitter,Train,Power,https://img.inven.co.kr/image/site_image/bm/dataninfo/playercard/1156f.jpg,SEASON_a30ec57239aaa5b170ff,63,46,61
1156,2003,박종호,Hitter,Train,Speed,https://img.inven.co.kr/image/site_image/bm/dataninfo/playercard/1156f.jpg,SEASON_a30ec57239aaa5b170ff,63,55,62
1156,2003,박종호,Hitter,Train,Defense,https://img.inven.co.kr/image/site_image/bm/dataninfo/playercard/1156f.jpg,SEASON_a30ec57239aaa5b170ff,79,49,70
1156,2003,박종호,Hitter,Train,BatterMental,https://img.inven.co.kr/image/site_image/bm/dataninfo/playercard/1156f.jpg,SEASON_a30ec57239aaa5b170ff,66,69,67
1157,2004,박종호,Hitter,Train,Cost,https://img.inven.co.kr/image/site_image/bm/dataninfo/playercard/1157f.jpg,SEASON_f50eea9e05e7f98a5682,6,8,8
1157,2004,박종호,Hitter,Train,Contact,https://img.inven.co.kr/image/site_image/bm/dataninfo/playercard/1157f.jpg,SEASON_f50eea9e05e7f98a5682,68,58,69
1157,2004,박종호,Hitter,Train,Power,https://img.inven.co.kr/image/site_image/bm/dataninfo/playercard/1157f.jpg,SEASON_f50eea9e05e7f98a5682,66,48,62
1157,2004,박종호,Hitter,Train,Speed,https://img.inven.co.kr/image/site_image/bm/dataninfo/playercard/1157f.jpg,SEASON_f50eea9e05e7f98a5682,66,57,63
1157,2004,박종호,Hitter,Train,Defense,https://img.inven.co.kr/image/site_image/bm/dataninfo/playercard/1157f.jpg,SEASON_f50eea9e05e7f98a5682,81,56,74
1157,2004,박종호,Hitter,Train,BatterMental,https://img.inven.co.kr/image/site_image/bm/dataninfo/playercard/1157f.jpg,SEASON_f50eea9e05e7f98a5682,62,63,65
1372,2005,손지환,Hitter,Train,Cost,https://img.inven.co.kr/image/site_image/bm/dataninfo/playercard/1372f.jpg,SEASON_c3abe65e24a24d7d5ac3,6,7,7
1372,2005,손지환,Hitter,Train,Contact,https://img.inven.co.kr/image/site_image/bm/dataninfo/playercard/1372f.jpg,SEASON_c3abe65e24a24d7d5ac3,69,55,67
1372,2005,손지환,Hitter,Train,Power,https://img.inven.co.kr/image/site_image/bm/dataninfo/playercard/1372f.jpg,SEASON_c3abe65e24a24d7d5ac3,69,54,67
1372,2005,손지환,Hitter,Train,Speed,https://img.inven.co.kr/image/site_image/bm/dataninfo/playercard/1372f.jpg,SEASON_c3abe65e24a24d7d5ac3,55,49,58
1372,2005,손지환,Hitter,Train,Defense,https://img.inven.co.kr/image/site_image/bm/dataninfo/playercard/1372f.jpg,SEASON_c3abe65e24a24d7d5ac3,70,57,74
1372,2005,손지환,Hitter,Train,BatterMental,https://img.inven.co.kr/image/site_image/bm/dataninfo/playercard/1372f.jpg,SEASON_c3abe65e24a24d7d5ac3,68,60,64
1470,2005,신명철,Hitter,Train,Cost,https://img.inven.co.kr/image/site_image/bm/dataninfo/playercard/1470f.jpg,SEASON_48c373b8103934110b95,6,7,7
1470,2005,신명철,Hitter,Train,Contact,https://img.inven.co.kr/image/site_image/bm/dataninfo/playercard/1470f.jpg,SEASON_48c373b8103934110b95,62,46,61
1470,2005,신명철,Hitter,Train,Power,https://img.inven.co.kr/image/site_image/bm/dataninfo/playercard/1470f.jpg,SEASON_48c373b8103934110b95,61,42,59
1470,2005,신명철,Hitter,Train,Speed,https://img.inven.co.kr/image/site_image/bm/dataninfo/playercard/1470f.jpg,SEASON_48c373b8103934110b95,78,78,76
1470,2005,신명철,Hitter,Train,Defense,https://img.inven.co.kr/image/site_image/bm/dataninfo/playercard/1470f.jpg,SEASON_48c373b8103934110b95,76,63,78
1470,2005,신명철,Hitter,Train,BatterMental,https://img.inven.co.kr/image/site_image/bm/dataninfo/playercard/1470f.jpg,SEASON_48c373b8103934110b95,62,51,60
1472,2007,신명철,Hitter,Train,Cost,https://img.inven.co.kr/image/site_image/bm/dataninfo/playercard/1472f.jpg,SEASON_9012ef847f656feb048a,6,7,7
1472,2007,신명철,Hitter,Train,Contact,https://img.inven.co.kr/image/site_image/bm/dataninfo/playercard/1472f.jpg,SEASON_9012ef847f656feb048a,62,46,61
1472,2007,신명철,Hitter,Train,Power,https://img.inven.co.kr/image/site_image/bm/dataninfo/playercard/1472f.jpg,SEASON_9012ef847f656feb048a,61,45,60
1472,2007,신명철,Hitter,Train,Speed,https://img.inven.co.kr/image/site_image/bm/dataninfo/playercard/1472f.jpg,SEASON_9012ef847f656feb048a,74,74,73
1472,2007,신명철,Hitter,Train,Defense,https://img.inven.co.kr/image/site_image/bm/dataninfo/playercard/1472f.jpg,SEASON_9012ef847f656feb048a,77,51,71
1472,2007,신명철,Hitter,Train,BatterMental,https://img.inven.co.kr/image/site_image/bm/dataninfo/playercard/1472f.jpg,SEASON_9012ef847f656feb048a,58,50,60
1553,2002,안경현,Hitter,Validation,Cost,https://img.inven.co.kr/image/site_image/bm/dataninfo/playercard/1553f.jpg,SEASON_9cb473947e44aaeca607,6,8,8
1553,2002,안경현,Hitter,Validation,Contact,https://img.inven.co.kr/image/site_image/bm/dataninfo/playercard/1553f.jpg,SEASON_9cb473947e44aaeca607,71,61,71
1553,2002,안경현,Hitter,Validation,Power,https://img.inven.co.kr/image/site_image/bm/dataninfo/playercard/1553f.jpg,SEASON_9cb473947e44aaeca607,66,48,62
1553,2002,안경현,Hitter,Validation,Speed,https://img.inven.co.kr/image/site_image/bm/dataninfo/playercard/1553f.jpg,SEASON_9cb473947e44aaeca607,62,53,61
1553,2002,안경현,Hitter,Validation,Defense,https://img.inven.co.kr/image/site_image/bm/dataninfo/playercard/1553f.jpg,SEASON_9cb473947e44aaeca607,76,65,79
1553,2002,안경현,Hitter,Validation,BatterMental,https://img.inven.co.kr/image/site_image/bm/dataninfo/playercard/1553f.jpg,SEASON_9cb473947e44aaeca607,65,65,66
1555,2004,안경현,Hitter,Validation,Cost,https://img.inven.co.kr/image/site_image/bm/dataninfo/playercard/1555f.jpg,SEASON_d8326a377c076a74f9ea,6,8,8
1555,2004,안경현,Hitter,Validation,Contact,https://img.inven.co.kr/image/site_image/bm/dataninfo/playercard/1555f.jpg,SEASON_d8326a377c076a74f9ea,67,57,68
1555,2004,안경현,Hitter,Validation,Power,https://img.inven.co.kr/image/site_image/bm/dataninfo/playercard/1555f.jpg,SEASON_d8326a377c076a74f9ea,68,51,65
1555,2004,안경현,Hitter,Validation,Speed,https://img.inven.co.kr/image/site_image/bm/dataninfo/playercard/1555f.jpg,SEASON_d8326a377c076a74f9ea,65,59,64
1555,2004,안경현,Hitter,Validation,Defense,https://img.inven.co.kr/image/site_image/bm/dataninfo/playercard/1555f.jpg,SEASON_d8326a377c076a74f9ea,79,57,74
1555,2004,안경현,Hitter,Validation,BatterMental,https://img.inven.co.kr/image/site_image/bm/dataninfo/playercard/1555f.jpg,SEASON_d8326a377c076a74f9ea,60,66,66
1556,2005,안경현,Hitter,Validation,Cost,https://img.inven.co.kr/image/site_image/bm/dataninfo/playercard/1556f.jpg,SEASON_b44638ec743f8484b443,6,8,8
1556,2005,안경현,Hitter,Validation,Contact,https://img.inven.co.kr/image/site_image/bm/dataninfo/playercard/1556f.jpg,SEASON_b44638ec743f8484b443,76,63,72
1556,2005,안경현,Hitter,Validation,Power,https://img.inven.co.kr/image/site_image/bm/dataninfo/playercard/1556f.jpg,SEASON_b44638ec743f8484b443,56,43,59
1556,2005,안경현,Hitter,Validation,Speed,https://img.inven.co.kr/image/site_image/bm/dataninfo/playercard/1556f.jpg,SEASON_b44638ec743f8484b443,55,49,58
1556,2005,안경현,Hitter,Validation,Defense,https://img.inven.co.kr/image/site_image/bm/dataninfo/playercard/1556f.jpg,SEASON_b44638ec743f8484b443,74,65,79
1556,2005,안경현,Hitter,Validation,BatterMental,https://img.inven.co.kr/image/site_image/bm/dataninfo/playercard/1556f.jpg,SEASON_b44638ec743f8484b443,78,71,68
2177,2007,이종열,Hitter,Train,Cost,https://img.inven.co.kr/image/site_image/bm/dataninfo/playercard/2177f.jpg,SEASON_31f700115633d70a45c5,6,8,8
2177,2007,이종열,Hitter,Train,Contact,https://img.inven.co.kr/image/site_image/bm/dataninfo/playercard/2177f.jpg,SEASON_31f700115633d70a45c5,72,58,69
2177,2007,이종열,Hitter,Train,Power,https://img.inven.co.kr/image/site_image/bm/dataninfo/playercard/2177f.jpg,SEASON_31f700115633d70a45c5,58,44,60
2177,2007,이종열,Hitter,Train,Speed,https://img.inven.co.kr/image/site_image/bm/dataninfo/playercard/2177f.jpg,SEASON_31f700115633d70a45c5,62,55,62
2177,2007,이종열,Hitter,Train,Defense,https://img.inven.co.kr/image/site_image/bm/dataninfo/playercard/2177f.jpg,SEASON_31f700115633d70a45c5,71,64,78
2177,2007,이종열,Hitter,Train,BatterMental,https://img.inven.co.kr/image/site_image/bm/dataninfo/playercard/2177f.jpg,SEASON_31f700115633d70a45c5,70,65,66
2463,2003,정경배,Hitter,Holdout,Cost,https://img.inven.co.kr/image/site_image/bm/dataninfo/playercard/2463f.jpg,SEASON_9d94a3d6f54eae7217fc,6,7,7
2463,2003,정경배,Hitter,Holdout,Contact,https://img.inven.co.kr/image/site_image/bm/dataninfo/playercard/2463f.jpg,SEASON_9d94a3d6f54eae7217fc,64,51,64
2463,2003,정경배,Hitter,Holdout,Power,https://img.inven.co.kr/image/site_image/bm/dataninfo/playercard/2463f.jpg,SEASON_9d94a3d6f54eae7217fc,70,51,65
2463,2003,정경배,Hitter,Holdout,Speed,https://img.inven.co.kr/image/site_image/bm/dataninfo/playercard/2463f.jpg,SEASON_9d94a3d6f54eae7217fc,67,61,66
2463,2003,정경배,Hitter,Holdout,Defense,https://img.inven.co.kr/image/site_image/bm/dataninfo/playercard/2463f.jpg,SEASON_9d94a3d6f54eae7217fc,74,48,69
2463,2003,정경배,Hitter,Holdout,BatterMental,https://img.inven.co.kr/image/site_image/bm/dataninfo/playercard/2463f.jpg,SEASON_9d94a3d6f54eae7217fc,71,58,63
624,2002,김종국,Hitter,Train,Cost,https://img.inven.co.kr/image/site_image/bm/dataninfo/playercard/624f.jpg,SEASON_83aea27126cd82f0c73c,7,8,8
624,2002,김종국,Hitter,Train,Contact,https://img.inven.co.kr/image/site_image/bm/dataninfo/playercard/624f.jpg,SEASON_83aea27126cd82f0c73c,69,61,71
624,2002,김종국,Hitter,Train,Power,https://img.inven.co.kr/image/site_image/bm/dataninfo/playercard/624f.jpg,SEASON_83aea27126cd82f0c73c,66,47,62
624,2002,김종국,Hitter,Train,Speed,https://img.inven.co.kr/image/site_image/bm/dataninfo/playercard/624f.jpg,SEASON_83aea27126cd82f0c73c,85,97,87
624,2002,김종국,Hitter,Train,Defense,https://img.inven.co.kr/image/site_image/bm/dataninfo/playercard/624f.jpg,SEASON_83aea27126cd82f0c73c,81,59,75
624,2002,김종국,Hitter,Train,BatterMental,https://img.inven.co.kr/image/site_image/bm/dataninfo/playercard/624f.jpg,SEASON_83aea27126cd82f0c73c,59,69,67
1153,2000,박종호,Hitter,Train,Cost,https://img.inven.co.kr/image/site_image/bm/dataninfo/playercard/1153f.jpg,SEASON_23d448f28d908357c6fe,7,8,8
1153,2000,박종호,Hitter,Train,Contact,https://img.inven.co.kr/image/site_image/bm/dataninfo/playercard/1153f.jpg,SEASON_23d448f28d908357c6fe,83,80,84
1153,2000,박종호,Hitter,Train,Power,https://img.inven.co.kr/image/site_image/bm/dataninfo/playercard/1153f.jpg,SEASON_23d448f28d908357c6fe,68,56,68
1153,2000,박종호,Hitter,Train,Speed,https://img.inven.co.kr/image/site_image/bm/dataninfo/playercard/1153f.jpg,SEASON_23d448f28d908357c6fe,64,55,55
1153,2000,박종호,Hitter,Train,Defense,https://img.inven.co.kr/image/site_image/bm/dataninfo/playercard/1153f.jpg,SEASON_23d448f28d908357c6fe,74,55,55
1153,2000,박종호,Hitter,Train,BatterMental,https://img.inven.co.kr/image/site_image/bm/dataninfo/playercard/1153f.jpg,SEASON_23d448f28d908357c6fe,62,84,73
1552,2001,안경현,Hitter,Validation,Cost,https://img.inven.co.kr/image/site_image/bm/dataninfo/playercard/1552f.jpg,SEASON_d40d2742c0a3590fc3b2,7,8,8
1552,2001,안경현,Hitter,Validation,Contact,https://img.inven.co.kr/image/site_image/bm/dataninfo/playercard/1552f.jpg,SEASON_d40d2742c0a3590fc3b2,66,54,66
1552,2001,안경현,Hitter,Validation,Power,https://img.inven.co.kr/image/site_image/bm/dataninfo/playercard/1552f.jpg,SEASON_d40d2742c0a3590fc3b2,74,62,72
1552,2001,안경현,Hitter,Validation,Speed,https://img.inven.co.kr/image/site_image/bm/dataninfo/playercard/1552f.jpg,SEASON_d40d2742c0a3590fc3b2,64,51,59
1552,2001,안경현,Hitter,Validation,Defense,https://img.inven.co.kr/image/site_image/bm/dataninfo/playercard/1552f.jpg,SEASON_d40d2742c0a3590fc3b2,68,55,73
1552,2001,안경현,Hitter,Validation,BatterMental,https://img.inven.co.kr/image/site_image/bm/dataninfo/playercard/1552f.jpg,SEASON_d40d2742c0a3590fc3b2,78,63,65
1554,2003,안경현,Hitter,Validation,Cost,https://img.inven.co.kr/image/site_image/bm/dataninfo/playercard/1554f.jpg,SEASON_9923e157febb6eccf057,7,8,8
1554,2003,안경현,Hitter,Validation,Contact,https://img.inven.co.kr/image/site_image/bm/dataninfo/playercard/1554f.jpg,SEASON_9923e157febb6eccf057,82,77,82
1554,2003,안경현,Hitter,Validation,Power,https://img.inven.co.kr/image/site_image/bm/dataninfo/playercard/1554f.jpg,SEASON_9923e157febb6eccf057,68,56,68
1554,2003,안경현,Hitter,Validation,Speed,https://img.inven.co.kr/image/site_image/bm/dataninfo/playercard/1554f.jpg,SEASON_9923e157febb6eccf057,56,47,57
1554,2003,안경현,Hitter,Validation,Defense,https://img.inven.co.kr/image/site_image/bm/dataninfo/playercard/1554f.jpg,SEASON_9923e157febb6eccf057,77,64,78
1554,2003,안경현,Hitter,Validation,BatterMental,https://img.inven.co.kr/image/site_image/bm/dataninfo/playercard/1554f.jpg,SEASON_9923e157febb6eccf057,75,77,71
2465,2005,정경배,Hitter,Holdout,Cost,https://img.inven.co.kr/image/site_image/bm/dataninfo/playercard/2465f.jpg,SEASON_7f3608da9908829af6fc,7,8,8
2465,2005,정경배,Hitter,Holdout,Contact,https://img.inven.co.kr/image/site_image/bm/dataninfo/playercard/2465f.jpg,SEASON_7f3608da9908829af6fc,70,61,71
2465,2005,정경배,Hitter,Holdout,Power,https://img.inven.co.kr/image/site_image/bm/dataninfo/playercard/2465f.jpg,SEASON_7f3608da9908829af6fc,69,55,67
2465,2005,정경배,Hitter,Holdout,Speed,https://img.inven.co.kr/image/site_image/bm/dataninfo/playercard/2465f.jpg,SEASON_7f3608da9908829af6fc,62,58,64
2465,2005,정경배,Hitter,Holdout,Defense,https://img.inven.co.kr/image/site_image/bm/dataninfo/playercard/2465f.jpg,SEASON_7f3608da9908829af6fc,80,59,75
2465,2005,정경배,Hitter,Holdout,BatterMental,https://img.inven.co.kr/image/site_image/bm/dataninfo/playercard/2465f.jpg,SEASON_7f3608da9908829af6fc,69,67,66
135,2008,고영민,Hitter,Train,Cost,https://img.inven.co.kr/image/site_image/bm/dataninfo/playercard/135f.jpg,SEASON_6a5780dae3b1c0de8750,8,8,8
135,2008,고영민,Hitter,Train,Contact,https://img.inven.co.kr/image/site_image/bm/dataninfo/playercard/135f.jpg,SEASON_6a5780dae3b1c0de8750,65,51,64
135,2008,고영민,Hitter,Train,Power,https://img.inven.co.kr/image/site_image/bm/dataninfo/playercard/135f.jpg,SEASON_6a5780dae3b1c0de8750,60,55,67
135,2008,고영민,Hitter,Train,Speed,https://img.inven.co.kr/image/site_image/bm/dataninfo/playercard/135f.jpg,SEASON_6a5780dae3b1c0de8750,83,83,79
135,2008,고영민,Hitter,Train,Defense,https://img.inven.co.kr/image/site_image/bm/dataninfo/playercard/135f.jpg,SEASON_6a5780dae3b1c0de8750,78,55,73
135,2008,고영민,Hitter,Train,BatterMental,https://img.inven.co.kr/image/site_image/bm/dataninfo/playercard/135f.jpg,SEASON_6a5780dae3b1c0de8750,78,69,67
3514,2009,신명철,Hitter,Train,Cost,https://img.inven.co.kr/image/site_image/bm/dataninfo/playercard/3514f.jpg,SEASON_12999d783156f067275a,8,8,8
3514,2009,신명철,Hitter,Train,Contact,https://img.inven.co.kr/image/site_image/bm/dataninfo/playercard/3514f.jpg,SEASON_12999d783156f067275a,76,56,68
3514,2009,신명철,Hitter,Train,Power,https://img.inven.co.kr/image/site_image/bm/dataninfo/playercard/3514f.jpg,SEASON_12999d783156f067275a,75,64,73
3514,2009,신명철,Hitter,Train,Speed,https://img.inven.co.kr/image/site_image/bm/dataninfo/playercard/3514f.jpg,SEASON_12999d783156f067275a,73,68,70
3514,2009,신명철,Hitter,Train,Defense,https://img.inven.co.kr/image/site_image/bm/dataninfo/playercard/3514f.jpg,SEASON_12999d783156f067275a,74,66,79
3514,2009,신명철,Hitter,Train,BatterMental,https://img.inven.co.kr/image/site_image/bm/dataninfo/playercard/3514f.jpg,SEASON_12999d783156f067275a,71,61,64
2472,2008,정근우,Hitter,Validation,Cost,https://img.inven.co.kr/image/site_image/bm/dataninfo/playercard/2472f.jpg,SEASON_3b234c63e71564e83a38,8,8,8
2472,2008,정근우,Hitter,Validation,Contact,https://img.inven.co.kr/image/site_image/bm/dataninfo/playercard/2472f.jpg,SEASON_3b234c63e71564e83a38,79,71,78
2472,2008,정근우,Hitter,Validation,Power,https://img.inven.co.kr/image/site_image/bm/dataninfo/playercard/2472f.jpg,SEASON_3b234c63e71564e83a38,66,59,69
2472,2008,정근우,Hitter,Validation,Speed,https://img.inven.co.kr/image/site_image/bm/dataninfo/playercard/2472f.jpg,SEASON_3b234c63e71564e83a38,76,85,80
2472,2008,정근우,Hitter,Validation,Defense,https://img.inven.co.kr/image/site_image/bm/dataninfo/playercard/2472f.jpg,SEASON_3b234c63e71564e83a38,75,48,69
2472,2008,정근우,Hitter,Validation,BatterMental,https://img.inven.co.kr/image/site_image/bm/dataninfo/playercard/2472f.jpg,SEASON_3b234c63e71564e83a38,67,71,68
134,2007,고영민,Hitter,Train,Cost,https://img.inven.co.kr/image/site_image/bm/dataninfo/playercard/134f.jpg,SEASON_61ab9749258b945dc73d,9,8,8
134,2007,고영민,Hitter,Train,Contact,https://img.inven.co.kr/image/site_image/bm/dataninfo/playercard/134f.jpg,SEASON_61ab9749258b945dc73d,65,53,66
134,2007,고영민,Hitter,Train,Power,https://img.inven.co.kr/image/site_image/bm/dataninfo/playercard/134f.jpg,SEASON_61ab9749258b945dc73d,65,62,72
134,2007,고영민,Hitter,Train,Speed,https://img.inven.co.kr/image/site_image/bm/dataninfo/playercard/134f.jpg,SEASON_61ab9749258b945dc73d,83,88,82
134,2007,고영민,Hitter,Train,Defense,https://img.inven.co.kr/image/site_image/bm/dataninfo/playercard/134f.jpg,SEASON_61ab9749258b945dc73d,78,57,74
134,2007,고영민,Hitter,Train,BatterMental,https://img.inven.co.kr/image/site_image/bm/dataninfo/playercard/134f.jpg,SEASON_61ab9749258b945dc73d,75,67,66
2470,2006,정근우,Hitter,Validation,Cost,https://img.inven.co.kr/image/site_image/bm/dataninfo/playercard/2470f.jpg,SEASON_a8ae9cd751b50f40a151,9,8,8
2470,2006,정근우,Hitter,Validation,Contact,https://img.inven.co.kr/image/site_image/bm/dataninfo/playercard/2470f.jpg,SEASON_a8ae9cd751b50f40a151,73,64,73
2470,2006,정근우,Hitter,Validation,Power,https://img.inven.co.kr/image/site_image/bm/dataninfo/playercard/2470f.jpg,SEASON_a8ae9cd751b50f40a151,66,58,69
2470,2006,정근우,Hitter,Validation,Speed,https://img.inven.co.kr/image/site_image/bm/dataninfo/playercard/2470f.jpg,SEASON_a8ae9cd751b50f40a151,85,94,85
2470,2006,정근우,Hitter,Validation,Defense,https://img.inven.co.kr/image/site_image/bm/dataninfo/playercard/2470f.jpg,SEASON_a8ae9cd751b50f40a151,74,57,74
2470,2006,정근우,Hitter,Validation,BatterMental,https://img.inven.co.kr/image/site_image/bm/dataninfo/playercard/2470f.jpg,SEASON_a8ae9cd751b50f40a151,66,65,66
3704,2009,정근우,Hitter,Validation,Cost,https://img.inven.co.kr/image/site_image/bm/dataninfo/playercard/3704f.jpg,SEASON_ff09fa00bb8eb87ce384,10,8,8
3704,2009,정근우,Hitter,Validation,Contact,https://img.inven.co.kr/image/site_image/bm/dataninfo/playercard/3704f.jpg,SEASON_ff09fa00bb8eb87ce384,86,84,86
3704,2009,정근우,Hitter,Validation,Power,https://img.inven.co.kr/image/site_image/bm/dataninfo/playercard/3704f.jpg,SEASON_ff09fa00bb8eb87ce384,68,54,67
3704,2009,정근우,Hitter,Validation,Speed,https://img.inven.co.kr/image/site_image/bm/dataninfo/playercard/3704f.jpg,SEASON_ff09fa00bb8eb87ce384,80,90,83
3704,2009,정근우,Hitter,Validation,Defense,https://img.inven.co.kr/image/site_image/bm/dataninfo/playercard/3704f.jpg,SEASON_ff09fa00bb8eb87ce384,71,46,68
3704,2009,정근우,Hitter,Validation,BatterMental,https://img.inven.co.kr/image/site_image/bm/dataninfo/playercard/3704f.jpg,SEASON_ff09fa00bb8eb87ce384,76,85,74
2656,2008,조성환,Hitter,Train,Cost,https://img.inven.co.kr/image/site_image/bm/dataninfo/playercard/2656f.jpg,SEASON_0d32685f234e53a95c0c,10,9,9
2656,2008,조성환,Hitter,Train,Contact,https://img.inven.co.kr/image/site_image/bm/dataninfo/playercard/2656f.jpg,SEASON_0d32685f234e53a95c0c,81,76,81
2656,2008,조성환,Hitter,Train,Power,https://img.inven.co.kr/image/site_image/bm/dataninfo/playercard/2656f.jpg,SEASON_0d32685f234e53a95c0c,62,66,74
2656,2008,조성환,Hitter,Train,Speed,https://img.inven.co.kr/image/site_image/bm/dataninfo/playercard/2656f.jpg,SEASON_0d32685f234e53a95c0c,80,76,75
2656,2008,조성환,Hitter,Train,Defense,https://img.inven.co.kr/image/site_image/bm/dataninfo/playercard/2656f.jpg,SEASON_0d32685f234e53a95c0c,80,55,73
2656,2008,조성환,Hitter,Train,BatterMental,https://img.inven.co.kr/image/site_image/bm/dataninfo/playercard/2656f.jpg,SEASON_0d32685f234e53a95c0c,80,74,69
71,2001,강석천,Hitter,Train,Cost,https://img.inven.co.kr/image/site_image/bm/dataninfo/playercard/71f.jpg,SEASON_baf8dd34fa7a61a0f316,5,6,6
71,2001,강석천,Hitter,Train,Contact,https://img.inven.co.kr/image/site_image/bm/dataninfo/playercard/71f.jpg,SEASON_baf8dd34fa7a61a0f316,61,44,60
71,2001,강석천,Hitter,Train,Power,https://img.inven.co.kr/image/site_image/bm/dataninfo/playercard/71f.jpg,SEASON_baf8dd34fa7a61a0f316,51,33,53
71,2001,강석천,Hitter,Train,Speed,https://img.inven.co.kr/image/site_image/bm/dataninfo/playercard/71f.jpg,SEASON_baf8dd34fa7a61a0f316,74,75,74
71,2001,강석천,Hitter,Train,Defense,https://img.inven.co.kr/image/site_image/bm/dataninfo/playercard/71f.jpg,SEASON_baf8dd34fa7a61a0f316,71,46,68
71,2001,강석천,Hitter,Train,BatterMental,https://img.inven.co.kr/image/site_image/bm/dataninfo/playercard/71f.jpg,SEASON_baf8dd34fa7a61a0f316,60,48,59
745,2000,김한수,Hitter,Train,Cost,https://img.inven.co.kr/image/site_image/bm/dataninfo/playercard/745f.jpg,SEASON_5e1fff33afcfeaaa2d78,5,7,7
745,2000,김한수,Hitter,Train,Contact,https://img.inven.co.kr/image/site_image/bm/dataninfo/playercard/745f.jpg,SEASON_5e1fff33afcfeaaa2d78,63,48,62
745,2000,김한수,Hitter,Train,Power,https://img.inven.co.kr/image/site_image/bm/dataninfo/playercard/745f.jpg,SEASON_5e1fff33afcfeaaa2d78,64,42,59
745,2000,김한수,Hitter,Train,Speed,https://img.inven.co.kr/image/site_image/bm/dataninfo/playercard/745f.jpg,SEASON_5e1fff33afcfeaaa2d78,64,55,55
745,2000,김한수,Hitter,Train,Defense,https://img.inven.co.kr/image/site_image/bm/dataninfo/playercard/745f.jpg,SEASON_5e1fff33afcfeaaa2d78,74,55,55
745,2000,김한수,Hitter,Train,BatterMental,https://img.inven.co.kr/image/site_image/bm/dataninfo/playercard/745f.jpg,SEASON_5e1fff33afcfeaaa2d78,61,53,61
3442,2009,박석민,Hitter,Holdout,Cost,https://img.inven.co.kr/image/site_image/bm/dataninfo/playercard/3442f.jpg,SEASON_ee4bb4c6e3d7fc15c0c0,5,8,8
3442,2009,박석민,Hitter,Holdout,Contact,https://img.inven.co.kr/image/site_image/bm/dataninfo/playercard/3442f.jpg,SEASON_ee4bb4c6e3d7fc15c0c0,64,52,65
3442,2009,박석민,Hitter,Holdout,Power,https://img.inven.co.kr/image/site_image/bm/dataninfo/playercard/3442f.jpg,SEASON_ee4bb4c6e3d7fc15c0c0,71,73,79
3442,2009,박석민,Hitter,Holdout,Speed,https://img.inven.co.kr/image/site_image/bm/dataninfo/playercard/3442f.jpg,SEASON_ee4bb4c6e3d7fc15c0c0,38,47,57
3442,2009,박석민,Hitter,Holdout,Defense,https://img.inven.co.kr/image/site_image/bm/dataninfo/playercard/3442f.jpg,SEASON_ee4bb4c6e3d7fc15c0c0,69,54,73
3442,2009,박석민,Hitter,Holdout,BatterMental,https://img.inven.co.kr/image/site_image/bm/dataninfo/playercard/3442f.jpg,SEASON_ee4bb4c6e3d7fc15c0c0,55,69,68
2216,2003,이현곤,Hitter,Validation,Cost,https://img.inven.co.kr/image/site_image/bm/dataninfo/playercard/2216f.jpg,SEASON_a9f5c827a026853d7572,5,6,6
2216,2003,이현곤,Hitter,Validation,Contact,https://img.inven.co.kr/image/site_image/bm/dataninfo/playercard/2216f.jpg,SEASON_a9f5c827a026853d7572,63,47,62
2216,2003,이현곤,Hitter,Validation,Power,https://img.inven.co.kr/image/site_image/bm/dataninfo/playercard/2216f.jpg,SEASON_a9f5c827a026853d7572,61,40,57
2216,2003,이현곤,Hitter,Validation,Speed,https://img.inven.co.kr/image/site_image/bm/dataninfo/playercard/2216f.jpg,SEASON_a9f5c827a026853d7572,64,61,65
2216,2003,이현곤,Hitter,Validation,Defense,https://img.inven.co.kr/image/site_image/bm/dataninfo/playercard/2216f.jpg,SEASON_a9f5c827a026853d7572,72,66,79
2216,2003,이현곤,Hitter,Validation,BatterMental,https://img.inven.co.kr/image/site_image/bm/dataninfo/playercard/2216f.jpg,SEASON_a9f5c827a026853d7572,67,52,61
3016,2001,퀸란,Hitter,Validation,Cost,https://img.inven.co.kr/image/site_image/bm/dataninfo/playercard/3016f.jpg,SEASON_70b23d63918da7b864b0,5,8,8
3016,2001,퀸란,Hitter,Validation,Contact,https://img.inven.co.kr/image/site_image/bm/dataninfo/playercard/3016f.jpg,SEASON_70b23d63918da7b864b0,58,37,55
3016,2001,퀸란,Hitter,Validation,Power,https://img.inven.co.kr/image/site_image/bm/dataninfo/playercard/3016f.jpg,SEASON_70b23d63918da7b864b0,79,73,79
3016,2001,퀸란,Hitter,Validation,Speed,https://img.inven.co.kr/image/site_image/bm/dataninfo/playercard/3016f.jpg,SEASON_70b23d63918da7b864b0,40,46,57
3016,2001,퀸란,Hitter,Validation,Defense,https://img.inven.co.kr/image/site_image/bm/dataninfo/playercard/3016f.jpg,SEASON_70b23d63918da7b864b0,77,59,75
3016,2001,퀸란,Hitter,Validation,BatterMental,https://img.inven.co.kr/image/site_image/bm/dataninfo/playercard/3016f.jpg,SEASON_70b23d63918da7b864b0,69,51,60
70,2000,강석천,Hitter,Train,Cost,https://img.inven.co.kr/image/site_image/bm/dataninfo/playercard/70f.jpg,SEASON_f13baf32d4fe9064f393,6,8,8
70,2000,강석천,Hitter,Train,Contact,https://img.inven.co.kr/image/site_image/bm/dataninfo/playercard/70f.jpg,SEASON_f13baf32d4fe9064f393,68,57,68
70,2000,강석천,Hitter,Train,Power,https://img.inven.co.kr/image/site_image/bm/dataninfo/playercard/70f.jpg,SEASON_f13baf32d4fe9064f393,65,45,60
70,2000,강석천,Hitter,Train,Speed,https://img.inven.co.kr/image/site_image/bm/dataninfo/playercard/70f.jpg,SEASON_f13baf32d4fe9064f393,72,55,55
70,2000,강석천,Hitter,Train,Defense,https://img.inven.co.kr/image/site_image/bm/dataninfo/playercard/70f.jpg,SEASON_f13baf32d4fe9064f393,71,55,55
70,2000,강석천,Hitter,Train,BatterMental,https://img.inven.co.kr/image/site_image/bm/dataninfo/playercard/70f.jpg,SEASON_f13baf32d4fe9064f393,59,61,64
746,2001,김한수,Hitter,Train,Cost,https://img.inven.co.kr/image/site_image/bm/dataninfo/playercard/746f.jpg,SEASON_55f53e589f5b45dc7837,6,8,8
746,2001,김한수,Hitter,Train,Contact,https://img.inven.co.kr/image/site_image/bm/dataninfo/playercard/746f.jpg,SEASON_55f53e589f5b45dc7837,76,65,74
746,2001,김한수,Hitter,Train,Power,https://img.inven.co.kr/image/site_image/bm/dataninfo/playercard/746f.jpg,SEASON_55f53e589f5b45dc7837,70,58,69
746,2001,김한수,Hitter,Train,Speed,https://img.inven.co.kr/image/site_image/bm/dataninfo/playercard/746f.jpg,SEASON_55f53e589f5b45dc7837,61,50,59
746,2001,김한수,Hitter,Train,Defense,https://img.inven.co.kr/image/site_image/bm/dataninfo/playercard/746f.jpg,SEASON_55f53e589f5b45dc7837,74,61,76
746,2001,김한수,Hitter,Train,BatterMental,https://img.inven.co.kr/image/site_image/bm/dataninfo/playercard/746f.jpg,SEASON_55f53e589f5b45dc7837,67,64,66
1880,2004,이대호,Hitter,Train,Cost,https://img.inven.co.kr/image/site_image/bm/dataninfo/playercard/1880f.jpg,SEASON_4de58a6cb2b515a2ecf7,6,8,8
1880,2004,이대호,Hitter,Train,Contact,https://img.inven.co.kr/image/site_image/bm/dataninfo/playercard/1880f.jpg,SEASON_4de58a6cb2b515a2ecf7,60,44,60
1880,2004,이대호,Hitter,Train,Power,https://img.inven.co.kr/image/site_image/bm/dataninfo/playercard/1880f.jpg,SEASON_4de58a6cb2b515a2ecf7,77,67,75
1880,2004,이대호,Hitter,Train,Speed,https://img.inven.co.kr/image/site_image/bm/dataninfo/playercard/1880f.jpg,SEASON_4de58a6cb2b515a2ecf7,61,54,61
1880,2004,이대호,Hitter,Train,Defense,https://img.inven.co.kr/image/site_image/bm/dataninfo/playercard/1880f.jpg,SEASON_4de58a6cb2b515a2ecf7,72,59,75
1880,2004,이대호,Hitter,Train,BatterMental,https://img.inven.co.kr/image/site_image/bm/dataninfo/playercard/1880f.jpg,SEASON_4de58a6cb2b515a2ecf7,74,55,62
1950,2006,이범호,Hitter,Validation,Cost,https://img.inven.co.kr/image/site_image/bm/dataninfo/playercard/1950f.jpg,SEASON_88d22c3620ab50ac64e0,6,8,8
1950,2006,이범호,Hitter,Validation,Contact,https://img.inven.co.kr/image/site_image/bm/dataninfo/playercard/1950f.jpg,SEASON_88d22c3620ab50ac64e0,66,52,65
1950,2006,이범호,Hitter,Validation,Power,https://img.inven.co.kr/image/site_image/bm/dataninfo/playercard/1950f.jpg,SEASON_88d22c3620ab50ac64e0,77,83,86
1950,2006,이범호,Hitter,Validation,Speed,https://img.inven.co.kr/image/site_image/bm/dataninfo/playercard/1950f.jpg,SEASON_88d22c3620ab50ac64e0,43,47,57
1950,2006,이범호,Hitter,Validation,Defense,https://img.inven.co.kr/image/site_image/bm/dataninfo/playercard/1950f.jpg,SEASON_88d22c3620ab50ac64e0,77,58,75
1950,2006,이범호,Hitter,Validation,BatterMental,https://img.inven.co.kr/image/site_image/bm/dataninfo/playercard/1950f.jpg,SEASON_88d22c3620ab50ac64e0,80,66,66
3612,2009,이범호,Hitter,Validation,Cost,https://img.inven.co.kr/image/site_image/bm/dataninfo/playercard/3612f.jpg,SEASON_3b07383a56aecd2c4141,6,8,8
3612,2009,이범호,Hitter,Validation,Contact,https://img.inven.co.kr/image/site_image/bm/dataninfo/playercard/3612f.jpg,SEASON_3b07383a56aecd2c4141,69,54,66
3612,2009,이범호,Hitter,Validation,Power,https://img.inven.co.kr/image/site_image/bm/dataninfo/playercard/3612f.jpg,SEASON_3b07383a56aecd2c4141,77,71,78
3612,2009,이범호,Hitter,Validation,Speed,https://img.inven.co.kr/image/site_image/bm/dataninfo/playercard/3612f.jpg,SEASON_3b07383a56aecd2c4141,51,51,59
3612,2009,이범호,Hitter,Validation,Defense,https://img.inven.co.kr/image/site_image/bm/dataninfo/playercard/3612f.jpg,SEASON_3b07383a56aecd2c4141,69,49,70
3612,2009,이범호,Hitter,Validation,BatterMental,https://img.inven.co.kr/image/site_image/bm/dataninfo/playercard/3612f.jpg,SEASON_3b07383a56aecd2c4141,64,62,65
3640,2009,이원석,Hitter,Train,Cost,https://img.inven.co.kr/image/site_image/bm/dataninfo/playercard/3640f.jpg,SEASON_de9138c38595f1726fd3,6,7,7
3640,2009,이원석,Hitter,Train,Contact,https://img.inven.co.kr/image/site_image/bm/dataninfo/playercard/3640f.jpg,SEASON_de9138c38595f1726fd3,75,58,69
3640,2009,이원석,Hitter,Train,Power,https://img.inven.co.kr/image/site_image/bm/dataninfo/playercard/3640f.jpg,SEASON_de9138c38595f1726fd3,69,49,63
3640,2009,이원석,Hitter,Train,Speed,https://img.inven.co.kr/image/site_image/bm/dataninfo/playercard/3640f.jpg,SEASON_de9138c38595f1726fd3,44,49,58
3640,2009,이원석,Hitter,Train,Defense,https://img.inven.co.kr/image/site_image/bm/dataninfo/playercard/3640f.jpg,SEASON_de9138c38595f1726fd3,71,60,76
3640,2009,이원석,Hitter,Train,BatterMental,https://img.inven.co.kr/image/site_image/bm/dataninfo/playercard/3640f.jpg,SEASON_de9138c38595f1726fd3,65,59,63
3785,2009,최정,Hitter,Train,Cost,https://img.inven.co.kr/image/site_image/bm/dataninfo/playercard/3785f.jpg,SEASON_059014e01a48a8e3a053,6,7,7
3785,2009,최정,Hitter,Train,Contact,https://img.inven.co.kr/image/site_image/bm/dataninfo/playercard/3785f.jpg,SEASON_059014e01a48a8e3a053,57,45,60
3785,2009,최정,Hitter,Train,Power,https://img.inven.co.kr/image/site_image/bm/dataninfo/playercard/3785f.jpg,SEASON_059014e01a48a8e3a053,75,61,71
3785,2009,최정,Hitter,Train,Speed,https://img.inven.co.kr/image/site_image/bm/dataninfo/playercard/3785f.jpg,SEASON_059014e01a48a8e3a053,61,60,65
3785,2009,최정,Hitter,Train,Defense,https://img.inven.co.kr/image/site_image/bm/dataninfo/playercard/3785f.jpg,SEASON_059014e01a48a8e3a053,70,57,74
3785,2009,최정,Hitter,Train,BatterMental,https://img.inven.co.kr/image/site_image/bm/dataninfo/playercard/3785f.jpg,SEASON_059014e01a48a8e3a053,64,60,64
748,2003,김한수,Hitter,Train,Cost,https://img.inven.co.kr/image/site_image/bm/dataninfo/playercard/748f.jpg,SEASON_3edf911de2b6f5309569,7,8,8
748,2003,김한수,Hitter,Train,Contact,https://img.inven.co.kr/image/site_image/bm/dataninfo/playercard/748f.jpg,SEASON_3edf911de2b6f5309569,73,62,72
748,2003,김한수,Hitter,Train,Power,https://img.inven.co.kr/image/site_image/bm/dataninfo/playercard/748f.jpg,SEASON_3edf911de2b6f5309569,74,62,71
748,2003,김한수,Hitter,Train,Speed,https://img.inven.co.kr/image/site_image/bm/dataninfo/playercard/748f.jpg,SEASON_3edf911de2b6f5309569,63,54,61
748,2003,김한수,Hitter,Train,Defense,https://img.inven.co.kr/image/site_image/bm/dataninfo/playercard/748f.jpg,SEASON_3edf911de2b6f5309569,77,66,79
748,2003,김한수,Hitter,Train,BatterMental,https://img.inven.co.kr/image/site_image/bm/dataninfo/playercard/748f.jpg,SEASON_3edf911de2b6f5309569,73,65,66
749,2004,김한수,Hitter,Train,Cost,https://img.inven.co.kr/image/site_image/bm/dataninfo/playercard/749f.jpg,SEASON_13b153d65ea3f65b2cc5,7,8,8
749,2004,김한수,Hitter,Train,Contact,https://img.inven.co.kr/image/site_image/bm/dataninfo/playercard/749f.jpg,SEASON_13b153d65ea3f65b2cc5,65,54,66
749,2004,김한수,Hitter,Train,Power,https://img.inven.co.kr/image/site_image/bm/dataninfo/playercard/749f.jpg,SEASON_13b153d65ea3f65b2cc5,73,62,72
749,2004,김한수,Hitter,Train,Speed,https://img.inven.co.kr/image/site_image/bm/dataninfo/playercard/749f.jpg,SEASON_13b153d65ea3f65b2cc5,56,49,58
749,2004,김한수,Hitter,Train,Defense,https://img.inven.co.kr/image/site_image/bm/dataninfo/playercard/749f.jpg,SEASON_13b153d65ea3f65b2cc5,79,60,76
749,2004,김한수,Hitter,Train,BatterMental,https://img.inven.co.kr/image/site_image/bm/dataninfo/playercard/749f.jpg,SEASON_13b153d65ea3f65b2cc5,78,59,63
3600,2009,이대호,Hitter,Train,Cost,https://img.inven.co.kr/image/site_image/bm/dataninfo/playercard/3600f.jpg,SEASON_6392db1f22fd54bcb4e6,7,8,8
3600,2009,이대호,Hitter,Train,Contact,https://img.inven.co.kr/image/site_image/bm/dataninfo/playercard/3600f.jpg,SEASON_6392db1f22fd54bcb4e6,76,58,69
3600,2009,이대호,Hitter,Train,Power,https://img.inven.co.kr/image/site_image/bm/dataninfo/playercard/3600f.jpg,SEASON_6392db1f22fd54bcb4e6,79,78,82
3600,2009,이대호,Hitter,Train,Speed,https://img.inven.co.kr/image/site_image/bm/dataninfo/playercard/3600f.jpg,SEASON_6392db1f22fd54bcb4e6,37,47,57
3600,2009,이대호,Hitter,Train,Defense,https://img.inven.co.kr/image/site_image/bm/dataninfo/playercard/3600f.jpg,SEASON_6392db1f22fd54bcb4e6,66,46,68
3600,2009,이대호,Hitter,Train,BatterMental,https://img.inven.co.kr/image/site_image/bm/dataninfo/playercard/3600f.jpg,SEASON_6392db1f22fd54bcb4e6,77,65,66
2516,2002,정성훈,Hitter,Validation,Cost,https://img.inven.co.kr/image/site_image/bm/dataninfo/playercard/2516f.jpg,SEASON_cd6cdbd038039b24f43c,7,8,8
2516,2002,정성훈,Hitter,Validation,Contact,https://img.inven.co.kr/image/site_image/bm/dataninfo/playercard/2516f.jpg,SEASON_cd6cdbd038039b24f43c,80,67,75
2516,2002,정성훈,Hitter,Validation,Power,https://img.inven.co.kr/image/site_image/bm/dataninfo/playercard/2516f.jpg,SEASON_cd6cdbd038039b24f43c,68,52,65
2516,2002,정성훈,Hitter,Validation,Speed,https://img.inven.co.kr/image/site_image/bm/dataninfo/playercard/2516f.jpg,SEASON_cd6cdbd038039b24f43c,76,72,72
2516,2002,정성훈,Hitter,Validation,Defense,https://img.inven.co.kr/image/site_image/bm/dataninfo/playercard/2516f.jpg,SEASON_cd6cdbd038039b24f43c,71,57,74
2516,2002,정성훈,Hitter,Validation,BatterMental,https://img.inven.co.kr/image/site_image/bm/dataninfo/playercard/2516f.jpg,SEASON_cd6cdbd038039b24f43c,62,70,68
2519,2005,정성훈,Hitter,Validation,Cost,https://img.inven.co.kr/image/site_image/bm/dataninfo/playercard/2519f.jpg,SEASON_2b5ec9b57c8580db9738,7,8,8
2519,2005,정성훈,Hitter,Validation,Contact,https://img.inven.co.kr/image/site_image/bm/dataninfo/playercard/2519f.jpg,SEASON_2b5ec9b57c8580db9738,64,52,65
2519,2005,정성훈,Hitter,Validation,Power,https://img.inven.co.kr/image/site_image/bm/dataninfo/playercard/2519f.jpg,SEASON_2b5ec9b57c8580db9738,74,65,74
2519,2005,정성훈,Hitter,Validation,Speed,https://img.inven.co.kr/image/site_image/bm/dataninfo/playercard/2519f.jpg,SEASON_2b5ec9b57c8580db9738,64,57,63
2519,2005,정성훈,Hitter,Validation,Defense,https://img.inven.co.kr/image/site_image/bm/dataninfo/playercard/2519f.jpg,SEASON_2b5ec9b57c8580db9738,73,53,72
2519,2005,정성훈,Hitter,Validation,BatterMental,https://img.inven.co.kr/image/site_image/bm/dataninfo/playercard/2519f.jpg,SEASON_2b5ec9b57c8580db9738,74,61,64
2521,2007,정성훈,Hitter,Validation,Cost,https://img.inven.co.kr/image/site_image/bm/dataninfo/playercard/2521f.jpg,SEASON_3bf667170cd779c6a5bc,7,8,8
2521,2007,정성훈,Hitter,Validation,Contact,https://img.inven.co.kr/image/site_image/bm/dataninfo/playercard/2521f.jpg,SEASON_3bf667170cd779c6a5bc,73,61,71
2521,2007,정성훈,Hitter,Validation,Power,https://img.inven.co.kr/image/site_image/bm/dataninfo/playercard/2521f.jpg,SEASON_3bf667170cd779c6a5bc,74,72,78
2521,2007,정성훈,Hitter,Validation,Speed,https://img.inven.co.kr/image/site_image/bm/dataninfo/playercard/2521f.jpg,SEASON_3bf667170cd779c6a5bc,55,48,58
2521,2007,정성훈,Hitter,Validation,Defense,https://img.inven.co.kr/image/site_image/bm/dataninfo/playercard/2521f.jpg,SEASON_3bf667170cd779c6a5bc,70,48,69
2521,2007,정성훈,Hitter,Validation,BatterMental,https://img.inven.co.kr/image/site_image/bm/dataninfo/playercard/2521f.jpg,SEASON_3bf667170cd779c6a5bc,79,65,66
2952,2007,최정,Hitter,Train,Cost,https://img.inven.co.kr/image/site_image/bm/dataninfo/playercard/2952f.jpg,SEASON_fc4d6ad6f6ba498a08ea,7,8,8
2952,2007,최정,Hitter,Train,Contact,https://img.inven.co.kr/image/site_image/bm/dataninfo/playercard/2952f.jpg,SEASON_fc4d6ad6f6ba498a08ea,64,52,65
2952,2007,최정,Hitter,Train,Power,https://img.inven.co.kr/image/site_image/bm/dataninfo/playercard/2952f.jpg,SEASON_fc4d6ad6f6ba498a08ea,74,68,76
2952,2007,최정,Hitter,Train,Speed,https://img.inven.co.kr/image/site_image/bm/dataninfo/playercard/2952f.jpg,SEASON_fc4d6ad6f6ba498a08ea,63,60,65
2952,2007,최정,Hitter,Train,Defense,https://img.inven.co.kr/image/site_image/bm/dataninfo/playercard/2952f.jpg,SEASON_fc4d6ad6f6ba498a08ea,73,56,74
2952,2007,최정,Hitter,Train,BatterMental,https://img.inven.co.kr/image/site_image/bm/dataninfo/playercard/2952f.jpg,SEASON_fc4d6ad6f6ba498a08ea,77,59,63
747,2002,김한수,Hitter,Train,Cost,https://img.inven.co.kr/image/site_image/bm/dataninfo/playercard/747f.jpg,SEASON_33bcf6f4ee506687a63e,8,8,8
747,2002,김한수,Hitter,Train,Contact,https://img.inven.co.kr/image/site_image/bm/dataninfo/playercard/747f.jpg,SEASON_33bcf6f4ee506687a63e,78,71,77
747,2002,김한수,Hitter,Train,Power,https://img.inven.co.kr/image/site_image/bm/dataninfo/playercard/747f.jpg,SEASON_33bcf6f4ee506687a63e,74,64,73
747,2002,김한수,Hitter,Train,Speed,https://img.inven.co.kr/image/site_image/bm/dataninfo/playercard/747f.jpg,SEASON_33bcf6f4ee506687a63e,62,52,60
747,2002,김한수,Hitter,Train,Defense,https://img.inven.co.kr/image/site_image/bm/dataninfo/playercard/747f.jpg,SEASON_33bcf6f4ee506687a63e,79,61,77
747,2002,김한수,Hitter,Train,BatterMental,https://img.inven.co.kr/image/site_image/bm/dataninfo/playercard/747f.jpg,SEASON_33bcf6f4ee506687a63e,76,72,69
1949,2005,이범호,Hitter,Validation,Cost,https://img.inven.co.kr/image/site_image/bm/dataninfo/playercard/1949f.jpg,SEASON_791beb4a56646c21c939,8,8,8
1949,2005,이범호,Hitter,Validation,Contact,https://img.inven.co.kr/image/site_image/bm/dataninfo/playercard/1949f.jpg,SEASON_791beb4a56646c21c939,66,56,67
1949,2005,이범호,Hitter,Validation,Power,https://img.inven.co.kr/image/site_image/bm/dataninfo/playercard/1949f.jpg,SEASON_791beb4a56646c21c939,79,85,87
1949,2005,이범호,Hitter,Validation,Speed,https://img.inven.co.kr/image/site_image/bm/dataninfo/playercard/1949f.jpg,SEASON_791beb4a56646c21c939,65,56,62
1949,2005,이범호,Hitter,Validation,Defense,https://img.inven.co.kr/image/site_image/bm/dataninfo/playercard/1949f.jpg,SEASON_791beb4a56646c21c939,76,59,75
1949,2005,이범호,Hitter,Validation,BatterMental,https://img.inven.co.kr/image/site_image/bm/dataninfo/playercard/1949f.jpg,SEASON_791beb4a56646c21c939,72,64,66
1951,2007,이범호,Hitter,Validation,Cost,https://img.inven.co.kr/image/site_image/bm/dataninfo/playercard/1951f.jpg,SEASON_0328b3872202c6e0130b,8,8,8
1951,2007,이범호,Hitter,Validation,Contact,https://img.inven.co.kr/image/site_image/bm/dataninfo/playercard/1951f.jpg,SEASON_0328b3872202c6e0130b,61,44,60
1951,2007,이범호,Hitter,Validation,Power,https://img.inven.co.kr/image/site_image/bm/dataninfo/playercard/1951f.jpg,SEASON_0328b3872202c6e0130b,77,75,80
1951,2007,이범호,Hitter,Validation,Speed,https://img.inven.co.kr/image/site_image/bm/dataninfo/playercard/1951f.jpg,SEASON_0328b3872202c6e0130b,64,50,59
1951,2007,이범호,Hitter,Validation,Defense,https://img.inven.co.kr/image/site_image/bm/dataninfo/playercard/1951f.jpg,SEASON_0328b3872202c6e0130b,78,56,74
1951,2007,이범호,Hitter,Validation,BatterMental,https://img.inven.co.kr/image/site_image/bm/dataninfo/playercard/1951f.jpg,SEASON_0328b3872202c6e0130b,76,62,65
1952,2008,이범호,Hitter,Validation,Cost,https://img.inven.co.kr/image/site_image/bm/dataninfo/playercard/1952f.jpg,SEASON_c01eaaa605d300e1f4e9,8,8,8
1952,2008,이범호,Hitter,Validation,Contact,https://img.inven.co.kr/image/site_image/bm/dataninfo/playercard/1952f.jpg,SEASON_c01eaaa605d300e1f4e9,67,54,67
1952,2008,이범호,Hitter,Validation,Power,https://img.inven.co.kr/image/site_image/bm/dataninfo/playercard/1952f.jpg,SEASON_c01eaaa605d300e1f4e9,75,79,83
1952,2008,이범호,Hitter,Validation,Speed,https://img.inven.co.kr/image/site_image/bm/dataninfo/playercard/1952f.jpg,SEASON_c01eaaa605d300e1f4e9,67,61,65
1952,2008,이범호,Hitter,Validation,Defense,https://img.inven.co.kr/image/site_image/bm/dataninfo/playercard/1952f.jpg,SEASON_c01eaaa605d300e1f4e9,76,64,78
1952,2008,이범호,Hitter,Validation,BatterMental,https://img.inven.co.kr/image/site_image/bm/dataninfo/playercard/1952f.jpg,SEASON_c01eaaa605d300e1f4e9,80,67,67
2520,2006,정성훈,Hitter,Validation,Cost,https://img.inven.co.kr/image/site_image/bm/dataninfo/playercard/2520f.jpg,SEASON_2b3103a158b51a5871af,8,8,8
2520,2006,정성훈,Hitter,Validation,Contact,https://img.inven.co.kr/image/site_image/bm/dataninfo/playercard/2520f.jpg,SEASON_2b3103a158b51a5871af,79,67,75
2520,2006,정성훈,Hitter,Validation,Power,https://img.inven.co.kr/image/site_image/bm/dataninfo/playercard/2520f.jpg,SEASON_2b3103a158b51a5871af,70,71,77
2520,2006,정성훈,Hitter,Validation,Speed,https://img.inven.co.kr/image/site_image/bm/dataninfo/playercard/2520f.jpg,SEASON_2b3103a158b51a5871af,59,52,60
2520,2006,정성훈,Hitter,Validation,Defense,https://img.inven.co.kr/image/site_image/bm/dataninfo/playercard/2520f.jpg,SEASON_2b3103a158b51a5871af,74,46,68
2520,2006,정성훈,Hitter,Validation,BatterMental,https://img.inven.co.kr/image/site_image/bm/dataninfo/playercard/2520f.jpg,SEASON_2b3103a158b51a5871af,79,71,68
3711,2009,정성훈,Hitter,Validation,Cost,https://img.inven.co.kr/image/site_image/bm/dataninfo/playercard/3711f.jpg,SEASON_bc35ce0f227aa9301d96,8,8,8
3711,2009,정성훈,Hitter,Validation,Contact,https://img.inven.co.kr/image/site_image/bm/dataninfo/playercard/3711f.jpg,SEASON_bc35ce0f227aa9301d96,79,61,71
3711,2009,정성훈,Hitter,Validation,Power,https://img.inven.co.kr/image/site_image/bm/dataninfo/playercard/3711f.jpg,SEASON_bc35ce0f227aa9301d96,69,49,63
3711,2009,정성훈,Hitter,Validation,Speed,https://img.inven.co.kr/image/site_image/bm/dataninfo/playercard/3711f.jpg,SEASON_bc35ce0f227aa9301d96,58,53,61
3711,2009,정성훈,Hitter,Validation,Defense,https://img.inven.co.kr/image/site_image/bm/dataninfo/playercard/3711f.jpg,SEASON_bc35ce0f227aa9301d96,72,63,77
3711,2009,정성훈,Hitter,Validation,BatterMental,https://img.inven.co.kr/image/site_image/bm/dataninfo/playercard/3711f.jpg,SEASON_bc35ce0f227aa9301d96,77,68,67
3015,2000,퀸란,Hitter,Validation,Cost,https://img.inven.co.kr/image/site_image/bm/dataninfo/playercard/3015f.jpg,SEASON_1f42fc487aaa347b2abd,8,8,8
3015,2000,퀸란,Hitter,Validation,Contact,https://img.inven.co.kr/image/site_image/bm/dataninfo/playercard/3015f.jpg,SEASON_1f42fc487aaa347b2abd,59,37,55
3015,2000,퀸란,Hitter,Validation,Power,https://img.inven.co.kr/image/site_image/bm/dataninfo/playercard/3015f.jpg,SEASON_1f42fc487aaa347b2abd,84,82,85
3015,2000,퀸란,Hitter,Validation,Speed,https://img.inven.co.kr/image/site_image/bm/dataninfo/playercard/3015f.jpg,SEASON_1f42fc487aaa347b2abd,60,55,55
3015,2000,퀸란,Hitter,Validation,Defense,https://img.inven.co.kr/image/site_image/bm/dataninfo/playercard/3015f.jpg,SEASON_1f42fc487aaa347b2abd,79,55,55
3015,2000,퀸란,Hitter,Validation,BatterMental,https://img.inven.co.kr/image/site_image/bm/dataninfo/playercard/3015f.jpg,SEASON_1f42fc487aaa347b2abd,79,47,58
3042,2002,페르난데스,Hitter,Train,Cost,https://img.inven.co.kr/image/site_image/bm/dataninfo/playercard/3042f.jpg,SEASON_ff21d3a8f4781c3b2a1b,8,10,10
3042,2002,페르난데스,Hitter,Train,Contact,https://img.inven.co.kr/image/site_image/bm/dataninfo/playercard/3042f.jpg,SEASON_ff21d3a8f4781c3b2a1b,67,58,69
3042,2002,페르난데스,Hitter,Train,Power,https://img.inven.co.kr/image/site_image/bm/dataninfo/playercard/3042f.jpg,SEASON_ff21d3a8f4781c3b2a1b,84,93,92
3042,2002,페르난데스,Hitter,Train,Speed,https://img.inven.co.kr/image/site_image/bm/dataninfo/playercard/3042f.jpg,SEASON_ff21d3a8f4781c3b2a1b,61,52,60
3042,2002,페르난데스,Hitter,Train,Defense,https://img.inven.co.kr/image/site_image/bm/dataninfo/playercard/3042f.jpg,SEASON_ff21d3a8f4781c3b2a1b,74,47,68
3042,2002,페르난데스,Hitter,Train,BatterMental,https://img.inven.co.kr/image/site_image/bm/dataninfo/playercard/3042f.jpg,SEASON_ff21d3a8f4781c3b2a1b,83,65,66
3826,2009,황재균,Hitter,Train,Cost,https://img.inven.co.kr/image/site_image/bm/dataninfo/playercard/3826f.jpg,SEASON_5481b24a2af229b18da0,8,8,8
3826,2009,황재균,Hitter,Train,Contact,https://img.inven.co.kr/image/site_image/bm/dataninfo/playercard/3826f.jpg,SEASON_5481b24a2af229b18da0,74,55,67
3826,2009,황재균,Hitter,Train,Power,https://img.inven.co.kr/image/site_image/bm/dataninfo/playercard/3826f.jpg,SEASON_5481b24a2af229b18da0,73,61,71
3826,2009,황재균,Hitter,Train,Speed,https://img.inven.co.kr/image/site_image/bm/dataninfo/playercard/3826f.jpg,SEASON_5481b24a2af229b18da0,71,73,73
3826,2009,황재균,Hitter,Train,Defense,https://img.inven.co.kr/image/site_image/bm/dataninfo/playercard/3826f.jpg,SEASON_5481b24a2af229b18da0,72,58,75
3826,2009,황재균,Hitter,Train,BatterMental,https://img.inven.co.kr/image/site_image/bm/dataninfo/playercard/3826f.jpg,SEASON_5481b24a2af229b18da0,70,59,63
333,2008,김동주,Hitter,Train,Cost,https://img.inven.co.kr/image/site_image/bm/dataninfo/playercard/333f.jpg,SEASON_0028f7afe505798402c1,9,8,8
333,2008,김동주,Hitter,Train,Contact,https://img.inven.co.kr/image/site_image/bm/dataninfo/playercard/333f.jpg,SEASON_0028f7afe505798402c1,78,67,75
333,2008,김동주,Hitter,Train,Power,https://img.inven.co.kr/image/site_image/bm/dataninfo/playercard/333f.jpg,SEASON_0028f7afe505798402c1,76,79,83
333,2008,김동주,Hitter,Train,Speed,https://img.inven.co.kr/image/site_image/bm/dataninfo/playercard/333f.jpg,SEASON_0028f7afe505798402c1,59,49,58
333,2008,김동주,Hitter,Train,Defense,https://img.inven.co.kr/image/site_image/bm/dataninfo/playercard/333f.jpg,SEASON_0028f7afe505798402c1,75,52,71
333,2008,김동주,Hitter,Train,BatterMental,https://img.inven.co.kr/image/site_image/bm/dataninfo/playercard/333f.jpg,SEASON_0028f7afe505798402c1,84,77,71
3322,2009,김동주,Hitter,Train,Cost,https://img.inven.co.kr/image/site_image/bm/dataninfo/playercard/3322f.jpg,SEASON_e53f2d28e5964ee4dfba,9,8,8
3322,2009,김동주,Hitter,Train,Contact,https://img.inven.co.kr/image/site_image/bm/dataninfo/playercard/3322f.jpg,SEASON_e53f2d28e5964ee4dfba,85,80,84
3322,2009,김동주,Hitter,Train,Power,https://img.inven.co.kr/image/site_image/bm/dataninfo/playercard/3322f.jpg,SEASON_e53f2d28e5964ee4dfba,75,71,78
3322,2009,김동주,Hitter,Train,Speed,https://img.inven.co.kr/image/site_image/bm/dataninfo/playercard/3322f.jpg,SEASON_e53f2d28e5964ee4dfba,60,51,59
3322,2009,김동주,Hitter,Train,Defense,https://img.inven.co.kr/image/site_image/bm/dataninfo/playercard/3322f.jpg,SEASON_e53f2d28e5964ee4dfba,69,53,72
3322,2009,김동주,Hitter,Train,BatterMental,https://img.inven.co.kr/image/site_image/bm/dataninfo/playercard/3322f.jpg,SEASON_e53f2d28e5964ee4dfba,79,85,74
2953,2008,최정,Hitter,Train,Cost,https://img.inven.co.kr/image/site_image/bm/dataninfo/playercard/2953f.jpg,SEASON_2cc5688fc57b98c05093,9,8,8
2953,2008,최정,Hitter,Train,Contact,https://img.inven.co.kr/image/site_image/bm/dataninfo/playercard/2953f.jpg,SEASON_2cc5688fc57b98c05093,81,75,81
2953,2008,최정,Hitter,Train,Power,https://img.inven.co.kr/image/site_image/bm/dataninfo/playercard/2953f.jpg,SEASON_2cc5688fc57b98c05093,70,69,77
2953,2008,최정,Hitter,Train,Speed,https://img.inven.co.kr/image/site_image/bm/dataninfo/playercard/2953f.jpg,SEASON_2cc5688fc57b98c05093,74,68,70
2953,2008,최정,Hitter,Train,Defense,https://img.inven.co.kr/image/site_image/bm/dataninfo/playercard/2953f.jpg,SEASON_2cc5688fc57b98c05093,75,49,70
2953,2008,최정,Hitter,Train,BatterMental,https://img.inven.co.kr/image/site_image/bm/dataninfo/playercard/2953f.jpg,SEASON_2cc5688fc57b98c05093,75,79,71
198,2004,권용관,Hitter,Train,Cost,https://img.inven.co.kr/image/site_image/bm/dataninfo/playercard/198f.jpg,SEASON_d0143122cd8ed95dabe7,4,5,5
198,2004,권용관,Hitter,Train,Contact,https://img.inven.co.kr/image/site_image/bm/dataninfo/playercard/198f.jpg,SEASON_d0143122cd8ed95dabe7,59,38,56
198,2004,권용관,Hitter,Train,Power,https://img.inven.co.kr/image/site_image/bm/dataninfo/playercard/198f.jpg,SEASON_d0143122cd8ed95dabe7,51,34,53
198,2004,권용관,Hitter,Train,Speed,https://img.inven.co.kr/image/site_image/bm/dataninfo/playercard/198f.jpg,SEASON_d0143122cd8ed95dabe7,64,65,68
198,2004,권용관,Hitter,Train,Defense,https://img.inven.co.kr/image/site_image/bm/dataninfo/playercard/198f.jpg,SEASON_d0143122cd8ed95dabe7,77,54,72
198,2004,권용관,Hitter,Train,BatterMental,https://img.inven.co.kr/image/site_image/bm/dataninfo/playercard/198f.jpg,SEASON_d0143122cd8ed95dabe7,58,52,61
202,2008,권용관,Hitter,Train,Cost,https://img.inven.co.kr/image/site_image/bm/dataninfo/playercard/202f.jpg,SEASON_8e2a8a03b4b552fa90ca,4,4,4
202,2008,권용관,Hitter,Train,Contact,https://img.inven.co.kr/image/site_image/bm/dataninfo/playercard/202f.jpg,SEASON_8e2a8a03b4b552fa90ca,54,33,52
202,2008,권용관,Hitter,Train,Power,https://img.inven.co.kr/image/site_image/bm/dataninfo/playercard/202f.jpg,SEASON_8e2a8a03b4b552fa90ca,50,33,52
202,2008,권용관,Hitter,Train,Speed,https://img.inven.co.kr/image/site_image/bm/dataninfo/playercard/202f.jpg,SEASON_8e2a8a03b4b552fa90ca,56,49,58
202,2008,권용관,Hitter,Train,Defense,https://img.inven.co.kr/image/site_image/bm/dataninfo/playercard/202f.jpg,SEASON_8e2a8a03b4b552fa90ca,72,61,77
202,2008,권용관,Hitter,Train,BatterMental,https://img.inven.co.kr/image/site_image/bm/dataninfo/playercard/202f.jpg,SEASON_8e2a8a03b4b552fa90ca,56,39,56
1009,2006,박기혁,Hitter,Validation,Cost,https://img.inven.co.kr/image/site_image/bm/dataninfo/playercard/1009f.jpg,SEASON_e05136b1b8daa552df29,4,6,6
1009,2006,박기혁,Hitter,Validation,Contact,https://img.inven.co.kr/image/site_image/bm/dataninfo/playercard/1009f.jpg,SEASON_e05136b1b8daa552df29,64,48,62
1009,2006,박기혁,Hitter,Validation,Power,https://img.inven.co.kr/image/site_image/bm/dataninfo/playercard/1009f.jpg,SEASON_e05136b1b8daa552df29,47,33,52
1009,2006,박기혁,Hitter,Validation,Speed,https://img.inven.co.kr/image/site_image/bm/dataninfo/playercard/1009f.jpg,SEASON_e05136b1b8daa552df29,63,62,66
1009,2006,박기혁,Hitter,Validation,Defense,https://img.inven.co.kr/image/site_image/bm/dataninfo/playercard/1009f.jpg,SEASON_e05136b1b8daa552df29,71,65,79
1009,2006,박기혁,Hitter,Validation,BatterMental,https://img.inven.co.kr/image/site_image/bm/dataninfo/playercard/1009f.jpg,SEASON_e05136b1b8daa552df29,59,57,63
1010,2007,박기혁,Hitter,Validation,Cost,https://img.inven.co.kr/image/site_image/bm/dataninfo/playercard/1010f.jpg,SEASON_dedc4a2b2873fea152bd,4,5,5
1010,2007,박기혁,Hitter,Validation,Contact,https://img.inven.co.kr/image/site_image/bm/dataninfo/playercard/1010f.jpg,SEASON_dedc4a2b2873fea152bd,58,34,53
1010,2007,박기혁,Hitter,Validation,Power,https://img.inven.co.kr/image/site_image/bm/dataninfo/playercard/1010f.jpg,SEASON_dedc4a2b2873fea152bd,50,32,51
1010,2007,박기혁,Hitter,Validation,Speed,https://img.inven.co.kr/image/site_image/bm/dataninfo/playercard/1010f.jpg,SEASON_dedc4a2b2873fea152bd,62,57,63
1010,2007,박기혁,Hitter,Validation,Defense,https://img.inven.co.kr/image/site_image/bm/dataninfo/playercard/1010f.jpg,SEASON_dedc4a2b2873fea152bd,69,54,72
1010,2007,박기혁,Hitter,Validation,BatterMental,https://img.inven.co.kr/image/site_image/bm/dataninfo/playercard/1010f.jpg,SEASON_dedc4a2b2873fea152bd,61,49,59
3429,2009,박기혁,Hitter,Validation,Cost,https://img.inven.co.kr/image/site_image/bm/dataninfo/playercard/3429f.jpg,SEASON_ba6fa4ce6ac6be892365,4,4,4
3429,2009,박기혁,Hitter,Validation,Contact,https://img.inven.co.kr/image/site_image/bm/dataninfo/playercard/3429f.jpg,SEASON_ba6fa4ce6ac6be892365,46,26,48
3429,2009,박기혁,Hitter,Validation,Power,https://img.inven.co.kr/image/site_image/bm/dataninfo/playercard/3429f.jpg,SEASON_ba6fa4ce6ac6be892365,39,25,47
3429,2009,박기혁,Hitter,Validation,Speed,https://img.inven.co.kr/image/site_image/bm/dataninfo/playercard/3429f.jpg,SEASON_ba6fa4ce6ac6be892365,57,57,63
3429,2009,박기혁,Hitter,Validation,Defense,https://img.inven.co.kr/image/site_image/bm/dataninfo/playercard/3429f.jpg,SEASON_ba6fa4ce6ac6be892365,70,49,70
3429,2009,박기혁,Hitter,Validation,BatterMental,https://img.inven.co.kr/image/site_image/bm/dataninfo/playercard/3429f.jpg,SEASON_ba6fa4ce6ac6be892365,47,38,55
1347,2003,손시헌,Hitter,Train,Cost,https://img.inven.co.kr/image/site_image/bm/dataninfo/playercard/1347f.jpg,SEASON_6c5cafe6318130a8ff6f,4,3,3
1347,2003,손시헌,Hitter,Train,Contact,https://img.inven.co.kr/image/site_image/bm/dataninfo/playercard/1347f.jpg,SEASON_6c5cafe6318130a8ff6f,53,31,51
1347,2003,손시헌,Hitter,Train,Power,https://img.inven.co.kr/image/site_image/bm/dataninfo/playercard/1347f.jpg,SEASON_6c5cafe6318130a8ff6f,50,30,50
1347,2003,손시헌,Hitter,Train,Speed,https://img.inven.co.kr/image/site_image/bm/dataninfo/playercard/1347f.jpg,SEASON_6c5cafe6318130a8ff6f,64,51,59
1347,2003,손시헌,Hitter,Train,Defense,https://img.inven.co.kr/image/site_image/bm/dataninfo/playercard/1347f.jpg,SEASON_6c5cafe6318130a8ff6f,77,55,73
1347,2003,손시헌,Hitter,Train,BatterMental,https://img.inven.co.kr/image/site_image/bm/dataninfo/playercard/1347f.jpg,SEASON_6c5cafe6318130a8ff6f,53,39,56
1348,2004,손시헌,Hitter,Train,Cost,https://img.inven.co.kr/image/site_image/bm/dataninfo/playercard/1348f.jpg,SEASON_9836171815d592841e89,4,6,6
1348,2004,손시헌,Hitter,Train,Contact,https://img.inven.co.kr/image/site_image/bm/dataninfo/playercard/1348f.jpg,SEASON_9836171815d592841e89,59,37,55
1348,2004,손시헌,Hitter,Train,Power,https://img.inven.co.kr/image/site_image/bm/dataninfo/playercard/1348f.jpg,SEASON_9836171815d592841e89,51,34,53
1348,2004,손시헌,Hitter,Train,Speed,https://img.inven.co.kr/image/site_image/bm/dataninfo/playercard/1348f.jpg,SEASON_9836171815d592841e89,43,47,57
1348,2004,손시헌,Hitter,Train,Defense,https://img.inven.co.kr/image/site_image/bm/dataninfo/playercard/1348f.jpg,SEASON_9836171815d592841e89,79,62,77
1348,2004,손시헌,Hitter,Train,BatterMental,https://img.inven.co.kr/image/site_image/bm/dataninfo/playercard/1348f.jpg,SEASON_9836171815d592841e89,61,47,59
2762,2007,지석훈,Hitter,Holdout,Cost,https://img.inven.co.kr/image/site_image/bm/dataninfo/playercard/2762f.jpg,SEASON_46a34b9ce8795c0fd65c,4,4,4
2762,2007,지석훈,Hitter,Holdout,Contact,https://img.inven.co.kr/image/site_image/bm/dataninfo/playercard/2762f.jpg,SEASON_46a34b9ce8795c0fd65c,51,25,45
2762,2007,지석훈,Hitter,Holdout,Power,https://img.inven.co.kr/image/site_image/bm/dataninfo/playercard/2762f.jpg,SEASON_46a34b9ce8795c0fd65c,52,31,51
2762,2007,지석훈,Hitter,Holdout,Speed,https://img.inven.co.kr/image/site_image/bm/dataninfo/playercard/2762f.jpg,SEASON_46a34b9ce8795c0fd65c,40,49,58
2762,2007,지석훈,Hitter,Holdout,Defense,https://img.inven.co.kr/image/site_image/bm/dataninfo/playercard/2762f.jpg,SEASON_46a34b9ce8795c0fd65c,72,61,77
2762,2007,지석훈,Hitter,Holdout,BatterMental,https://img.inven.co.kr/image/site_image/bm/dataninfo/playercard/2762f.jpg,SEASON_46a34b9ce8795c0fd65c,59,36,54
2812,2006,차화준,Hitter,Train,Cost,https://img.inven.co.kr/image/site_image/bm/dataninfo/playercard/2812f.jpg,SEASON_2add0343c61ad223c0a3,4,4,4
2812,2006,차화준,Hitter,Train,Contact,https://img.inven.co.kr/image/site_image/bm/dataninfo/playercard/2812f.jpg,SEASON_2add0343c61ad223c0a3,63,41,58
2812,2006,차화준,Hitter,Train,Power,https://img.inven.co.kr/image/site_image/bm/dataninfo/playercard/2812f.jpg,SEASON_2add0343c61ad223c0a3,48,34,53
2812,2006,차화준,Hitter,Train,Speed,https://img.inven.co.kr/image/site_image/bm/dataninfo/playercard/2812f.jpg,SEASON_2add0343c61ad223c0a3,64,56,63
2812,2006,차화준,Hitter,Train,Defense,https://img.inven.co.kr/image/site_image/bm/dataninfo/playercard/2812f.jpg,SEASON_2add0343c61ad223c0a3,69,47,68
2812,2006,차화준,Hitter,Train,BatterMental,https://img.inven.co.kr/image/site_image/bm/dataninfo/playercard/2812f.jpg,SEASON_2add0343c61ad223c0a3,54,52,60
3103,2000,허준,Hitter,Train,Cost,https://img.inven.co.kr/image/site_image/bm/dataninfo/playercard/3103f.jpg,SEASON_0c7c8cabee698c61e73a,4,5,5
3103,2000,허준,Hitter,Train,Contact,https://img.inven.co.kr/image/site_image/bm/dataninfo/playercard/3103f.jpg,SEASON_0c7c8cabee698c61e73a,58,34,53
3103,2000,허준,Hitter,Train,Power,https://img.inven.co.kr/image/site_image/bm/dataninfo/playercard/3103f.jpg,SEASON_0c7c8cabee698c61e73a,62,37,55
3103,2000,허준,Hitter,Train,Speed,https://img.inven.co.kr/image/site_image/bm/dataninfo/playercard/3103f.jpg,SEASON_0c7c8cabee698c61e73a,54,55,55
3103,2000,허준,Hitter,Train,Defense,https://img.inven.co.kr/image/site_image/bm/dataninfo/playercard/3103f.jpg,SEASON_0c7c8cabee698c61e73a,70,55,55
3103,2000,허준,Hitter,Train,BatterMental,https://img.inven.co.kr/image/site_image/bm/dataninfo/playercard/3103f.jpg,SEASON_0c7c8cabee698c61e73a,64,41,56
196,2002,권용관,Hitter,Train,Cost,https://img.inven.co.kr/image/site_image/bm/dataninfo/playercard/196f.jpg,SEASON_77dcf27e2577a217b96e,5,5,5
196,2002,권용관,Hitter,Train,Contact,https://img.inven.co.kr/image/site_image/bm/dataninfo/playercard/196f.jpg,SEASON_77dcf27e2577a217b96e,58,32,51
196,2002,권용관,Hitter,Train,Power,https://img.inven.co.kr/image/site_image/bm/dataninfo/playercard/196f.jpg,SEASON_77dcf27e2577a217b96e,57,34,53
196,2002,권용관,Hitter,Train,Speed,https://img.inven.co.kr/image/site_image/bm/dataninfo/playercard/196f.jpg,SEASON_77dcf27e2577a217b96e,73,70,71
196,2002,권용관,Hitter,Train,Defense,https://img.inven.co.kr/image/site_image/bm/dataninfo/playercard/196f.jpg,SEASON_77dcf27e2577a217b96e,74,49,70
196,2002,권용관,Hitter,Train,BatterMental,https://img.inven.co.kr/image/site_image/bm/dataninfo/playercard/196f.jpg,SEASON_77dcf27e2577a217b96e,60,39,55
3328,2009,김민성,Hitter,Holdout,Cost,https://img.inven.co.kr/image/site_image/bm/dataninfo/playercard/3328f.jpg,SEASON_7bb218f75d1c7202eaae,5,5,5
3328,2009,김민성,Hitter,Holdout,Contact,https://img.inven.co.kr/image/site_image/bm/dataninfo/playercard/3328f.jpg,SEASON_7bb218f75d1c7202eaae,62,38,56
3328,2009,김민성,Hitter,Holdout,Power,https://img.inven.co.kr/image/site_image/bm/dataninfo/playercard/3328f.jpg,SEASON_7bb218f75d1c7202eaae,57,35,54
3328,2009,김민성,Hitter,Holdout,Speed,https://img.inven.co.kr/image/site_image/bm/dataninfo/playercard/3328f.jpg,SEASON_7bb218f75d1c7202eaae,53,53,61
3328,2009,김민성,Hitter,Holdout,Defense,https://img.inven.co.kr/image/site_image/bm/dataninfo/playercard/3328f.jpg,SEASON_7bb218f75d1c7202eaae,68,54,72
3328,2009,김민성,Hitter,Holdout,BatterMental,https://img.inven.co.kr/image/site_image/bm/dataninfo/playercard/3328f.jpg,SEASON_7bb218f75d1c7202eaae,56,53,61
365,2000,김민재,Hitter,Train,Cost,https://img.inven.co.kr/image/site_image/bm/dataninfo/playercard/365f.jpg,SEASON_fec9499a1e8e003ee5ea,5,6,6
365,2000,김민재,Hitter,Train,Contact,https://img.inven.co.kr/image/site_image/bm/dataninfo/playercard/365f.jpg,SEASON_fec9499a1e8e003ee5ea,61,41,58
365,2000,김민재,Hitter,Train,Power,https://img.inven.co.kr/image/site_image/bm/dataninfo/playercard/365f.jpg,SEASON_fec9499a1e8e003ee5ea,51,34,53
365,2000,김민재,Hitter,Train,Speed,https://img.inven.co.kr/image/site_image/bm/dataninfo/playercard/365f.jpg,SEASON_fec9499a1e8e003ee5ea,72,55,55
365,2000,김민재,Hitter,Train,Defense,https://img.inven.co.kr/image/site_image/bm/dataninfo/playercard/365f.jpg,SEASON_fec9499a1e8e003ee5ea,84,55,55
365,2000,김민재,Hitter,Train,BatterMental,https://img.inven.co.kr/image/site_image/bm/dataninfo/playercard/365f.jpg,SEASON_fec9499a1e8e003ee5ea,54,51,60
366,2001,김민재,Hitter,Train,Cost,https://img.inven.co.kr/image/site_image/bm/dataninfo/playercard/366f.jpg,SEASON_494fd0ff68a29aa39f79,5,6,6
366,2001,김민재,Hitter,Train,Contact,https://img.inven.co.kr/image/site_image/bm/dataninfo/playercard/366f.jpg,SEASON_494fd0ff68a29aa39f79,71,58,69
366,2001,김민재,Hitter,Train,Power,https://img.inven.co.kr/image/site_image/bm/dataninfo/playercard/366f.jpg,SEASON_494fd0ff68a29aa39f79,51,37,55
366,2001,김민재,Hitter,Train,Speed,https://img.inven.co.kr/image/site_image/bm/dataninfo/playercard/366f.jpg,SEASON_494fd0ff68a29aa39f79,62,58,63
366,2001,김민재,Hitter,Train,Defense,https://img.inven.co.kr/image/site_image/bm/dataninfo/playercard/366f.jpg,SEASON_494fd0ff68a29aa39f79,69,60,76
366,2001,김민재,Hitter,Train,BatterMental,https://img.inven.co.kr/image/site_image/bm/dataninfo/playercard/366f.jpg,SEASON_494fd0ff68a29aa39f79,58,59,63
368,2003,김민재,Hitter,Train,Cost,https://img.inven.co.kr/image/site_image/bm/dataninfo/playercard/368f.jpg,SEASON_5f8141d8085e9cc41f5a,5,6,6
368,2003,김민재,Hitter,Train,Contact,https://img.inven.co.kr/image/site_image/bm/dataninfo/playercard/368f.jpg,SEASON_5f8141d8085e9cc41f5a,58,28,49
368,2003,김민재,Hitter,Train,Power,https://img.inven.co.kr/image/site_image/bm/dataninfo/playercard/368f.jpg,SEASON_5f8141d8085e9cc41f5a,56,34,53
368,2003,김민재,Hitter,Train,Speed,https://img.inven.co.kr/image/site_image/bm/dataninfo/playercard/368f.jpg,SEASON_5f8141d8085e9cc41f5a,72,69,70
368,2003,김민재,Hitter,Train,Defense,https://img.inven.co.kr/image/site_image/bm/dataninfo/playercard/368f.jpg,SEASON_5f8141d8085e9cc41f5a,83,63,77
368,2003,김민재,Hitter,Train,BatterMental,https://img.inven.co.kr/image/site_image/bm/dataninfo/playercard/368f.jpg,SEASON_5f8141d8085e9cc41f5a,59,45,58
369,2004,김민재,Hitter,Train,Cost,https://img.inven.co.kr/image/site_image/bm/dataninfo/playercard/369f.jpg,SEASON_3e84c6d1a7636978f013,5,7,7
369,2004,김민재,Hitter,Train,Contact,https://img.inven.co.kr/image/site_image/bm/dataninfo/playercard/369f.jpg,SEASON_3e84c6d1a7636978f013,63,48,63
369,2004,김민재,Hitter,Train,Power,https://img.inven.co.kr/image/site_image/bm/dataninfo/playercard/369f.jpg,SEASON_3e84c6d1a7636978f013,56,37,55
369,2004,김민재,Hitter,Train,Speed,https://img.inven.co.kr/image/site_image/bm/dataninfo/playercard/369f.jpg,SEASON_3e84c6d1a7636978f013,74,63,67
369,2004,김민재,Hitter,Train,Defense,https://img.inven.co.kr/image/site_image/bm/dataninfo/playercard/369f.jpg,SEASON_3e84c6d1a7636978f013,82,60,76
369,2004,김민재,Hitter,Train,BatterMental,https://img.inven.co.kr/image/site_image/bm/dataninfo/playercard/369f.jpg,SEASON_3e84c6d1a7636978f013,56,51,60
380,2000,김민호,Hitter,Train,Cost,https://img.inven.co.kr/image/site_image/bm/dataninfo/playercard/380f.jpg,SEASON_c33457385859ccc818e8,5,5,5
380,2000,김민호,Hitter,Train,Contact,https://img.inven.co.kr/image/site_image/bm/dataninfo/playercard/380f.jpg,SEASON_c33457385859ccc818e8,61,41,57
380,2000,김민호,Hitter,Train,Power,https://img.inven.co.kr/image/site_image/bm/dataninfo/playercard/380f.jpg,SEASON_c33457385859ccc818e8,52,35,53
380,2000,김민호,Hitter,Train,Speed,https://img.inven.co.kr/image/site_image/bm/dataninfo/playercard/380f.jpg,SEASON_c33457385859ccc818e8,80,55,55
380,2000,김민호,Hitter,Train,Defense,https://img.inven.co.kr/image/site_image/bm/dataninfo/playercard/380f.jpg,SEASON_c33457385859ccc818e8,69,55,55
380,2000,김민호,Hitter,Train,BatterMental,https://img.inven.co.kr/image/site_image/bm/dataninfo/playercard/380f.jpg,SEASON_c33457385859ccc818e8,58,49,59
381,2001,김민호,Hitter,Train,Cost,https://img.inven.co.kr/image/site_image/bm/dataninfo/playercard/381f.jpg,SEASON_3c9e335788ca542e195e,5,5,5
381,2001,김민호,Hitter,Train,Contact,https://img.inven.co.kr/image/site_image/bm/dataninfo/playercard/381f.jpg,SEASON_3c9e335788ca542e195e,58,27,48
381,2001,김민호,Hitter,Train,Power,https://img.inven.co.kr/image/site_image/bm/dataninfo/playercard/381f.jpg,SEASON_3c9e335788ca542e195e,57,35,54
381,2001,김민호,Hitter,Train,Speed,https://img.inven.co.kr/image/site_image/bm/dataninfo/playercard/381f.jpg,SEASON_3c9e335788ca542e195e,76,69,70
381,2001,김민호,Hitter,Train,Defense,https://img.inven.co.kr/image/site_image/bm/dataninfo/playercard/381f.jpg,SEASON_3c9e335788ca542e195e,71,59,75
381,2001,김민호,Hitter,Train,BatterMental,https://img.inven.co.kr/image/site_image/bm/dataninfo/playercard/381f.jpg,SEASON_3c9e335788ca542e195e,54,41,56
3336,2009,김상수,Hitter,Train,Cost,https://img.inven.co.kr/image/site_image/bm/dataninfo/playercard/3336f.jpg,SEASON_bac4d83c3a9ac2a0d734,5,4,4
3336,2009,김상수,Hitter,Train,Contact,https://img.inven.co.kr/image/site_image/bm/dataninfo/playercard/3336f.jpg,SEASON_bac4d83c3a9ac2a0d734,48,36,54
3336,2009,김상수,Hitter,Train,Power,https://img.inven.co.kr/image/site_image/bm/dataninfo/playercard/3336f.jpg,SEASON_bac4d83c3a9ac2a0d734,43,30,50
3336,2009,김상수,Hitter,Train,Speed,https://img.inven.co.kr/image/site_image/bm/dataninfo/playercard/3336f.jpg,SEASON_bac4d83c3a9ac2a0d734,68,72,72
3336,2009,김상수,Hitter,Train,Defense,https://img.inven.co.kr/image/site_image/bm/dataninfo/playercard/3336f.jpg,SEASON_bac4d83c3a9ac2a0d734,64,51,71
3336,2009,김상수,Hitter,Train,BatterMental,https://img.inven.co.kr/image/site_image/bm/dataninfo/playercard/3336f.jpg,SEASON_bac4d83c3a9ac2a0d734,47,45,58
424,2008,김선빈,Hitter,Holdout,Cost,https://img.inven.co.kr/image/site_image/bm/dataninfo/playercard/424f.jpg,SEASON_70fca78c84b9b44ff3fe,5,5,5
424,2008,김선빈,Hitter,Holdout,Contact,https://img.inven.co.kr/image/site_image/bm/dataninfo/playercard/424f.jpg,SEASON_70fca78c84b9b44ff3fe,63,43,59
424,2008,김선빈,Hitter,Holdout,Power,https://img.inven.co.kr/image/site_image/bm/dataninfo/playercard/424f.jpg,SEASON_70fca78c84b9b44ff3fe,47,31,51
424,2008,김선빈,Hitter,Holdout,Speed,https://img.inven.co.kr/image/site_image/bm/dataninfo/playercard/424f.jpg,SEASON_70fca78c84b9b44ff3fe,60,56,62
424,2008,김선빈,Hitter,Holdout,Defense,https://img.inven.co.kr/image/site_image/bm/dataninfo/playercard/424f.jpg,SEASON_70fca78c84b9b44ff3fe,69,49,69
424,2008,김선빈,Hitter,Holdout,BatterMental,https://img.inven.co.kr/image/site_image/bm/dataninfo/playercard/424f.jpg,SEASON_70fca78c84b9b44ff3fe,58,54,61
708,2000,김태균,Hitter,Holdout,Cost,https://img.inven.co.kr/image/site_image/bm/dataninfo/playercard/708f.jpg,SEASON_253af58020d87d532d22,5,6,6
708,2000,김태균,Hitter,Holdout,Contact,https://img.inven.co.kr/image/site_image/bm/dataninfo/playercard/708f.jpg,SEASON_253af58020d87d532d22,59,38,56
708,2000,김태균,Hitter,Holdout,Power,https://img.inven.co.kr/image/site_image/bm/dataninfo/playercard/708f.jpg,SEASON_253af58020d87d532d22,56,36,54
708,2000,김태균,Hitter,Holdout,Speed,https://img.inven.co.kr/image/site_image/bm/dataninfo/playercard/708f.jpg,SEASON_253af58020d87d532d22,64,55,55
708,2000,김태균,Hitter,Holdout,Defense,https://img.inven.co.kr/image/site_image/bm/dataninfo/playercard/708f.jpg,SEASON_253af58020d87d532d22,79,55,55
708,2000,김태균,Hitter,Holdout,BatterMental,https://img.inven.co.kr/image/site_image/bm/dataninfo/playercard/708f.jpg,SEASON_253af58020d87d532d22,55,46,58
802,2007,나주환,Hitter,Train,Cost,https://img.inven.co.kr/image/site_image/bm/dataninfo/playercard/802f.jpg,SEASON_93974601cd6ae0c54070,5,6,6
802,2007,나주환,Hitter,Train,Contact,https://img.inven.co.kr/image/site_image/bm/dataninfo/playercard/802f.jpg,SEASON_93974601cd6ae0c54070,59,41,58
802,2007,나주환,Hitter,Train,Power,https://img.inven.co.kr/image/site_image/bm/dataninfo/playercard/802f.jpg,SEASON_93974601cd6ae0c54070,51,37,55
802,2007,나주환,Hitter,Train,Speed,https://img.inven.co.kr/image/site_image/bm/dataninfo/playercard/802f.jpg,SEASON_93974601cd6ae0c54070,59,53,61
802,2007,나주환,Hitter,Train,Defense,https://img.inven.co.kr/image/site_image/bm/dataninfo/playercard/802f.jpg,SEASON_93974601cd6ae0c54070,77,56,74
802,2007,나주환,Hitter,Train,BatterMental,https://img.inven.co.kr/image/site_image/bm/dataninfo/playercard/802f.jpg,SEASON_93974601cd6ae0c54070,62,49,59
1175,2000,박진만,Hitter,Train,Cost,https://img.inven.co.kr/image/site_image/bm/dataninfo/playercard/1175f.jpg,SEASON_93348cce8aa2033873ed,5,8,8
1175,2000,박진만,Hitter,Train,Contact,https://img.inven.co.kr/image/site_image/bm/dataninfo/playercard/1175f.jpg,SEASON_93348cce8aa2033873ed,69,57,69
1175,2000,박진만,Hitter,Train,Power,https://img.inven.co.kr/image/site_image/bm/dataninfo/playercard/1175f.jpg,SEASON_93348cce8aa2033873ed,72,59,69
1175,2000,박진만,Hitter,Train,Speed,https://img.inven.co.kr/image/site_image/bm/dataninfo/playercard/1175f.jpg,SEASON_93348cce8aa2033873ed,40,55,55
1175,2000,박진만,Hitter,Train,Defense,https://img.inven.co.kr/image/site_image/bm/dataninfo/playercard/1175f.jpg,SEASON_93348cce8aa2033873ed,78,55,55
1175,2000,박진만,Hitter,Train,BatterMental,https://img.inven.co.kr/image/site_image/bm/dataninfo/playercard/1175f.jpg,SEASON_93348cce8aa2033873ed,64,61,64
1177,2002,박진만,Hitter,Train,Cost,https://img.inven.co.kr/image/site_image/bm/dataninfo/playercard/1177f.jpg,SEASON_1786abfd467232670b48,5,7,7
1177,2002,박진만,Hitter,Train,Contact,https://img.inven.co.kr/image/site_image/bm/dataninfo/playercard/1177f.jpg,SEASON_1786abfd467232670b48,58,32,52
1177,2002,박진만,Hitter,Train,Power,https://img.inven.co.kr/image/site_image/bm/dataninfo/playercard/1177f.jpg,SEASON_1786abfd467232670b48,69,48,62
1177,2002,박진만,Hitter,Train,Speed,https://img.inven.co.kr/image/site_image/bm/dataninfo/playercard/1177f.jpg,SEASON_1786abfd467232670b48,55,50,59
1177,2002,박진만,Hitter,Train,Defense,https://img.inven.co.kr/image/site_image/bm/dataninfo/playercard/1177f.jpg,SEASON_1786abfd467232670b48,76,63,78
1177,2002,박진만,Hitter,Train,BatterMental,https://img.inven.co.kr/image/site_image/bm/dataninfo/playercard/1177f.jpg,SEASON_1786abfd467232670b48,69,49,59
3464,2009,박진만,Hitter,Train,Cost,https://img.inven.co.kr/image/site_image/bm/dataninfo/playercard/3464f.jpg,SEASON_2bbddc54c480d19fd6ca,5,5,5
3464,2009,박진만,Hitter,Train,Contact,https://img.inven.co.kr/image/site_image/bm/dataninfo/playercard/3464f.jpg,SEASON_2bbddc54c480d19fd6ca,50,39,57
3464,2009,박진만,Hitter,Train,Power,https://img.inven.co.kr/image/site_image/bm/dataninfo/playercard/3464f.jpg,SEASON_2bbddc54c480d19fd6ca,63,39,56
3464,2009,박진만,Hitter,Train,Speed,https://img.inven.co.kr/image/site_image/bm/dataninfo/playercard/3464f.jpg,SEASON_2bbddc54c480d19fd6ca,56,50,59
3464,2009,박진만,Hitter,Train,Defense,https://img.inven.co.kr/image/site_image/bm/dataninfo/playercard/3464f.jpg,SEASON_2bbddc54c480d19fd6ca,72,59,76
3464,2009,박진만,Hitter,Train,BatterMental,https://img.inven.co.kr/image/site_image/bm/dataninfo/playercard/3464f.jpg,SEASON_2bbddc54c480d19fd6ca,48,50,60
1349,2005,손시헌,Hitter,Train,Cost,https://img.inven.co.kr/image/site_image/bm/dataninfo/playercard/1349f.jpg,SEASON_55814ae5d9a8c7387a68,5,8,8
1349,2005,손시헌,Hitter,Train,Contact,https://img.inven.co.kr/image/site_image/bm/dataninfo/playercard/1349f.jpg,SEASON_55814ae5d9a8c7387a68,68,56,68
1349,2005,손시헌,Hitter,Train,Power,https://img.inven.co.kr/image/site_image/bm/dataninfo/playercard/1349f.jpg,SEASON_55814ae5d9a8c7387a68,56,43,59
1349,2005,손시헌,Hitter,Train,Speed,https://img.inven.co.kr/image/site_image/bm/dataninfo/playercard/1349f.jpg,SEASON_55814ae5d9a8c7387a68,55,50,59
1349,2005,손시헌,Hitter,Train,Defense,https://img.inven.co.kr/image/site_image/bm/dataninfo/playercard/1349f.jpg,SEASON_55814ae5d9a8c7387a68,79,60,76
1349,2005,손시헌,Hitter,Train,BatterMental,https://img.inven.co.kr/image/site_image/bm/dataninfo/playercard/1349f.jpg,SEASON_55814ae5d9a8c7387a68,68,63,65
1350,2006,손시헌,Hitter,Train,Cost,https://img.inven.co.kr/image/site_image/bm/dataninfo/playercard/1350f.jpg,SEASON_e181f77de1718c82960a,5,7,7
1350,2006,손시헌,Hitter,Train,Contact,https://img.inven.co.kr/image/site_image/bm/dataninfo/playercard/1350f.jpg,SEASON_e181f77de1718c82960a,68,56,67
1350,2006,손시헌,Hitter,Train,Power,https://img.inven.co.kr/image/site_image/bm/dataninfo/playercard/1350f.jpg,SEASON_e181f77de1718c82960a,51,41,58
1350,2006,손시헌,Hitter,Train,Speed,https://img.inven.co.kr/image/site_image/bm/dataninfo/playercard/1350f.jpg,SEASON_e181f77de1718c82960a,58,50,59
1350,2006,손시헌,Hitter,Train,Defense,https://img.inven.co.kr/image/site_image/bm/dataninfo/playercard/1350f.jpg,SEASON_e181f77de1718c82960a,79,56,74
1350,2006,손시헌,Hitter,Train,BatterMental,https://img.inven.co.kr/image/site_image/bm/dataninfo/playercard/1350f.jpg,SEASON_e181f77de1718c82960a,60,62,65
1860,2006,이대수,Hitter,Validation,Cost,https://img.inven.co.kr/image/site_image/bm/dataninfo/playercard/1860f.jpg,SEASON_c797144c95d7eb6e1fed,5,7,7
1860,2006,이대수,Hitter,Validation,Contact,https://img.inven.co.kr/image/site_image/bm/dataninfo/playercard/1860f.jpg,SEASON_c797144c95d7eb6e1fed,65,49,63
1860,2006,이대수,Hitter,Validation,Power,https://img.inven.co.kr/image/site_image/bm/dataninfo/playercard/1860f.jpg,SEASON_c797144c95d7eb6e1fed,61,46,61
1860,2006,이대수,Hitter,Validation,Speed,https://img.inven.co.kr/image/site_image/bm/dataninfo/playercard/1860f.jpg,SEASON_c797144c95d7eb6e1fed,65,55,62
1860,2006,이대수,Hitter,Validation,Defense,https://img.inven.co.kr/image/site_image/bm/dataninfo/playercard/1860f.jpg,SEASON_c797144c95d7eb6e1fed,75,57,74
1860,2006,이대수,Hitter,Validation,BatterMental,https://img.inven.co.kr/image/site_image/bm/dataninfo/playercard/1860f.jpg,SEASON_c797144c95d7eb6e1fed,56,54,61
1862,2007,이대수,Hitter,Validation,Cost,https://img.inven.co.kr/image/site_image/bm/dataninfo/playercard/1862f.jpg,SEASON_9eced89b7097fecea952,5,6,6
1862,2007,이대수,Hitter,Validation,Contact,https://img.inven.co.kr/image/site_image/bm/dataninfo/playercard/1862f.jpg,SEASON_9eced89b7097fecea952,62,45,60
1862,2007,이대수,Hitter,Validation,Power,https://img.inven.co.kr/image/site_image/bm/dataninfo/playercard/1862f.jpg,SEASON_9eced89b7097fecea952,52,40,57
1862,2007,이대수,Hitter,Validation,Speed,https://img.inven.co.kr/image/site_image/bm/dataninfo/playercard/1862f.jpg,SEASON_9eced89b7097fecea952,62,56,62
1862,2007,이대수,Hitter,Validation,Defense,https://img.inven.co.kr/image/site_image/bm/dataninfo/playercard/1862f.jpg,SEASON_9eced89b7097fecea952,78,58,75
1862,2007,이대수,Hitter,Validation,BatterMental,https://img.inven.co.kr/image/site_image/bm/dataninfo/playercard/1862f.jpg,SEASON_9eced89b7097fecea952,67,54,61
2095,2007,이원석,Hitter,Train,Cost,https://img.inven.co.kr/image/site_image/bm/dataninfo/playercard/2095f.jpg,SEASON_a916675a04d511555b89,5,6,6
2095,2007,이원석,Hitter,Train,Contact,https://img.inven.co.kr/image/site_image/bm/dataninfo/playercard/2095f.jpg,SEASON_a916675a04d511555b89,64,49,63
2095,2007,이원석,Hitter,Train,Power,https://img.inven.co.kr/image/site_image/bm/dataninfo/playercard/2095f.jpg,SEASON_a916675a04d511555b89,50,35,53
2095,2007,이원석,Hitter,Train,Speed,https://img.inven.co.kr/image/site_image/bm/dataninfo/playercard/2095f.jpg,SEASON_a916675a04d511555b89,55,51,60
2095,2007,이원석,Hitter,Train,Defense,https://img.inven.co.kr/image/site_image/bm/dataninfo/playercard/2095f.jpg,SEASON_a916675a04d511555b89,75,52,71
2095,2007,이원석,Hitter,Train,BatterMental,https://img.inven.co.kr/image/site_image/bm/dataninfo/playercard/2095f.jpg,SEASON_a916675a04d511555b89,58,53,61
2634,2004,조동찬,Hitter,Train,Cost,https://img.inven.co.kr/image/site_image/bm/dataninfo/playercard/2634f.jpg,SEASON_b6d28c52fd00e771971b,5,6,6
2634,2004,조동찬,Hitter,Train,Contact,https://img.inven.co.kr/image/site_image/bm/dataninfo/playercard/2634f.jpg,SEASON_b6d28c52fd00e771971b,58,34,53
2634,2004,조동찬,Hitter,Train,Power,https://img.inven.co.kr/image/site_image/bm/dataninfo/playercard/2634f.jpg,SEASON_b6d28c52fd00e771971b,64,41,58
2634,2004,조동찬,Hitter,Train,Speed,https://img.inven.co.kr/image/site_image/bm/dataninfo/playercard/2634f.jpg,SEASON_b6d28c52fd00e771971b,65,52,60
2634,2004,조동찬,Hitter,Train,Defense,https://img.inven.co.kr/image/site_image/bm/dataninfo/playercard/2634f.jpg,SEASON_b6d28c52fd00e771971b,73,55,73
2634,2004,조동찬,Hitter,Train,BatterMental,https://img.inven.co.kr/image/site_image/bm/dataninfo/playercard/2634f.jpg,SEASON_b6d28c52fd00e771971b,54,44,58
100,2008,강정호,Hitter,Validation,Cost,https://img.inven.co.kr/image/site_image/bm/dataninfo/playercard/100f.jpg,SEASON_129b3fd506b7d58175cd,6,7,7
100,2008,강정호,Hitter,Validation,Contact,https://img.inven.co.kr/image/site_image/bm/dataninfo/playercard/100f.jpg,SEASON_129b3fd506b7d58175cd,66,51,64
100,2008,강정호,Hitter,Validation,Power,https://img.inven.co.kr/image/site_image/bm/dataninfo/playercard/100f.jpg,SEASON_129b3fd506b7d58175cd,66,53,66
100,2008,강정호,Hitter,Validation,Speed,https://img.inven.co.kr/image/site_image/bm/dataninfo/playercard/100f.jpg,SEASON_129b3fd506b7d58175cd,63,51,59
100,2008,강정호,Hitter,Validation,Defense,https://img.inven.co.kr/image/site_image/bm/dataninfo/playercard/100f.jpg,SEASON_129b3fd506b7d58175cd,64,50,70
100,2008,강정호,Hitter,Validation,BatterMental,https://img.inven.co.kr/image/site_image/bm/dataninfo/playercard/100f.jpg,SEASON_129b3fd506b7d58175cd,70,57,63
201,2007,권용관,Hitter,Train,Cost,https://img.inven.co.kr/image/site_image/bm/dataninfo/playercard/201f.jpg,SEASON_6447575b74434cd6df2f,6,6,6
201,2007,권용관,Hitter,Train,Contact,https://img.inven.co.kr/image/site_image/bm/dataninfo/playercard/201f.jpg,SEASON_6447575b74434cd6df2f,59,41,58
201,2007,권용관,Hitter,Train,Power,https://img.inven.co.kr/image/site_image/bm/dataninfo/playercard/201f.jpg,SEASON_6447575b74434cd6df2f,56,41,57
201,2007,권용관,Hitter,Train,Speed,https://img.inven.co.kr/image/site_image/bm/dataninfo/playercard/201f.jpg,SEASON_6447575b74434cd6df2f,73,64,67
201,2007,권용관,Hitter,Train,Defense,https://img.inven.co.kr/image/site_image/bm/dataninfo/playercard/201f.jpg,SEASON_6447575b74434cd6df2f,82,47,69
201,2007,권용관,Hitter,Train,BatterMental,https://img.inven.co.kr/image/site_image/bm/dataninfo/playercard/201f.jpg,SEASON_6447575b74434cd6df2f,64,49,59
3299,2009,권용관,Hitter,Train,Cost,https://img.inven.co.kr/image/site_image/bm/dataninfo/playercard/3299f.jpg,SEASON_f1f21f48996b7d73e386,6,6,6
3299,2009,권용관,Hitter,Train,Contact,https://img.inven.co.kr/image/site_image/bm/dataninfo/playercard/3299f.jpg,SEASON_f1f21f48996b7d73e386,62,38,55
3299,2009,권용관,Hitter,Train,Power,https://img.inven.co.kr/image/site_image/bm/dataninfo/playercard/3299f.jpg,SEASON_f1f21f48996b7d73e386,66,40,57
3299,2009,권용관,Hitter,Train,Speed,https://img.inven.co.kr/image/site_image/bm/dataninfo/playercard/3299f.jpg,SEASON_f1f21f48996b7d73e386,60,53,61
3299,2009,권용관,Hitter,Train,Defense,https://img.inven.co.kr/image/site_image/bm/dataninfo/playercard/3299f.jpg,SEASON_f1f21f48996b7d73e386,77,59,76
3299,2009,권용관,Hitter,Train,BatterMental,https://img.inven.co.kr/image/site_image/bm/dataninfo/playercard/3299f.jpg,SEASON_f1f21f48996b7d73e386,50,45,58
367,2002,김민재,Hitter,Train,Cost,https://img.inven.co.kr/image/site_image/bm/dataninfo/playercard/367f.jpg,SEASON_2930b44552573f63b48c,6,8,8
367,2002,김민재,Hitter,Train,Contact,https://img.inven.co.kr/image/site_image/bm/dataninfo/playercard/367f.jpg,SEASON_2930b44552573f63b48c,61,49,63
367,2002,김민재,Hitter,Train,Power,https://img.inven.co.kr/image/site_image/bm/dataninfo/playercard/367f.jpg,SEASON_2930b44552573f63b48c,69,51,64
367,2002,김민재,Hitter,Train,Speed,https://img.inven.co.kr/image/site_image/bm/dataninfo/playercard/367f.jpg,SEASON_2930b44552573f63b48c,72,68,70
367,2002,김민재,Hitter,Train,Defense,https://img.inven.co.kr/image/site_image/bm/dataninfo/playercard/367f.jpg,SEASON_2930b44552573f63b48c,83,59,75
367,2002,김민재,Hitter,Train,BatterMental,https://img.inven.co.kr/image/site_image/bm/dataninfo/playercard/367f.jpg,SEASON_2930b44552573f63b48c,59,53,61
370,2005,김민재,Hitter,Train,Cost,https://img.inven.co.kr/image/site_image/bm/dataninfo/playercard/370f.jpg,SEASON_2fa6231ada7ab5194412,6,8,8
370,2005,김민재,Hitter,Train,Contact,https://img.inven.co.kr/image/site_image/bm/dataninfo/playercard/370f.jpg,SEASON_2fa6231ada7ab5194412,68,57,69
370,2005,김민재,Hitter,Train,Power,https://img.inven.co.kr/image/site_image/bm/dataninfo/playercard/370f.jpg,SEASON_2fa6231ada7ab5194412,51,37,55
370,2005,김민재,Hitter,Train,Speed,https://img.inven.co.kr/image/site_image/bm/dataninfo/playercard/370f.jpg,SEASON_2fa6231ada7ab5194412,79,72,72
370,2005,김민재,Hitter,Train,Defense,https://img.inven.co.kr/image/site_image/bm/dataninfo/playercard/370f.jpg,SEASON_2fa6231ada7ab5194412,78,58,75
370,2005,김민재,Hitter,Train,BatterMental,https://img.inven.co.kr/image/site_image/bm/dataninfo/playercard/370f.jpg,SEASON_2fa6231ada7ab5194412,60,62,65
371,2006,김민재,Hitter,Train,Cost,https://img.inven.co.kr/image/site_image/bm/dataninfo/playercard/371f.jpg,SEASON_cfec41026da307679df8,6,6,6
371,2006,김민재,Hitter,Train,Contact,https://img.inven.co.kr/image/site_image/bm/dataninfo/playercard/371f.jpg,SEASON_cfec41026da307679df8,59,30,51
371,2006,김민재,Hitter,Train,Power,https://img.inven.co.kr/image/site_image/bm/dataninfo/playercard/371f.jpg,SEASON_cfec41026da307679df8,57,40,57
371,2006,김민재,Hitter,Train,Speed,https://img.inven.co.kr/image/site_image/bm/dataninfo/playercard/371f.jpg,SEASON_cfec41026da307679df8,74,63,67
371,2006,김민재,Hitter,Train,Defense,https://img.inven.co.kr/image/site_image/bm/dataninfo/playercard/371f.jpg,SEASON_cfec41026da307679df8,75,55,73
371,2006,김민재,Hitter,Train,BatterMental,https://img.inven.co.kr/image/site_image/bm/dataninfo/playercard/371f.jpg,SEASON_cfec41026da307679df8,58,44,57
372,2007,김민재,Hitter,Train,Cost,https://img.inven.co.kr/image/site_image/bm/dataninfo/playercard/372f.jpg,SEASON_11e07a14b451ce478bd2,6,7,7
372,2007,김민재,Hitter,Train,Contact,https://img.inven.co.kr/image/site_image/bm/dataninfo/playercard/372f.jpg,SEASON_11e07a14b451ce478bd2,67,54,66
372,2007,김민재,Hitter,Train,Power,https://img.inven.co.kr/image/site_image/bm/dataninfo/playercard/372f.jpg,SEASON_11e07a14b451ce478bd2,63,47,62
372,2007,김민재,Hitter,Train,Speed,https://img.inven.co.kr/image/site_image/bm/dataninfo/playercard/372f.jpg,SEASON_11e07a14b451ce478bd2,65,58,63
372,2007,김민재,Hitter,Train,Defense,https://img.inven.co.kr/image/site_image/bm/dataninfo/playercard/372f.jpg,SEASON_11e07a14b451ce478bd2,80,52,71
372,2007,김민재,Hitter,Train,BatterMental,https://img.inven.co.kr/image/site_image/bm/dataninfo/playercard/372f.jpg,SEASON_11e07a14b451ce478bd2,67,58,63
601,2008,김재호,Hitter,Train,Cost,https://img.inven.co.kr/image/site_image/bm/dataninfo/playercard/601f.jpg,SEASON_e7890bec6bfcfa183323,6,5,5
601,2008,김재호,Hitter,Train,Contact,https://img.inven.co.kr/image/site_image/bm/dataninfo/playercard/601f.jpg,SEASON_e7890bec6bfcfa183323,62,41,58
601,2008,김재호,Hitter,Train,Power,https://img.inven.co.kr/image/site_image/bm/dataninfo/playercard/601f.jpg,SEASON_e7890bec6bfcfa183323,50,37,55
601,2008,김재호,Hitter,Train,Speed,https://img.inven.co.kr/image/site_image/bm/dataninfo/playercard/601f.jpg,SEASON_e7890bec6bfcfa183323,74,64,67
601,2008,김재호,Hitter,Train,Defense,https://img.inven.co.kr/image/site_image/bm/dataninfo/playercard/601f.jpg,SEASON_e7890bec6bfcfa183323,76,47,69
601,2008,김재호,Hitter,Train,BatterMental,https://img.inven.co.kr/image/site_image/bm/dataninfo/playercard/601f.jpg,SEASON_e7890bec6bfcfa183323,57,51,60
629,2007,김종국,Hitter,Train,Cost,https://img.inven.co.kr/image/site_image/bm/dataninfo/playercard/629f.jpg,SEASON_b3978a1b31a5250f7629,6,6,6
629,2007,김종국,Hitter,Train,Contact,https://img.inven.co.kr/image/site_image/bm/dataninfo/playercard/629f.jpg,SEASON_b3978a1b31a5250f7629,59,40,57
629,2007,김종국,Hitter,Train,Power,https://img.inven.co.kr/image/site_image/bm/dataninfo/playercard/629f.jpg,SEASON_b3978a1b31a5250f7629,63,44,60
629,2007,김종국,Hitter,Train,Speed,https://img.inven.co.kr/image/site_image/bm/dataninfo/playercard/629f.jpg,SEASON_b3978a1b31a5250f7629,75,68,70
629,2007,김종국,Hitter,Train,Defense,https://img.inven.co.kr/image/site_image/bm/dataninfo/playercard/629f.jpg,SEASON_b3978a1b31a5250f7629,70,61,76
629,2007,김종국,Hitter,Train,BatterMental,https://img.inven.co.kr/image/site_image/bm/dataninfo/playercard/629f.jpg,SEASON_b3978a1b31a5250f7629,62,56,62
1007,2004,박기혁,Hitter,Validation,Cost,https://img.inven.co.kr/image/site_image/bm/dataninfo/playercard/1007f.jpg,SEASON_dbe8f0be091f130fa8ac,6,5,5
1007,2004,박기혁,Hitter,Validation,Contact,https://img.inven.co.kr/image/site_image/bm/dataninfo/playercard/1007f.jpg,SEASON_dbe8f0be091f130fa8ac,58,27,49
1007,2004,박기혁,Hitter,Validation,Power,https://img.inven.co.kr/image/site_image/bm/dataninfo/playercard/1007f.jpg,SEASON_dbe8f0be091f130fa8ac,62,36,54
1007,2004,박기혁,Hitter,Validation,Speed,https://img.inven.co.kr/image/site_image/bm/dataninfo/playercard/1007f.jpg,SEASON_dbe8f0be091f130fa8ac,72,66,68
1007,2004,박기혁,Hitter,Validation,Defense,https://img.inven.co.kr/image/site_image/bm/dataninfo/playercard/1007f.jpg,SEASON_dbe8f0be091f130fa8ac,84,61,76
1007,2004,박기혁,Hitter,Validation,BatterMental,https://img.inven.co.kr/image/site_image/bm/dataninfo/playercard/1007f.jpg,SEASON_dbe8f0be091f130fa8ac,58,40,56
1183,2008,박진만,Hitter,Train,Cost,https://img.inven.co.kr/image/site_image/bm/dataninfo/playercard/1183f.jpg,SEASON_fabb165cf354fcdb716b,6,7,7
1183,2008,박진만,Hitter,Train,Contact,https://img.inven.co.kr/image/site_image/bm/dataninfo/playercard/1183f.jpg,SEASON_fabb165cf354fcdb716b,61,40,57
1183,2008,박진만,Hitter,Train,Power,https://img.inven.co.kr/image/site_image/bm/dataninfo/playercard/1183f.jpg,SEASON_fabb165cf354fcdb716b,61,44,60
1183,2008,박진만,Hitter,Train,Speed,https://img.inven.co.kr/image/site_image/bm/dataninfo/playercard/1183f.jpg,SEASON_fabb165cf354fcdb716b,62,54,61
1183,2008,박진만,Hitter,Train,Defense,https://img.inven.co.kr/image/site_image/bm/dataninfo/playercard/1183f.jpg,SEASON_fabb165cf354fcdb716b,78,71,82
1183,2008,박진만,Hitter,Train,BatterMental,https://img.inven.co.kr/image/site_image/bm/dataninfo/playercard/1183f.jpg,SEASON_fabb165cf354fcdb716b,66,55,62
1275,2003,브리또,Hitter,Train,Cost,https://img.inven.co.kr/image/site_image/bm/dataninfo/playercard/1275f.jpg,SEASON_9002db78cda864d960ad,6,8,8
1275,2003,브리또,Hitter,Train,Contact,https://img.inven.co.kr/image/site_image/bm/dataninfo/playercard/1275f.jpg,SEASON_9002db78cda864d960ad,61,45,60
1275,2003,브리또,Hitter,Train,Power,https://img.inven.co.kr/image/site_image/bm/dataninfo/playercard/1275f.jpg,SEASON_9002db78cda864d960ad,77,63,72
1275,2003,브리또,Hitter,Train,Speed,https://img.inven.co.kr/image/site_image/bm/dataninfo/playercard/1275f.jpg,SEASON_9002db78cda864d960ad,59,50,59
1275,2003,브리또,Hitter,Train,Defense,https://img.inven.co.kr/image/site_image/bm/dataninfo/playercard/1275f.jpg,SEASON_9002db78cda864d960ad,69,60,76
1275,2003,브리또,Hitter,Train,BatterMental,https://img.inven.co.kr/image/site_image/bm/dataninfo/playercard/1275f.jpg,SEASON_9002db78cda864d960ad,75,54,61
3505,2009,송광민,Hitter,Validation,Cost,https://img.inven.co.kr/image/site_image/bm/dataninfo/playercard/3505f.jpg,SEASON_9d600a6b90df0148f0c4,6,7,7
3505,2009,송광민,Hitter,Validation,Contact,https://img.inven.co.kr/image/site_image/bm/dataninfo/playercard/3505f.jpg,SEASON_9d600a6b90df0148f0c4,61,43,59
3505,2009,송광민,Hitter,Validation,Power,https://img.inven.co.kr/image/site_image/bm/dataninfo/playercard/3505f.jpg,SEASON_9d600a6b90df0148f0c4,71,50,64
3505,2009,송광민,Hitter,Validation,Speed,https://img.inven.co.kr/image/site_image/bm/dataninfo/playercard/3505f.jpg,SEASON_9d600a6b90df0148f0c4,58,54,61
3505,2009,송광민,Hitter,Validation,Defense,https://img.inven.co.kr/image/site_image/bm/dataninfo/playercard/3505f.jpg,SEASON_9d600a6b90df0148f0c4,73,55,73
3505,2009,송광민,Hitter,Validation,BatterMental,https://img.inven.co.kr/image/site_image/bm/dataninfo/playercard/3505f.jpg,SEASON_9d600a6b90df0148f0c4,54,43,57
3661,2009,이현곤,Hitter,Validation,Cost,https://img.inven.co.kr/image/site_image/bm/dataninfo/playercard/3661f.jpg,SEASON_d6d1ab822808bdc491e4,6,6,6
3661,2009,이현곤,Hitter,Validation,Contact,https://img.inven.co.kr/image/site_image/bm/dataninfo/playercard/3661f.jpg,SEASON_d6d1ab822808bdc491e4,63,40,57
3661,2009,이현곤,Hitter,Validation,Power,https://img.inven.co.kr/image/site_image/bm/dataninfo/playercard/3661f.jpg,SEASON_d6d1ab822808bdc491e4,49,31,51
3661,2009,이현곤,Hitter,Validation,Speed,https://img.inven.co.kr/image/site_image/bm/dataninfo/playercard/3661f.jpg,SEASON_d6d1ab822808bdc491e4,69,60,65
3661,2009,이현곤,Hitter,Validation,Defense,https://img.inven.co.kr/image/site_image/bm/dataninfo/playercard/3661f.jpg,SEASON_d6d1ab822808bdc491e4,76,58,75
3661,2009,이현곤,Hitter,Validation,BatterMental,https://img.inven.co.kr/image/site_image/bm/dataninfo/playercard/3661f.jpg,SEASON_d6d1ab822808bdc491e4,54,50,60
3137,2001,홍세완,Hitter,Train,Cost,https://img.inven.co.kr/image/site_image/bm/dataninfo/playercard/3137f.jpg,SEASON_b1450721043e9c4c1c48,6,8,8
3137,2001,홍세완,Hitter,Train,Contact,https://img.inven.co.kr/image/site_image/bm/dataninfo/playercard/3137f.jpg,SEASON_b1450721043e9c4c1c48,69,58,69
3137,2001,홍세완,Hitter,Train,Power,https://img.inven.co.kr/image/site_image/bm/dataninfo/playercard/3137f.jpg,SEASON_b1450721043e9c4c1c48,71,56,68
3137,2001,홍세완,Hitter,Train,Speed,https://img.inven.co.kr/image/site_image/bm/dataninfo/playercard/3137f.jpg,SEASON_b1450721043e9c4c1c48,66,57,63
3137,2001,홍세완,Hitter,Train,Defense,https://img.inven.co.kr/image/site_image/bm/dataninfo/playercard/3137f.jpg,SEASON_b1450721043e9c4c1c48,71,61,76
3137,2001,홍세완,Hitter,Train,BatterMental,https://img.inven.co.kr/image/site_image/bm/dataninfo/playercard/3137f.jpg,SEASON_b1450721043e9c4c1c48,69,60,64
3138,2002,홍세완,Hitter,Train,Cost,https://img.inven.co.kr/image/site_image/bm/dataninfo/playercard/3138f.jpg,SEASON_b3f227fc1b1c42c3662f,6,7,7
3138,2002,홍세완,Hitter,Train,Contact,https://img.inven.co.kr/image/site_image/bm/dataninfo/playercard/3138f.jpg,SEASON_b3f227fc1b1c42c3662f,61,47,62
3138,2002,홍세완,Hitter,Train,Power,https://img.inven.co.kr/image/site_image/bm/dataninfo/playercard/3138f.jpg,SEASON_b3f227fc1b1c42c3662f,69,51,64
3138,2002,홍세완,Hitter,Train,Speed,https://img.inven.co.kr/image/site_image/bm/dataninfo/playercard/3138f.jpg,SEASON_b3f227fc1b1c42c3662f,63,58,64
3138,2002,홍세완,Hitter,Train,Defense,https://img.inven.co.kr/image/site_image/bm/dataninfo/playercard/3138f.jpg,SEASON_b3f227fc1b1c42c3662f,71,55,73
3138,2002,홍세완,Hitter,Train,BatterMental,https://img.inven.co.kr/image/site_image/bm/dataninfo/playercard/3138f.jpg,SEASON_b3f227fc1b1c42c3662f,78,54,61
373,2008,김민재,Hitter,Train,Cost,https://img.inven.co.kr/image/site_image/bm/dataninfo/playercard/373f.jpg,SEASON_85e303c130b3ddab19c8,7,6,6
373,2008,김민재,Hitter,Train,Contact,https://img.inven.co.kr/image/site_image/bm/dataninfo/playercard/373f.jpg,SEASON_85e303c130b3ddab19c8,61,39,56
373,2008,김민재,Hitter,Train,Power,https://img.inven.co.kr/image/site_image/bm/dataninfo/playercard/373f.jpg,SEASON_85e303c130b3ddab19c8,60,42,58
373,2008,김민재,Hitter,Train,Speed,https://img.inven.co.kr/image/site_image/bm/dataninfo/playercard/373f.jpg,SEASON_85e303c130b3ddab19c8,75,63,67
373,2008,김민재,Hitter,Train,Defense,https://img.inven.co.kr/image/site_image/bm/dataninfo/playercard/373f.jpg,SEASON_85e303c130b3ddab19c8,79,61,76
373,2008,김민재,Hitter,Train,BatterMental,https://img.inven.co.kr/image/site_image/bm/dataninfo/playercard/373f.jpg,SEASON_85e303c130b3ddab19c8,61,48,59
803,2008,나주환,Hitter,Train,Cost,https://img.inven.co.kr/image/site_image/bm/dataninfo/playercard/803f.jpg,SEASON_1fd8abc337305f3d4d52,7,6,6
803,2008,나주환,Hitter,Train,Contact,https://img.inven.co.kr/image/site_image/bm/dataninfo/playercard/803f.jpg,SEASON_1fd8abc337305f3d4d52,62,41,58
803,2008,나주환,Hitter,Train,Power,https://img.inven.co.kr/image/site_image/bm/dataninfo/playercard/803f.jpg,SEASON_1fd8abc337305f3d4d52,51,41,57
803,2008,나주환,Hitter,Train,Speed,https://img.inven.co.kr/image/site_image/bm/dataninfo/playercard/803f.jpg,SEASON_1fd8abc337305f3d4d52,72,64,67
803,2008,나주환,Hitter,Train,Defense,https://img.inven.co.kr/image/site_image/bm/dataninfo/playercard/803f.jpg,SEASON_1fd8abc337305f3d4d52,80,53,72
803,2008,나주환,Hitter,Train,BatterMental,https://img.inven.co.kr/image/site_image/bm/dataninfo/playercard/803f.jpg,SEASON_1fd8abc337305f3d4d52,69,49,59
1011,2008,박기혁,Hitter,Validation,Cost,https://img.inven.co.kr/image/site_image/bm/dataninfo/playercard/1011f.jpg,SEASON_9287525ccccff1d69fb5,7,7,7
1011,2008,박기혁,Hitter,Validation,Contact,https://img.inven.co.kr/image/site_image/bm/dataninfo/playercard/1011f.jpg,SEASON_9287525ccccff1d69fb5,72,59,69
1011,2008,박기혁,Hitter,Validation,Power,https://img.inven.co.kr/image/site_image/bm/dataninfo/playercard/1011f.jpg,SEASON_9287525ccccff1d69fb5,50,39,56
1011,2008,박기혁,Hitter,Validation,Speed,https://img.inven.co.kr/image/site_image/bm/dataninfo/playercard/1011f.jpg,SEASON_9287525ccccff1d69fb5,73,67,69
1011,2008,박기혁,Hitter,Validation,Defense,https://img.inven.co.kr/image/site_image/bm/dataninfo/playercard/1011f.jpg,SEASON_9287525ccccff1d69fb5,83,52,71
1011,2008,박기혁,Hitter,Validation,BatterMental,https://img.inven.co.kr/image/site_image/bm/dataninfo/playercard/1011f.jpg,SEASON_9287525ccccff1d69fb5,63,65,66
1176,2001,박진만,Hitter,Train,Cost,https://img.inven.co.kr/image/site_image/bm/dataninfo/playercard/1176f.jpg,SEASON_1016eb9df9d922e350f5,7,8,8
1176,2001,박진만,Hitter,Train,Contact,https://img.inven.co.kr/image/site_image/bm/dataninfo/playercard/1176f.jpg,SEASON_1016eb9df9d922e350f5,70,60,70
1176,2001,박진만,Hitter,Train,Power,https://img.inven.co.kr/image/site_image/bm/dataninfo/playercard/1176f.jpg,SEASON_1016eb9df9d922e350f5,78,68,76
1176,2001,박진만,Hitter,Train,Speed,https://img.inven.co.kr/image/site_image/bm/dataninfo/playercard/1176f.jpg,SEASON_1016eb9df9d922e350f5,64,60,65
1176,2001,박진만,Hitter,Train,Defense,https://img.inven.co.kr/image/site_image/bm/dataninfo/playercard/1176f.jpg,SEASON_1016eb9df9d922e350f5,74,48,69
1176,2001,박진만,Hitter,Train,BatterMental,https://img.inven.co.kr/image/site_image/bm/dataninfo/playercard/1176f.jpg,SEASON_1016eb9df9d922e350f5,70,66,66
1178,2003,박진만,Hitter,Train,Cost,https://img.inven.co.kr/image/site_image/bm/dataninfo/playercard/1178f.jpg,SEASON_a21ccec0169b0eb8b163,7,8,8
1178,2003,박진만,Hitter,Train,Contact,https://img.inven.co.kr/image/site_image/bm/dataninfo/playercard/1178f.jpg,SEASON_a21ccec0169b0eb8b163,67,57,68
1178,2003,박진만,Hitter,Train,Power,https://img.inven.co.kr/image/site_image/bm/dataninfo/playercard/1178f.jpg,SEASON_a21ccec0169b0eb8b163,73,61,71
1178,2003,박진만,Hitter,Train,Speed,https://img.inven.co.kr/image/site_image/bm/dataninfo/playercard/1178f.jpg,SEASON_a21ccec0169b0eb8b163,62,56,63
1178,2003,박진만,Hitter,Train,Defense,https://img.inven.co.kr/image/site_image/bm/dataninfo/playercard/1178f.jpg,SEASON_a21ccec0169b0eb8b163,82,56,73
1178,2003,박진만,Hitter,Train,BatterMental,https://img.inven.co.kr/image/site_image/bm/dataninfo/playercard/1178f.jpg,SEASON_a21ccec0169b0eb8b163,64,68,67
1274,2002,브리또,Hitter,Train,Cost,https://img.inven.co.kr/image/site_image/bm/dataninfo/playercard/1274f.jpg,SEASON_d485de9c2d56f5707d1c,7,8,8
1274,2002,브리또,Hitter,Train,Contact,https://img.inven.co.kr/image/site_image/bm/dataninfo/playercard/1274f.jpg,SEASON_d485de9c2d56f5707d1c,68,59,70
1274,2002,브리또,Hitter,Train,Power,https://img.inven.co.kr/image/site_image/bm/dataninfo/playercard/1274f.jpg,SEASON_d485de9c2d56f5707d1c,79,76,81
1274,2002,브리또,Hitter,Train,Speed,https://img.inven.co.kr/image/site_image/bm/dataninfo/playercard/1274f.jpg,SEASON_d485de9c2d56f5707d1c,55,47,57
1274,2002,브리또,Hitter,Train,Defense,https://img.inven.co.kr/image/site_image/bm/dataninfo/playercard/1274f.jpg,SEASON_d485de9c2d56f5707d1c,80,45,68
1274,2002,브리또,Hitter,Train,BatterMental,https://img.inven.co.kr/image/site_image/bm/dataninfo/playercard/1274f.jpg,SEASON_d485de9c2d56f5707d1c,80,66,66
3273,2009,강정호,Hitter,Validation,Cost,https://img.inven.co.kr/image/site_image/bm/dataninfo/playercard/3273f.jpg,SEASON_1a0c08176a6647434f4f,8,8,8
3273,2009,강정호,Hitter,Validation,Contact,https://img.inven.co.kr/image/site_image/bm/dataninfo/playercard/3273f.jpg,SEASON_1a0c08176a6647434f4f,77,55,67
3273,2009,강정호,Hitter,Validation,Power,https://img.inven.co.kr/image/site_image/bm/dataninfo/playercard/3273f.jpg,SEASON_1a0c08176a6647434f4f,77,70,77
3273,2009,강정호,Hitter,Validation,Speed,https://img.inven.co.kr/image/site_image/bm/dataninfo/playercard/3273f.jpg,SEASON_1a0c08176a6647434f4f,57,50,59
3273,2009,강정호,Hitter,Validation,Defense,https://img.inven.co.kr/image/site_image/bm/dataninfo/playercard/3273f.jpg,SEASON_1a0c08176a6647434f4f,79,58,75
3273,2009,강정호,Hitter,Validation,BatterMental,https://img.inven.co.kr/image/site_image/bm/dataninfo/playercard/3273f.jpg,SEASON_1a0c08176a6647434f4f,66,58,63
3398,2009,나주환,Hitter,Train,Cost,https://img.inven.co.kr/image/site_image/bm/dataninfo/playercard/3398f.jpg,SEASON_60bc34a4b12e986e9c93,8,8,8
3398,2009,나주환,Hitter,Train,Contact,https://img.inven.co.kr/image/site_image/bm/dataninfo/playercard/3398f.jpg,SEASON_60bc34a4b12e986e9c93,76,55,67
3398,2009,나주환,Hitter,Train,Power,https://img.inven.co.kr/image/site_image/bm/dataninfo/playercard/3398f.jpg,SEASON_60bc34a4b12e986e9c93,71,55,67
3398,2009,나주환,Hitter,Train,Speed,https://img.inven.co.kr/image/site_image/bm/dataninfo/playercard/3398f.jpg,SEASON_60bc34a4b12e986e9c93,70,69,70
3398,2009,나주환,Hitter,Train,Defense,https://img.inven.co.kr/image/site_image/bm/dataninfo/playercard/3398f.jpg,SEASON_60bc34a4b12e986e9c93,70,53,72
3398,2009,나주환,Hitter,Train,BatterMental,https://img.inven.co.kr/image/site_image/bm/dataninfo/playercard/3398f.jpg,SEASON_60bc34a4b12e986e9c93,69,61,64
1179,2004,박진만,Hitter,Train,Cost,https://img.inven.co.kr/image/site_image/bm/dataninfo/playercard/1179f.jpg,SEASON_33dcbe4f780004b5fcca,8,8,8
1179,2004,박진만,Hitter,Train,Contact,https://img.inven.co.kr/image/site_image/bm/dataninfo/playercard/1179f.jpg,SEASON_33dcbe4f780004b5fcca,69,59,69
1179,2004,박진만,Hitter,Train,Power,https://img.inven.co.kr/image/site_image/bm/dataninfo/playercard/1179f.jpg,SEASON_33dcbe4f780004b5fcca,74,63,73
1179,2004,박진만,Hitter,Train,Speed,https://img.inven.co.kr/image/site_image/bm/dataninfo/playercard/1179f.jpg,SEASON_33dcbe4f780004b5fcca,63,57,63
1179,2004,박진만,Hitter,Train,Defense,https://img.inven.co.kr/image/site_image/bm/dataninfo/playercard/1179f.jpg,SEASON_33dcbe4f780004b5fcca,81,61,76
1179,2004,박진만,Hitter,Train,BatterMental,https://img.inven.co.kr/image/site_image/bm/dataninfo/playercard/1179f.jpg,SEASON_33dcbe4f780004b5fcca,76,65,66
1181,2006,박진만,Hitter,Train,Cost,https://img.inven.co.kr/image/site_image/bm/dataninfo/playercard/1181f.jpg,SEASON_f09d587bc351f9202416,8,8,8
1181,2006,박진만,Hitter,Train,Contact,https://img.inven.co.kr/image/site_image/bm/dataninfo/playercard/1181f.jpg,SEASON_f09d587bc351f9202416,70,63,72
1181,2006,박진만,Hitter,Train,Power,https://img.inven.co.kr/image/site_image/bm/dataninfo/playercard/1181f.jpg,SEASON_f09d587bc351f9202416,69,65,74
1181,2006,박진만,Hitter,Train,Speed,https://img.inven.co.kr/image/site_image/bm/dataninfo/playercard/1181f.jpg,SEASON_f09d587bc351f9202416,70,62,66
1181,2006,박진만,Hitter,Train,Defense,https://img.inven.co.kr/image/site_image/bm/dataninfo/playercard/1181f.jpg,SEASON_f09d587bc351f9202416,74,61,77
1181,2006,박진만,Hitter,Train,BatterMental,https://img.inven.co.kr/image/site_image/bm/dataninfo/playercard/1181f.jpg,SEASON_f09d587bc351f9202416,80,72,69
1182,2007,박진만,Hitter,Train,Cost,https://img.inven.co.kr/image/site_image/bm/dataninfo/playercard/1182f.jpg,SEASON_3386694b0b25798c39d6,8,8,8
1182,2007,박진만,Hitter,Train,Contact,https://img.inven.co.kr/image/site_image/bm/dataninfo/playercard/1182f.jpg,SEASON_3386694b0b25798c39d6,78,67,75
1182,2007,박진만,Hitter,Train,Power,https://img.inven.co.kr/image/site_image/bm/dataninfo/playercard/1182f.jpg,SEASON_3386694b0b25798c39d6,65,56,68
1182,2007,박진만,Hitter,Train,Speed,https://img.inven.co.kr/image/site_image/bm/dataninfo/playercard/1182f.jpg,SEASON_3386694b0b25798c39d6,62,56,62
1182,2007,박진만,Hitter,Train,Defense,https://img.inven.co.kr/image/site_image/bm/dataninfo/playercard/1182f.jpg,SEASON_3386694b0b25798c39d6,79,59,75
1182,2007,박진만,Hitter,Train,BatterMental,https://img.inven.co.kr/image/site_image/bm/dataninfo/playercard/1182f.jpg,SEASON_3386694b0b25798c39d6,78,75,70
1272,2000,브리또,Hitter,Train,Cost,https://img.inven.co.kr/image/site_image/bm/dataninfo/playercard/1272f.jpg,SEASON_da802f1b0643498d96e3,8,8,8
1272,2000,브리또,Hitter,Train,Contact,https://img.inven.co.kr/image/site_image/bm/dataninfo/playercard/1272f.jpg,SEASON_da802f1b0643498d96e3,82,77,81
1272,2000,브리또,Hitter,Train,Power,https://img.inven.co.kr/image/site_image/bm/dataninfo/playercard/1272f.jpg,SEASON_da802f1b0643498d96e3,73,62,72
1272,2000,브리또,Hitter,Train,Speed,https://img.inven.co.kr/image/site_image/bm/dataninfo/playercard/1272f.jpg,SEASON_da802f1b0643498d96e3,61,55,55
1272,2000,브리또,Hitter,Train,Defense,https://img.inven.co.kr/image/site_image/bm/dataninfo/playercard/1272f.jpg,SEASON_da802f1b0643498d96e3,70,55,55
1272,2000,브리또,Hitter,Train,BatterMental,https://img.inven.co.kr/image/site_image/bm/dataninfo/playercard/1272f.jpg,SEASON_da802f1b0643498d96e3,75,76,70
1273,2001,브리또,Hitter,Train,Cost,https://img.inven.co.kr/image/site_image/bm/dataninfo/playercard/1273f.jpg,SEASON_689569504fc4f1a3a24a,8,8,8
1273,2001,브리또,Hitter,Train,Contact,https://img.inven.co.kr/image/site_image/bm/dataninfo/playercard/1273f.jpg,SEASON_689569504fc4f1a3a24a,77,69,77
1273,2001,브리또,Hitter,Train,Power,https://img.inven.co.kr/image/site_image/bm/dataninfo/playercard/1273f.jpg,SEASON_689569504fc4f1a3a24a,78,73,79
1273,2001,브리또,Hitter,Train,Speed,https://img.inven.co.kr/image/site_image/bm/dataninfo/playercard/1273f.jpg,SEASON_689569504fc4f1a3a24a,64,56,62
1273,2001,브리또,Hitter,Train,Defense,https://img.inven.co.kr/image/site_image/bm/dataninfo/playercard/1273f.jpg,SEASON_689569504fc4f1a3a24a,72,49,70
1273,2001,브리또,Hitter,Train,BatterMental,https://img.inven.co.kr/image/site_image/bm/dataninfo/playercard/1273f.jpg,SEASON_689569504fc4f1a3a24a,77,78,71
3498,2009,손시헌,Hitter,Train,Cost,https://img.inven.co.kr/image/site_image/bm/dataninfo/playercard/3498f.jpg,SEASON_5ce9dcdb94fcfdd7f83b,8,8,8
3498,2009,손시헌,Hitter,Train,Contact,https://img.inven.co.kr/image/site_image/bm/dataninfo/playercard/3498f.jpg,SEASON_5ce9dcdb94fcfdd7f83b,77,55,67
3498,2009,손시헌,Hitter,Train,Power,https://img.inven.co.kr/image/site_image/bm/dataninfo/playercard/3498f.jpg,SEASON_5ce9dcdb94fcfdd7f83b,70,51,64
3498,2009,손시헌,Hitter,Train,Speed,https://img.inven.co.kr/image/site_image/bm/dataninfo/playercard/3498f.jpg,SEASON_5ce9dcdb94fcfdd7f83b,62,54,61
3498,2009,손시헌,Hitter,Train,Defense,https://img.inven.co.kr/image/site_image/bm/dataninfo/playercard/3498f.jpg,SEASON_5ce9dcdb94fcfdd7f83b,78,62,77
3498,2009,손시헌,Hitter,Train,BatterMental,https://img.inven.co.kr/image/site_image/bm/dataninfo/playercard/3498f.jpg,SEASON_5ce9dcdb94fcfdd7f83b,71,62,65
3139,2003,홍세완,Hitter,Train,Cost,https://img.inven.co.kr/image/site_image/bm/dataninfo/playercard/3139f.jpg,SEASON_9ec3060d308d8283a6cc,8,8,8
3139,2003,홍세완,Hitter,Train,Contact,https://img.inven.co.kr/image/site_image/bm/dataninfo/playercard/3139f.jpg,SEASON_9ec3060d308d8283a6cc,68,60,70
3139,2003,홍세완,Hitter,Train,Power,https://img.inven.co.kr/image/site_image/bm/dataninfo/playercard/3139f.jpg,SEASON_9ec3060d308d8283a6cc,78,69,77
3139,2003,홍세완,Hitter,Train,Speed,https://img.inven.co.kr/image/site_image/bm/dataninfo/playercard/3139f.jpg,SEASON_9ec3060d308d8283a6cc,63,58,64
3139,2003,홍세완,Hitter,Train,Defense,https://img.inven.co.kr/image/site_image/bm/dataninfo/playercard/3139f.jpg,SEASON_9ec3060d308d8283a6cc,81,61,76
3139,2003,홍세완,Hitter,Train,BatterMental,https://img.inven.co.kr/image/site_image/bm/dataninfo/playercard/3139f.jpg,SEASON_9ec3060d308d8283a6cc,83,63,65
1359,2005,손인호,Hitter,Train,Cost,https://img.inven.co.kr/image/site_image/bm/dataninfo/playercard/1359f.jpg,SEASON_1da708c93e2084d24b53,4,6,6
1359,2005,손인호,Hitter,Train,Contact,https://img.inven.co.kr/image/site_image/bm/dataninfo/playercard/1359f.jpg,SEASON_1da708c93e2084d24b53,59,39,57
1359,2005,손인호,Hitter,Train,Power,https://img.inven.co.kr/image/site_image/bm/dataninfo/playercard/1359f.jpg,SEASON_1da708c93e2084d24b53,51,35,54
1359,2005,손인호,Hitter,Train,Speed,https://img.inven.co.kr/image/site_image/bm/dataninfo/playercard/1359f.jpg,SEASON_1da708c93e2084d24b53,61,52,60
1359,2005,손인호,Hitter,Train,Defense,https://img.inven.co.kr/image/site_image/bm/dataninfo/playercard/1359f.jpg,SEASON_1da708c93e2084d24b53,74,57,74
1359,2005,손인호,Hitter,Train,BatterMental,https://img.inven.co.kr/image/site_image/bm/dataninfo/playercard/1359f.jpg,SEASON_1da708c93e2084d24b53,57,49,59
1814,2000,윤재국,Hitter,Holdout,Cost,https://img.inven.co.kr/image/site_image/bm/dataninfo/playercard/1814f.jpg,SEASON_e07b6e406991320bd91f,4,6,6
1814,2000,윤재국,Hitter,Holdout,Contact,https://img.inven.co.kr/image/site_image/bm/dataninfo/playercard/1814f.jpg,SEASON_e07b6e406991320bd91f,66,51,64
1814,2000,윤재국,Hitter,Holdout,Power,https://img.inven.co.kr/image/site_image/bm/dataninfo/playercard/1814f.jpg,SEASON_e07b6e406991320bd91f,51,36,54
1814,2000,윤재국,Hitter,Holdout,Speed,https://img.inven.co.kr/image/site_image/bm/dataninfo/playercard/1814f.jpg,SEASON_e07b6e406991320bd91f,66,55,55
1814,2000,윤재국,Hitter,Holdout,Defense,https://img.inven.co.kr/image/site_image/bm/dataninfo/playercard/1814f.jpg,SEASON_e07b6e406991320bd91f,69,55,55
1814,2000,윤재국,Hitter,Holdout,BatterMental,https://img.inven.co.kr/image/site_image/bm/dataninfo/playercard/1814f.jpg,SEASON_e07b6e406991320bd91f,54,51,60
2422,2003,전상렬,Hitter,Train,Cost,https://img.inven.co.kr/image/site_image/bm/dataninfo/playercard/2422f.jpg,SEASON_75108e2a0cd093291015,4,6,6
2422,2003,전상렬,Hitter,Train,Contact,https://img.inven.co.kr/image/site_image/bm/dataninfo/playercard/2422f.jpg,SEASON_75108e2a0cd093291015,63,47,62
2422,2003,전상렬,Hitter,Train,Power,https://img.inven.co.kr/image/site_image/bm/dataninfo/playercard/2422f.jpg,SEASON_75108e2a0cd093291015,50,35,53
2422,2003,전상렬,Hitter,Train,Speed,https://img.inven.co.kr/image/site_image/bm/dataninfo/playercard/2422f.jpg,SEASON_75108e2a0cd093291015,63,60,65
2422,2003,전상렬,Hitter,Train,Defense,https://img.inven.co.kr/image/site_image/bm/dataninfo/playercard/2422f.jpg,SEASON_75108e2a0cd093291015,72,58,75
2422,2003,전상렬,Hitter,Train,BatterMental,https://img.inven.co.kr/image/site_image/bm/dataninfo/playercard/2422f.jpg,SEASON_75108e2a0cd093291015,56,57,62
2689,2004,조원우,Hitter,Train,Cost,https://img.inven.co.kr/image/site_image/bm/dataninfo/playercard/2689f.jpg,SEASON_430c7b60b34528c227a0,4,7,7
2689,2004,조원우,Hitter,Train,Contact,https://img.inven.co.kr/image/site_image/bm/dataninfo/playercard/2689f.jpg,SEASON_430c7b60b34528c227a0,67,54,67
2689,2004,조원우,Hitter,Train,Power,https://img.inven.co.kr/image/site_image/bm/dataninfo/playercard/2689f.jpg,SEASON_430c7b60b34528c227a0,51,39,56
2689,2004,조원우,Hitter,Train,Speed,https://img.inven.co.kr/image/site_image/bm/dataninfo/playercard/2689f.jpg,SEASON_430c7b60b34528c227a0,61,57,63
2689,2004,조원우,Hitter,Train,Defense,https://img.inven.co.kr/image/site_image/bm/dataninfo/playercard/2689f.jpg,SEASON_430c7b60b34528c227a0,72,60,76
2689,2004,조원우,Hitter,Train,BatterMental,https://img.inven.co.kr/image/site_image/bm/dataninfo/playercard/2689f.jpg,SEASON_430c7b60b34528c227a0,56,63,65
26,2001,강동우,Hitter,Holdout,Cost,https://img.inven.co.kr/image/site_image/bm/dataninfo/playercard/26f.jpg,SEASON_1cfcd54b56e453fbf04b,5,6,6
26,2001,강동우,Hitter,Holdout,Contact,https://img.inven.co.kr/image/site_image/bm/dataninfo/playercard/26f.jpg,SEASON_1cfcd54b56e453fbf04b,59,40,57
26,2001,강동우,Hitter,Holdout,Power,https://img.inven.co.kr/image/site_image/bm/dataninfo/playercard/26f.jpg,SEASON_1cfcd54b56e453fbf04b,63,40,57
26,2001,강동우,Hitter,Holdout,Speed,https://img.inven.co.kr/image/site_image/bm/dataninfo/playercard/26f.jpg,SEASON_1cfcd54b56e453fbf04b,66,55,62
26,2001,강동우,Hitter,Holdout,Defense,https://img.inven.co.kr/image/site_image/bm/dataninfo/playercard/26f.jpg,SEASON_1cfcd54b56e453fbf04b,69,57,74
26,2001,강동우,Hitter,Holdout,BatterMental,https://img.inven.co.kr/image/site_image/bm/dataninfo/playercard/26f.jpg,SEASON_1cfcd54b56e453fbf04b,61,54,61
29,2004,강동우,Hitter,Holdout,Cost,https://img.inven.co.kr/image/site_image/bm/dataninfo/playercard/29f.jpg,SEASON_58160d0ffadd7890a7d1,5,8,8
29,2004,강동우,Hitter,Holdout,Contact,https://img.inven.co.kr/image/site_image/bm/dataninfo/playercard/29f.jpg,SEASON_58160d0ffadd7890a7d1,74,62,72
29,2004,강동우,Hitter,Holdout,Power,https://img.inven.co.kr/image/site_image/bm/dataninfo/playercard/29f.jpg,SEASON_58160d0ffadd7890a7d1,51,41,57
29,2004,강동우,Hitter,Holdout,Speed,https://img.inven.co.kr/image/site_image/bm/dataninfo/playercard/29f.jpg,SEASON_58160d0ffadd7890a7d1,64,62,66
29,2004,강동우,Hitter,Holdout,Defense,https://img.inven.co.kr/image/site_image/bm/dataninfo/playercard/29f.jpg,SEASON_58160d0ffadd7890a7d1,80,60,76
29,2004,강동우,Hitter,Holdout,BatterMental,https://img.inven.co.kr/image/site_image/bm/dataninfo/playercard/29f.jpg,SEASON_58160d0ffadd7890a7d1,61,66,66
30,2005,강동우,Hitter,Holdout,Cost,https://img.inven.co.kr/image/site_image/bm/dataninfo/playercard/30f.jpg,SEASON_d721aed1125d8ba615b1,5,6,6
30,2005,강동우,Hitter,Holdout,Contact,https://img.inven.co.kr/image/site_image/bm/dataninfo/playercard/30f.jpg,SEASON_d721aed1125d8ba615b1,59,39,57
30,2005,강동우,Hitter,Holdout,Power,https://img.inven.co.kr/image/site_image/bm/dataninfo/playercard/30f.jpg,SEASON_d721aed1125d8ba615b1,63,42,58
30,2005,강동우,Hitter,Holdout,Speed,https://img.inven.co.kr/image/site_image/bm/dataninfo/playercard/30f.jpg,SEASON_d721aed1125d8ba615b1,68,60,65
30,2005,강동우,Hitter,Holdout,Defense,https://img.inven.co.kr/image/site_image/bm/dataninfo/playercard/30f.jpg,SEASON_d721aed1125d8ba615b1,75,60,76
30,2005,강동우,Hitter,Holdout,BatterMental,https://img.inven.co.kr/image/site_image/bm/dataninfo/playercard/30f.jpg,SEASON_d721aed1125d8ba615b1,62,52,60
31,2006,강동우,Hitter,Holdout,Cost,https://img.inven.co.kr/image/site_image/bm/dataninfo/playercard/31f.jpg,SEASON_0b359e583f3e3944089e,5,7,7
31,2006,강동우,Hitter,Holdout,Contact,https://img.inven.co.kr/image/site_image/bm/dataninfo/playercard/31f.jpg,SEASON_0b359e583f3e3944089e,63,47,62
31,2006,강동우,Hitter,Holdout,Power,https://img.inven.co.kr/image/site_image/bm/dataninfo/playercard/31f.jpg,SEASON_0b359e583f3e3944089e,51,37,55
31,2006,강동우,Hitter,Holdout,Speed,https://img.inven.co.kr/image/site_image/bm/dataninfo/playercard/31f.jpg,SEASON_0b359e583f3e3944089e,63,60,65
31,2006,강동우,Hitter,Holdout,Defense,https://img.inven.co.kr/image/site_image/bm/dataninfo/playercard/31f.jpg,SEASON_0b359e583f3e3944089e,71,64,78
31,2006,강동우,Hitter,Holdout,BatterMental,https://img.inven.co.kr/image/site_image/bm/dataninfo/playercard/31f.jpg,SEASON_0b359e583f3e3944089e,62,58,63
128,2007,고동진,Hitter,Validation,Cost,https://img.inven.co.kr/image/site_image/bm/dataninfo/playercard/128f.jpg,SEASON_84d8c325a015ea06690f,5,7,7
128,2007,고동진,Hitter,Validation,Contact,https://img.inven.co.kr/image/site_image/bm/dataninfo/playercard/128f.jpg,SEASON_84d8c325a015ea06690f,62,45,60
128,2007,고동진,Hitter,Validation,Power,https://img.inven.co.kr/image/site_image/bm/dataninfo/playercard/128f.jpg,SEASON_84d8c325a015ea06690f,50,35,54
128,2007,고동진,Hitter,Validation,Speed,https://img.inven.co.kr/image/site_image/bm/dataninfo/playercard/128f.jpg,SEASON_84d8c325a015ea06690f,71,62,66
128,2007,고동진,Hitter,Validation,Defense,https://img.inven.co.kr/image/site_image/bm/dataninfo/playercard/128f.jpg,SEASON_84d8c325a015ea06690f,77,61,76
128,2007,고동진,Hitter,Validation,BatterMental,https://img.inven.co.kr/image/site_image/bm/dataninfo/playercard/128f.jpg,SEASON_84d8c325a015ea06690f,61,61,64
232,2007,김강민,Hitter,Validation,Cost,https://img.inven.co.kr/image/site_image/bm/dataninfo/playercard/232f.jpg,SEASON_59dfa3dfd0a961ec62bd,5,6,6
232,2007,김강민,Hitter,Validation,Contact,https://img.inven.co.kr/image/site_image/bm/dataninfo/playercard/232f.jpg,SEASON_59dfa3dfd0a961ec62bd,59,42,58
232,2007,김강민,Hitter,Validation,Power,https://img.inven.co.kr/image/site_image/bm/dataninfo/playercard/232f.jpg,SEASON_59dfa3dfd0a961ec62bd,56,40,57
232,2007,김강민,Hitter,Validation,Speed,https://img.inven.co.kr/image/site_image/bm/dataninfo/playercard/232f.jpg,SEASON_59dfa3dfd0a961ec62bd,73,78,76
232,2007,김강민,Hitter,Validation,Defense,https://img.inven.co.kr/image/site_image/bm/dataninfo/playercard/232f.jpg,SEASON_59dfa3dfd0a961ec62bd,74,59,75
232,2007,김강민,Hitter,Validation,BatterMental,https://img.inven.co.kr/image/site_image/bm/dataninfo/playercard/232f.jpg,SEASON_59dfa3dfd0a961ec62bd,54,51,60
242,2003,김경언,Hitter,Train,Cost,https://img.inven.co.kr/image/site_image/bm/dataninfo/playercard/242f.jpg,SEASON_97333c93ac90941a8708,5,6,6
242,2003,김경언,Hitter,Train,Contact,https://img.inven.co.kr/image/site_image/bm/dataninfo/playercard/242f.jpg,SEASON_97333c93ac90941a8708,62,45,60
242,2003,김경언,Hitter,Train,Power,https://img.inven.co.kr/image/site_image/bm/dataninfo/playercard/242f.jpg,SEASON_97333c93ac90941a8708,56,39,56
242,2003,김경언,Hitter,Train,Speed,https://img.inven.co.kr/image/site_image/bm/dataninfo/playercard/242f.jpg,SEASON_97333c93ac90941a8708,63,61,66
242,2003,김경언,Hitter,Train,Defense,https://img.inven.co.kr/image/site_image/bm/dataninfo/playercard/242f.jpg,SEASON_97333c93ac90941a8708,73,51,70
242,2003,김경언,Hitter,Train,BatterMental,https://img.inven.co.kr/image/site_image/bm/dataninfo/playercard/242f.jpg,SEASON_97333c93ac90941a8708,70,56,62
293,2001,김대익,Hitter,Train,Cost,https://img.inven.co.kr/image/site_image/bm/dataninfo/playercard/293f.jpg,SEASON_2e7b10a632e64dc2cb36,5,7,7
293,2001,김대익,Hitter,Train,Contact,https://img.inven.co.kr/image/site_image/bm/dataninfo/playercard/293f.jpg,SEASON_2e7b10a632e64dc2cb36,67,54,66
293,2001,김대익,Hitter,Train,Power,https://img.inven.co.kr/image/site_image/bm/dataninfo/playercard/293f.jpg,SEASON_2e7b10a632e64dc2cb36,62,42,59
293,2001,김대익,Hitter,Train,Speed,https://img.inven.co.kr/image/site_image/bm/dataninfo/playercard/293f.jpg,SEASON_2e7b10a632e64dc2cb36,63,62,66
293,2001,김대익,Hitter,Train,Defense,https://img.inven.co.kr/image/site_image/bm/dataninfo/playercard/293f.jpg,SEASON_2e7b10a632e64dc2cb36,75,65,79
293,2001,김대익,Hitter,Train,BatterMental,https://img.inven.co.kr/image/site_image/bm/dataninfo/playercard/293f.jpg,SEASON_2e7b10a632e64dc2cb36,53,55,62
454,2001,김수연,Hitter,Train,Cost,https://img.inven.co.kr/image/site_image/bm/dataninfo/playercard/454f.jpg,SEASON_1ae8e0143a2da62bf598,5,7,7
454,2001,김수연,Hitter,Train,Contact,https://img.inven.co.kr/image/site_image/bm/dataninfo/playercard/454f.jpg,SEASON_1ae8e0143a2da62bf598,69,56,68
454,2001,김수연,Hitter,Train,Power,https://img.inven.co.kr/image/site_image/bm/dataninfo/playercard/454f.jpg,SEASON_1ae8e0143a2da62bf598,48,32,52
454,2001,김수연,Hitter,Train,Speed,https://img.inven.co.kr/image/site_image/bm/dataninfo/playercard/454f.jpg,SEASON_1ae8e0143a2da62bf598,84,90,83
454,2001,김수연,Hitter,Train,Defense,https://img.inven.co.kr/image/site_image/bm/dataninfo/playercard/454f.jpg,SEASON_1ae8e0143a2da62bf598,74,48,69
454,2001,김수연,Hitter,Train,BatterMental,https://img.inven.co.kr/image/site_image/bm/dataninfo/playercard/454f.jpg,SEASON_1ae8e0143a2da62bf598,50,62,65
456,2003,김수연,Hitter,Train,Cost,https://img.inven.co.kr/image/site_image/bm/dataninfo/playercard/456f.jpg,SEASON_e9e0ea53a9001391e5f4,5,6,6
456,2003,김수연,Hitter,Train,Contact,https://img.inven.co.kr/image/site_image/bm/dataninfo/playercard/456f.jpg,SEASON_e9e0ea53a9001391e5f4,61,43,59
456,2003,김수연,Hitter,Train,Power,https://img.inven.co.kr/image/site_image/bm/dataninfo/playercard/456f.jpg,SEASON_e9e0ea53a9001391e5f4,48,33,52
456,2003,김수연,Hitter,Train,Speed,https://img.inven.co.kr/image/site_image/bm/dataninfo/playercard/456f.jpg,SEASON_e9e0ea53a9001391e5f4,81,88,82
456,2003,김수연,Hitter,Train,Defense,https://img.inven.co.kr/image/site_image/bm/dataninfo/playercard/456f.jpg,SEASON_e9e0ea53a9001391e5f4,74,55,73
456,2003,김수연,Hitter,Train,BatterMental,https://img.inven.co.kr/image/site_image/bm/dataninfo/playercard/456f.jpg,SEASON_e9e0ea53a9001391e5f4,53,54,61
523,2007,김원섭,Hitter,Train,Cost,https://img.inven.co.kr/image/site_image/bm/dataninfo/playercard/523f.jpg,SEASON_1cfa5662540fa58694b8,5,6,6
523,2007,김원섭,Hitter,Train,Contact,https://img.inven.co.kr/image/site_image/bm/dataninfo/playercard/523f.jpg,SEASON_1cfa5662540fa58694b8,59,42,58
523,2007,김원섭,Hitter,Train,Power,https://img.inven.co.kr/image/site_image/bm/dataninfo/playercard/523f.jpg,SEASON_1cfa5662540fa58694b8,52,40,57
523,2007,김원섭,Hitter,Train,Speed,https://img.inven.co.kr/image/site_image/bm/dataninfo/playercard/523f.jpg,SEASON_1cfa5662540fa58694b8,64,65,68
523,2007,김원섭,Hitter,Train,Defense,https://img.inven.co.kr/image/site_image/bm/dataninfo/playercard/523f.jpg,SEASON_1cfa5662540fa58694b8,73,59,75
523,2007,김원섭,Hitter,Train,BatterMental,https://img.inven.co.kr/image/site_image/bm/dataninfo/playercard/523f.jpg,SEASON_1cfa5662540fa58694b8,60,54,61
638,2000,김종훈,Hitter,Holdout,Cost,https://img.inven.co.kr/image/site_image/bm/dataninfo/playercard/638f.jpg,SEASON_a7da29f7f5be5298d8ab,5,7,7
638,2000,김종훈,Hitter,Holdout,Contact,https://img.inven.co.kr/image/site_image/bm/dataninfo/playercard/638f.jpg,SEASON_a7da29f7f5be5298d8ab,60,40,57
638,2000,김종훈,Hitter,Holdout,Power,https://img.inven.co.kr/image/site_image/bm/dataninfo/playercard/638f.jpg,SEASON_a7da29f7f5be5298d8ab,69,47,62
638,2000,김종훈,Hitter,Holdout,Speed,https://img.inven.co.kr/image/site_image/bm/dataninfo/playercard/638f.jpg,SEASON_a7da29f7f5be5298d8ab,66,55,55
638,2000,김종훈,Hitter,Holdout,Defense,https://img.inven.co.kr/image/site_image/bm/dataninfo/playercard/638f.jpg,SEASON_a7da29f7f5be5298d8ab,74,55,55
638,2000,김종훈,Hitter,Holdout,BatterMental,https://img.inven.co.kr/image/site_image/bm/dataninfo/playercard/638f.jpg,SEASON_a7da29f7f5be5298d8ab,55,52,60
642,2004,김종훈,Hitter,Holdout,Cost,https://img.inven.co.kr/image/site_image/bm/dataninfo/playercard/642f.jpg,SEASON_6a6aed86792cc5508dfd,5,6,6
642,2004,김종훈,Hitter,Holdout,Contact,https://img.inven.co.kr/image/site_image/bm/dataninfo/playercard/642f.jpg,SEASON_6a6aed86792cc5508dfd,63,49,63
642,2004,김종훈,Hitter,Holdout,Power,https://img.inven.co.kr/image/site_image/bm/dataninfo/playercard/642f.jpg,SEASON_6a6aed86792cc5508dfd,61,41,58
642,2004,김종훈,Hitter,Holdout,Speed,https://img.inven.co.kr/image/site_image/bm/dataninfo/playercard/642f.jpg,SEASON_6a6aed86792cc5508dfd,64,56,62
642,2004,김종훈,Hitter,Holdout,Defense,https://img.inven.co.kr/image/site_image/bm/dataninfo/playercard/642f.jpg,SEASON_6a6aed86792cc5508dfd,73,55,73
642,2004,김종훈,Hitter,Holdout,BatterMental,https://img.inven.co.kr/image/site_image/bm/dataninfo/playercard/642f.jpg,SEASON_6a6aed86792cc5508dfd,60,57,63
698,2002,김창희,Hitter,Validation,Cost,https://img.inven.co.kr/image/site_image/bm/dataninfo/playercard/698f.jpg,SEASON_941317703d910091bb69,5,5,5
698,2002,김창희,Hitter,Validation,Contact,https://img.inven.co.kr/image/site_image/bm/dataninfo/playercard/698f.jpg,SEASON_941317703d910091bb69,58,31,51
698,2002,김창희,Hitter,Validation,Power,https://img.inven.co.kr/image/site_image/bm/dataninfo/playercard/698f.jpg,SEASON_941317703d910091bb69,60,35,53
698,2002,김창희,Hitter,Validation,Speed,https://img.inven.co.kr/image/site_image/bm/dataninfo/playercard/698f.jpg,SEASON_941317703d910091bb69,66,53,61
698,2002,김창희,Hitter,Validation,Defense,https://img.inven.co.kr/image/site_image/bm/dataninfo/playercard/698f.jpg,SEASON_941317703d910091bb69,71,44,67
698,2002,김창희,Hitter,Validation,BatterMental,https://img.inven.co.kr/image/site_image/bm/dataninfo/playercard/698f.jpg,SEASON_941317703d910091bb69,61,44,57
699,2003,김창희,Hitter,Validation,Cost,https://img.inven.co.kr/image/site_image/bm/dataninfo/playercard/699f.jpg,SEASON_fdae1608d8e149571bea,5,6,6
699,2003,김창희,Hitter,Validation,Contact,https://img.inven.co.kr/image/site_image/bm/dataninfo/playercard/699f.jpg,SEASON_fdae1608d8e149571bea,65,50,64
699,2003,김창희,Hitter,Validation,Power,https://img.inven.co.kr/image/site_image/bm/dataninfo/playercard/699f.jpg,SEASON_fdae1608d8e149571bea,52,38,56
699,2003,김창희,Hitter,Validation,Speed,https://img.inven.co.kr/image/site_image/bm/dataninfo/playercard/699f.jpg,SEASON_fdae1608d8e149571bea,62,57,63
699,2003,김창희,Hitter,Validation,Defense,https://img.inven.co.kr/image/site_image/bm/dataninfo/playercard/699f.jpg,SEASON_fdae1608d8e149571bea,70,58,75
699,2003,김창희,Hitter,Validation,BatterMental,https://img.inven.co.kr/image/site_image/bm/dataninfo/playercard/699f.jpg,SEASON_fdae1608d8e149571bea,68,57,62
700,2004,김창희,Hitter,Validation,Cost,https://img.inven.co.kr/image/site_image/bm/dataninfo/playercard/700f.jpg,SEASON_e473ad8598efbd66da33,5,6,6
700,2004,김창희,Hitter,Validation,Contact,https://img.inven.co.kr/image/site_image/bm/dataninfo/playercard/700f.jpg,SEASON_e473ad8598efbd66da33,66,52,65
700,2004,김창희,Hitter,Validation,Power,https://img.inven.co.kr/image/site_image/bm/dataninfo/playercard/700f.jpg,SEASON_e473ad8598efbd66da33,57,41,58
700,2004,김창희,Hitter,Validation,Speed,https://img.inven.co.kr/image/site_image/bm/dataninfo/playercard/700f.jpg,SEASON_e473ad8598efbd66da33,58,52,60
700,2004,김창희,Hitter,Validation,Defense,https://img.inven.co.kr/image/site_image/bm/dataninfo/playercard/700f.jpg,SEASON_e473ad8598efbd66da33,69,59,75
700,2004,김창희,Hitter,Validation,BatterMental,https://img.inven.co.kr/image/site_image/bm/dataninfo/playercard/700f.jpg,SEASON_e473ad8598efbd66da33,59,60,64
1358,2004,손인호,Hitter,Train,Cost,https://img.inven.co.kr/image/site_image/bm/dataninfo/playercard/1358f.jpg,SEASON_b14c39ea0f598ef76aa6,5,8,8
1358,2004,손인호,Hitter,Train,Contact,https://img.inven.co.kr/image/site_image/bm/dataninfo/playercard/1358f.jpg,SEASON_b14c39ea0f598ef76aa6,69,57,69
1358,2004,손인호,Hitter,Train,Power,https://img.inven.co.kr/image/site_image/bm/dataninfo/playercard/1358f.jpg,SEASON_b14c39ea0f598ef76aa6,61,44,60
1358,2004,손인호,Hitter,Train,Speed,https://img.inven.co.kr/image/site_image/bm/dataninfo/playercard/1358f.jpg,SEASON_b14c39ea0f598ef76aa6,61,52,60
1358,2004,손인호,Hitter,Train,Defense,https://img.inven.co.kr/image/site_image/bm/dataninfo/playercard/1358f.jpg,SEASON_b14c39ea0f598ef76aa6,75,57,74
1358,2004,손인호,Hitter,Train,BatterMental,https://img.inven.co.kr/image/site_image/bm/dataninfo/playercard/1358f.jpg,SEASON_b14c39ea0f598ef76aa6,59,68,67
3543,2009,연경흠,Hitter,Train,Cost,https://img.inven.co.kr/image/site_image/bm/dataninfo/playercard/3543f.jpg,SEASON_34470d5ec15c7f56cefe,5,6,6
3543,2009,연경흠,Hitter,Train,Contact,https://img.inven.co.kr/image/site_image/bm/dataninfo/playercard/3543f.jpg,SEASON_34470d5ec15c7f56cefe,56,40,57
3543,2009,연경흠,Hitter,Train,Power,https://img.inven.co.kr/image/site_image/bm/dataninfo/playercard/3543f.jpg,SEASON_34470d5ec15c7f56cefe,71,48,62
3543,2009,연경흠,Hitter,Train,Speed,https://img.inven.co.kr/image/site_image/bm/dataninfo/playercard/3543f.jpg,SEASON_34470d5ec15c7f56cefe,57,50,59
3543,2009,연경흠,Hitter,Train,Defense,https://img.inven.co.kr/image/site_image/bm/dataninfo/playercard/3543f.jpg,SEASON_34470d5ec15c7f56cefe,70,57,74
3543,2009,연경흠,Hitter,Train,BatterMental,https://img.inven.co.kr/image/site_image/bm/dataninfo/playercard/3543f.jpg,SEASON_34470d5ec15c7f56cefe,47,51,60
2078,2007,이용규,Hitter,Train,Cost,https://img.inven.co.kr/image/site_image/bm/dataninfo/playercard/2078f.jpg,SEASON_57e2c1cb45bc3b0f3c2e,5,8,8
2078,2007,이용규,Hitter,Train,Contact,https://img.inven.co.kr/image/site_image/bm/dataninfo/playercard/2078f.jpg,SEASON_57e2c1cb45bc3b0f3c2e,69,57,68
2078,2007,이용규,Hitter,Train,Power,https://img.inven.co.kr/image/site_image/bm/dataninfo/playercard/2078f.jpg,SEASON_57e2c1cb45bc3b0f3c2e,49,39,56
2078,2007,이용규,Hitter,Train,Speed,https://img.inven.co.kr/image/site_image/bm/dataninfo/playercard/2078f.jpg,SEASON_57e2c1cb45bc3b0f3c2e,73,71,72
2078,2007,이용규,Hitter,Train,Defense,https://img.inven.co.kr/image/site_image/bm/dataninfo/playercard/2078f.jpg,SEASON_57e2c1cb45bc3b0f3c2e,75,60,76
2078,2007,이용규,Hitter,Train,BatterMental,https://img.inven.co.kr/image/site_image/bm/dataninfo/playercard/2078f.jpg,SEASON_57e2c1cb45bc3b0f3c2e,56,62,64
2187,2001,이진영,Hitter,Train,Cost,https://img.inven.co.kr/image/site_image/bm/dataninfo/playercard/2187f.jpg,SEASON_83a70178359f334b2f4c,5,6,6
2187,2001,이진영,Hitter,Train,Contact,https://img.inven.co.kr/image/site_image/bm/dataninfo/playercard/2187f.jpg,SEASON_83a70178359f334b2f4c,65,50,64
2187,2001,이진영,Hitter,Train,Power,https://img.inven.co.kr/image/site_image/bm/dataninfo/playercard/2187f.jpg,SEASON_83a70178359f334b2f4c,65,44,60
2187,2001,이진영,Hitter,Train,Speed,https://img.inven.co.kr/image/site_image/bm/dataninfo/playercard/2187f.jpg,SEASON_83a70178359f334b2f4c,64,62,66
2187,2001,이진영,Hitter,Train,Defense,https://img.inven.co.kr/image/site_image/bm/dataninfo/playercard/2187f.jpg,SEASON_83a70178359f334b2f4c,78,43,66
2187,2001,이진영,Hitter,Train,BatterMental,https://img.inven.co.kr/image/site_image/bm/dataninfo/playercard/2187f.jpg,SEASON_83a70178359f334b2f4c,55,57,62
2349,2001,장원진,Hitter,Train,Cost,https://img.inven.co.kr/image/site_image/bm/dataninfo/playercard/2349f.jpg,SEASON_bf9b6ec32b4c097bdf40,5,8,8
2349,2001,장원진,Hitter,Train,Contact,https://img.inven.co.kr/image/site_image/bm/dataninfo/playercard/2349f.jpg,SEASON_bf9b6ec32b4c097bdf40,67,56,67
2349,2001,장원진,Hitter,Train,Power,https://img.inven.co.kr/image/site_image/bm/dataninfo/playercard/2349f.jpg,SEASON_bf9b6ec32b4c097bdf40,61,40,57
2349,2001,장원진,Hitter,Train,Speed,https://img.inven.co.kr/image/site_image/bm/dataninfo/playercard/2349f.jpg,SEASON_bf9b6ec32b4c097bdf40,72,60,65
2349,2001,장원진,Hitter,Train,Defense,https://img.inven.co.kr/image/site_image/bm/dataninfo/playercard/2349f.jpg,SEASON_bf9b6ec32b4c097bdf40,69,62,77
2349,2001,장원진,Hitter,Train,BatterMental,https://img.inven.co.kr/image/site_image/bm/dataninfo/playercard/2349f.jpg,SEASON_bf9b6ec32b4c097bdf40,56,56,62
2421,2002,전상렬,Hitter,Train,Cost,https://img.inven.co.kr/image/site_image/bm/dataninfo/playercard/2421f.jpg,SEASON_87ae5eec1ec175595c11,5,5,5
2421,2002,전상렬,Hitter,Train,Contact,https://img.inven.co.kr/image/site_image/bm/dataninfo/playercard/2421f.jpg,SEASON_87ae5eec1ec175595c11,59,41,58
2421,2002,전상렬,Hitter,Train,Power,https://img.inven.co.kr/image/site_image/bm/dataninfo/playercard/2421f.jpg,SEASON_87ae5eec1ec175595c11,61,39,56
2421,2002,전상렬,Hitter,Train,Speed,https://img.inven.co.kr/image/site_image/bm/dataninfo/playercard/2421f.jpg,SEASON_87ae5eec1ec175595c11,72,66,68
2421,2002,전상렬,Hitter,Train,Defense,https://img.inven.co.kr/image/site_image/bm/dataninfo/playercard/2421f.jpg,SEASON_87ae5eec1ec175595c11,71,57,74
2421,2002,전상렬,Hitter,Train,BatterMental,https://img.inven.co.kr/image/site_image/bm/dataninfo/playercard/2421f.jpg,SEASON_87ae5eec1ec175595c11,58,48,59
2423,2004,전상렬,Hitter,Train,Cost,https://img.inven.co.kr/image/site_image/bm/dataninfo/playercard/2423f.jpg,SEASON_1ef6ea71dd6bea776876,5,7,7
2423,2004,전상렬,Hitter,Train,Contact,https://img.inven.co.kr/image/site_image/bm/dataninfo/playercard/2423f.jpg,SEASON_1ef6ea71dd6bea776876,66,54,67
2423,2004,전상렬,Hitter,Train,Power,https://img.inven.co.kr/image/site_image/bm/dataninfo/playercard/2423f.jpg,SEASON_1ef6ea71dd6bea776876,61,41,58
2423,2004,전상렬,Hitter,Train,Speed,https://img.inven.co.kr/image/site_image/bm/dataninfo/playercard/2423f.jpg,SEASON_1ef6ea71dd6bea776876,73,69,70
2423,2004,전상렬,Hitter,Train,Defense,https://img.inven.co.kr/image/site_image/bm/dataninfo/playercard/2423f.jpg,SEASON_1ef6ea71dd6bea776876,75,57,74
2423,2004,전상렬,Hitter,Train,BatterMental,https://img.inven.co.kr/image/site_image/bm/dataninfo/playercard/2423f.jpg,SEASON_1ef6ea71dd6bea776876,55,58,63
2447,2002,전준호,Hitter,Train,Cost,https://img.inven.co.kr/image/site_image/bm/dataninfo/playercard/2447f.jpg,SEASON_a8119619bd25ffa70865,5,8,8
2447,2002,전준호,Hitter,Train,Contact,https://img.inven.co.kr/image/site_image/bm/dataninfo/playercard/2447f.jpg,SEASON_a8119619bd25ffa70865,76,65,74
2447,2002,전준호,Hitter,Train,Power,https://img.inven.co.kr/image/site_image/bm/dataninfo/playercard/2447f.jpg,SEASON_a8119619bd25ffa70865,51,41,58
2447,2002,전준호,Hitter,Train,Speed,https://img.inven.co.kr/image/site_image/bm/dataninfo/playercard/2447f.jpg,SEASON_a8119619bd25ffa70865,79,83,78
2447,2002,전준호,Hitter,Train,Defense,https://img.inven.co.kr/image/site_image/bm/dataninfo/playercard/2447f.jpg,SEASON_a8119619bd25ffa70865,74,53,72
2447,2002,전준호,Hitter,Train,BatterMental,https://img.inven.co.kr/image/site_image/bm/dataninfo/playercard/2447f.jpg,SEASON_a8119619bd25ffa70865,57,75,70
2530,2002,정수근,Hitter,Train,Cost,https://img.inven.co.kr/image/site_image/bm/dataninfo/playercard/2530f.jpg,SEASON_23e0729fbf74e79f657f,5,6,6
2530,2002,정수근,Hitter,Train,Contact,https://img.inven.co.kr/image/site_image/bm/dataninfo/playercard/2530f.jpg,SEASON_23e0729fbf74e79f657f,59,39,56
2530,2002,정수근,Hitter,Train,Power,https://img.inven.co.kr/image/site_image/bm/dataninfo/playercard/2530f.jpg,SEASON_23e0729fbf74e79f657f,51,31,51
2530,2002,정수근,Hitter,Train,Speed,https://img.inven.co.kr/image/site_image/bm/dataninfo/playercard/2530f.jpg,SEASON_23e0729fbf74e79f657f,84,92,84
2530,2002,정수근,Hitter,Train,Defense,https://img.inven.co.kr/image/site_image/bm/dataninfo/playercard/2530f.jpg,SEASON_23e0729fbf74e79f657f,72,55,73
2530,2002,정수근,Hitter,Train,BatterMental,https://img.inven.co.kr/image/site_image/bm/dataninfo/playercard/2530f.jpg,SEASON_23e0729fbf74e79f657f,51,51,60
2533,2005,정수근,Hitter,Train,Cost,https://img.inven.co.kr/image/site_image/bm/dataninfo/playercard/2533f.jpg,SEASON_7ae9bd181219cbc3fe5d,5,6,6
2533,2005,정수근,Hitter,Train,Contact,https://img.inven.co.kr/image/site_image/bm/dataninfo/playercard/2533f.jpg,SEASON_7ae9bd181219cbc3fe5d,73,60,70
2533,2005,정수근,Hitter,Train,Power,https://img.inven.co.kr/image/site_image/bm/dataninfo/playercard/2533f.jpg,SEASON_7ae9bd181219cbc3fe5d,49,36,54
2533,2005,정수근,Hitter,Train,Speed,https://img.inven.co.kr/image/site_image/bm/dataninfo/playercard/2533f.jpg,SEASON_7ae9bd181219cbc3fe5d,78,81,77
2533,2005,정수근,Hitter,Train,Defense,https://img.inven.co.kr/image/site_image/bm/dataninfo/playercard/2533f.jpg,SEASON_7ae9bd181219cbc3fe5d,70,39,64
2533,2005,정수근,Hitter,Train,BatterMental,https://img.inven.co.kr/image/site_image/bm/dataninfo/playercard/2533f.jpg,SEASON_7ae9bd181219cbc3fe5d,62,69,67
2542,2005,정수성,Hitter,Train,Cost,https://img.inven.co.kr/image/site_image/bm/dataninfo/playercard/2542f.jpg,SEASON_14b13937e9986d465b37,5,6,6
2542,2005,정수성,Hitter,Train,Contact,https://img.inven.co.kr/image/site_image/bm/dataninfo/playercard/2542f.jpg,SEASON_14b13937e9986d465b37,66,54,66
2542,2005,정수성,Hitter,Train,Power,https://img.inven.co.kr/image/site_image/bm/dataninfo/playercard/2542f.jpg,SEASON_14b13937e9986d465b37,48,35,53
2542,2005,정수성,Hitter,Train,Speed,https://img.inven.co.kr/image/site_image/bm/dataninfo/playercard/2542f.jpg,SEASON_14b13937e9986d465b37,81,85,80
2542,2005,정수성,Hitter,Train,Defense,https://img.inven.co.kr/image/site_image/bm/dataninfo/playercard/2542f.jpg,SEASON_14b13937e9986d465b37,72,52,72
2542,2005,정수성,Hitter,Train,BatterMental,https://img.inven.co.kr/image/site_image/bm/dataninfo/playercard/2542f.jpg,SEASON_14b13937e9986d465b37,54,60,64
2692,2007,조원우,Hitter,Train,Cost,https://img.inven.co.kr/image/site_image/bm/dataninfo/playercard/2692f.jpg,SEASON_4b2972a2f4d5fe52bf6f,5,6,6
2692,2007,조원우,Hitter,Train,Contact,https://img.inven.co.kr/image/site_image/bm/dataninfo/playercard/2692f.jpg,SEASON_4b2972a2f4d5fe52bf6f,64,49,63
2692,2007,조원우,Hitter,Train,Power,https://img.inven.co.kr/image/site_image/bm/dataninfo/playercard/2692f.jpg,SEASON_4b2972a2f4d5fe52bf6f,57,43,59
2692,2007,조원우,Hitter,Train,Speed,https://img.inven.co.kr/image/site_image/bm/dataninfo/playercard/2692f.jpg,SEASON_4b2972a2f4d5fe52bf6f,66,57,63
2692,2007,조원우,Hitter,Train,Defense,https://img.inven.co.kr/image/site_image/bm/dataninfo/playercard/2692f.jpg,SEASON_4b2972a2f4d5fe52bf6f,70,56,73
2692,2007,조원우,Hitter,Train,BatterMental,https://img.inven.co.kr/image/site_image/bm/dataninfo/playercard/2692f.jpg,SEASON_4b2972a2f4d5fe52bf6f,59,56,62
2835,2000,채종범,Hitter,Train,Cost,https://img.inven.co.kr/image/site_image/bm/dataninfo/playercard/2835f.jpg,SEASON_a52ff8044d55ce1331d3,5,7,7
2835,2000,채종범,Hitter,Train,Contact,https://img.inven.co.kr/image/site_image/bm/dataninfo/playercard/2835f.jpg,SEASON_a52ff8044d55ce1331d3,60,41,58
2835,2000,채종범,Hitter,Train,Power,https://img.inven.co.kr/image/site_image/bm/dataninfo/playercard/2835f.jpg,SEASON_a52ff8044d55ce1331d3,66,43,59
2835,2000,채종범,Hitter,Train,Speed,https://img.inven.co.kr/image/site_image/bm/dataninfo/playercard/2835f.jpg,SEASON_a52ff8044d55ce1331d3,60,55,55
2835,2000,채종범,Hitter,Train,Defense,https://img.inven.co.kr/image/site_image/bm/dataninfo/playercard/2835f.jpg,SEASON_a52ff8044d55ce1331d3,80,55,55
2835,2000,채종범,Hitter,Train,BatterMental,https://img.inven.co.kr/image/site_image/bm/dataninfo/playercard/2835f.jpg,SEASON_a52ff8044d55ce1331d3,59,49,60
27,2002,강동우,Hitter,Holdout,Cost,https://img.inven.co.kr/image/site_image/bm/dataninfo/playercard/27f.jpg,SEASON_95adcd6a5a6e071d9650,6,8,8
27,2002,강동우,Hitter,Holdout,Contact,https://img.inven.co.kr/image/site_image/bm/dataninfo/playercard/27f.jpg,SEASON_95adcd6a5a6e071d9650,70,61,71
27,2002,강동우,Hitter,Holdout,Power,https://img.inven.co.kr/image/site_image/bm/dataninfo/playercard/27f.jpg,SEASON_95adcd6a5a6e071d9650,67,49,63
27,2002,강동우,Hitter,Holdout,Speed,https://img.inven.co.kr/image/site_image/bm/dataninfo/playercard/27f.jpg,SEASON_95adcd6a5a6e071d9650,71,62,66
27,2002,강동우,Hitter,Holdout,Defense,https://img.inven.co.kr/image/site_image/bm/dataninfo/playercard/27f.jpg,SEASON_95adcd6a5a6e071d9650,78,54,72
27,2002,강동우,Hitter,Holdout,BatterMental,https://img.inven.co.kr/image/site_image/bm/dataninfo/playercard/27f.jpg,SEASON_95adcd6a5a6e071d9650,60,65,66
28,2003,강동우,Hitter,Holdout,Cost,https://img.inven.co.kr/image/site_image/bm/dataninfo/playercard/28f.jpg,SEASON_8b57040a0a849542a33f,6,8,8
28,2003,강동우,Hitter,Holdout,Contact,https://img.inven.co.kr/image/site_image/bm/dataninfo/playercard/28f.jpg,SEASON_8b57040a0a849542a33f,63,50,64
28,2003,강동우,Hitter,Holdout,Power,https://img.inven.co.kr/image/site_image/bm/dataninfo/playercard/28f.jpg,SEASON_8b57040a0a849542a33f,67,48,62
28,2003,강동우,Hitter,Holdout,Speed,https://img.inven.co.kr/image/site_image/bm/dataninfo/playercard/28f.jpg,SEASON_8b57040a0a849542a33f,65,59,64
28,2003,강동우,Hitter,Holdout,Defense,https://img.inven.co.kr/image/site_image/bm/dataninfo/playercard/28f.jpg,SEASON_8b57040a0a849542a33f,78,54,72
28,2003,강동우,Hitter,Holdout,BatterMental,https://img.inven.co.kr/image/site_image/bm/dataninfo/playercard/28f.jpg,SEASON_8b57040a0a849542a33f,68,60,64
127,2006,고동진,Hitter,Validation,Cost,https://img.inven.co.kr/image/site_image/bm/dataninfo/playercard/127f.jpg,SEASON_476765fcfcdab77845e0,6,6,6
127,2006,고동진,Hitter,Validation,Contact,https://img.inven.co.kr/image/site_image/bm/dataninfo/playercard/127f.jpg,SEASON_476765fcfcdab77845e0,61,43,59
127,2006,고동진,Hitter,Validation,Power,https://img.inven.co.kr/image/site_image/bm/dataninfo/playercard/127f.jpg,SEASON_476765fcfcdab77845e0,56,41,58
127,2006,고동진,Hitter,Validation,Speed,https://img.inven.co.kr/image/site_image/bm/dataninfo/playercard/127f.jpg,SEASON_476765fcfcdab77845e0,76,70,71
127,2006,고동진,Hitter,Validation,Defense,https://img.inven.co.kr/image/site_image/bm/dataninfo/playercard/127f.jpg,SEASON_476765fcfcdab77845e0,72,52,72
127,2006,고동진,Hitter,Validation,BatterMental,https://img.inven.co.kr/image/site_image/bm/dataninfo/playercard/127f.jpg,SEASON_476765fcfcdab77845e0,58,51,60
3304,2009,김강민,Hitter,Validation,Cost,https://img.inven.co.kr/image/site_image/bm/dataninfo/playercard/3304f.jpg,SEASON_d7f755d9f4e0a8d73cf5,6,6,6
3304,2009,김강민,Hitter,Validation,Contact,https://img.inven.co.kr/image/site_image/bm/dataninfo/playercard/3304f.jpg,SEASON_d7f755d9f4e0a8d73cf5,63,45,60
3304,2009,김강민,Hitter,Validation,Power,https://img.inven.co.kr/image/site_image/bm/dataninfo/playercard/3304f.jpg,SEASON_d7f755d9f4e0a8d73cf5,72,51,64
3304,2009,김강민,Hitter,Validation,Speed,https://img.inven.co.kr/image/site_image/bm/dataninfo/playercard/3304f.jpg,SEASON_d7f755d9f4e0a8d73cf5,59,60,65
3304,2009,김강민,Hitter,Validation,Defense,https://img.inven.co.kr/image/site_image/bm/dataninfo/playercard/3304f.jpg,SEASON_d7f755d9f4e0a8d73cf5,70,50,70
3304,2009,김강민,Hitter,Validation,BatterMental,https://img.inven.co.kr/image/site_image/bm/dataninfo/playercard/3304f.jpg,SEASON_d7f755d9f4e0a8d73cf5,52,50,60
292,2000,김대익,Hitter,Train,Cost,https://img.inven.co.kr/image/site_image/bm/dataninfo/playercard/292f.jpg,SEASON_3abbb93f2ed23d1b3bb5,6,8,8
292,2000,김대익,Hitter,Train,Contact,https://img.inven.co.kr/image/site_image/bm/dataninfo/playercard/292f.jpg,SEASON_3abbb93f2ed23d1b3bb5,67,54,66
292,2000,김대익,Hitter,Train,Power,https://img.inven.co.kr/image/site_image/bm/dataninfo/playercard/292f.jpg,SEASON_3abbb93f2ed23d1b3bb5,63,44,59
292,2000,김대익,Hitter,Train,Speed,https://img.inven.co.kr/image/site_image/bm/dataninfo/playercard/292f.jpg,SEASON_3abbb93f2ed23d1b3bb5,71,55,55
292,2000,김대익,Hitter,Train,Defense,https://img.inven.co.kr/image/site_image/bm/dataninfo/playercard/292f.jpg,SEASON_3abbb93f2ed23d1b3bb5,80,55,55
292,2000,김대익,Hitter,Train,BatterMental,https://img.inven.co.kr/image/site_image/bm/dataninfo/playercard/292f.jpg,SEASON_3abbb93f2ed23d1b3bb5,57,61,64
524,2008,김원섭,Hitter,Train,Cost,https://img.inven.co.kr/image/site_image/bm/dataninfo/playercard/524f.jpg,SEASON_44e37c7082f49b6e791d,6,8,8
524,2008,김원섭,Hitter,Train,Contact,https://img.inven.co.kr/image/site_image/bm/dataninfo/playercard/524f.jpg,SEASON_44e37c7082f49b6e791d,77,64,73
524,2008,김원섭,Hitter,Train,Power,https://img.inven.co.kr/image/site_image/bm/dataninfo/playercard/524f.jpg,SEASON_44e37c7082f49b6e791d,49,40,57
524,2008,김원섭,Hitter,Train,Speed,https://img.inven.co.kr/image/site_image/bm/dataninfo/playercard/524f.jpg,SEASON_44e37c7082f49b6e791d,78,72,72
524,2008,김원섭,Hitter,Train,Defense,https://img.inven.co.kr/image/site_image/bm/dataninfo/playercard/524f.jpg,SEASON_44e37c7082f49b6e791d,69,59,75
524,2008,김원섭,Hitter,Train,BatterMental,https://img.inven.co.kr/image/site_image/bm/dataninfo/playercard/524f.jpg,SEASON_44e37c7082f49b6e791d,59,72,69
585,2000,김재현,Hitter,Train,Cost,https://img.inven.co.kr/image/site_image/bm/dataninfo/playercard/585f.jpg,SEASON_e64fdd36bdbc50d727a9,6,8,8
585,2000,김재현,Hitter,Train,Contact,https://img.inven.co.kr/image/site_image/bm/dataninfo/playercard/585f.jpg,SEASON_e64fdd36bdbc50d727a9,74,67,75
585,2000,김재현,Hitter,Train,Power,https://img.inven.co.kr/image/site_image/bm/dataninfo/playercard/585f.jpg,SEASON_e64fdd36bdbc50d727a9,69,54,66
585,2000,김재현,Hitter,Train,Speed,https://img.inven.co.kr/image/site_image/bm/dataninfo/playercard/585f.jpg,SEASON_e64fdd36bdbc50d727a9,62,55,55
585,2000,김재현,Hitter,Train,Defense,https://img.inven.co.kr/image/site_image/bm/dataninfo/playercard/585f.jpg,SEASON_e64fdd36bdbc50d727a9,73,55,55
585,2000,김재현,Hitter,Train,BatterMental,https://img.inven.co.kr/image/site_image/bm/dataninfo/playercard/585f.jpg,SEASON_e64fdd36bdbc50d727a9,62,78,71
702,2006,김창희,Hitter,Validation,Cost,https://img.inven.co.kr/image/site_image/bm/dataninfo/playercard/702f.jpg,SEASON_dfb5d58276069aa6bcc6,6,6,6
702,2006,김창희,Hitter,Validation,Contact,https://img.inven.co.kr/image/site_image/bm/dataninfo/playercard/702f.jpg,SEASON_dfb5d58276069aa6bcc6,59,34,53
702,2006,김창희,Hitter,Validation,Power,https://img.inven.co.kr/image/site_image/bm/dataninfo/playercard/702f.jpg,SEASON_dfb5d58276069aa6bcc6,66,49,63
702,2006,김창희,Hitter,Validation,Speed,https://img.inven.co.kr/image/site_image/bm/dataninfo/playercard/702f.jpg,SEASON_dfb5d58276069aa6bcc6,65,57,63
702,2006,김창희,Hitter,Validation,Defense,https://img.inven.co.kr/image/site_image/bm/dataninfo/playercard/702f.jpg,SEASON_dfb5d58276069aa6bcc6,71,52,71
702,2006,김창희,Hitter,Validation,BatterMental,https://img.inven.co.kr/image/site_image/bm/dataninfo/playercard/702f.jpg,SEASON_dfb5d58276069aa6bcc6,70,48,59
969,2007,민병헌,Hitter,Validation,Cost,https://img.inven.co.kr/image/site_image/bm/dataninfo/playercard/969f.jpg,SEASON_e5bb96f35daf19c301d9,6,6,6
969,2007,민병헌,Hitter,Validation,Contact,https://img.inven.co.kr/image/site_image/bm/dataninfo/playercard/969f.jpg,SEASON_e5bb96f35daf19c301d9,60,42,58
969,2007,민병헌,Hitter,Validation,Power,https://img.inven.co.kr/image/site_image/bm/dataninfo/playercard/969f.jpg,SEASON_e5bb96f35daf19c301d9,52,40,57
969,2007,민병헌,Hitter,Validation,Speed,https://img.inven.co.kr/image/site_image/bm/dataninfo/playercard/969f.jpg,SEASON_e5bb96f35daf19c301d9,83,89,82
969,2007,민병헌,Hitter,Validation,Defense,https://img.inven.co.kr/image/site_image/bm/dataninfo/playercard/969f.jpg,SEASON_e5bb96f35daf19c301d9,77,61,76
969,2007,민병헌,Hitter,Validation,BatterMental,https://img.inven.co.kr/image/site_image/bm/dataninfo/playercard/969f.jpg,SEASON_e5bb96f35daf19c301d9,62,50,60
1197,2002,박한이,Hitter,Train,Cost,https://img.inven.co.kr/image/site_image/bm/dataninfo/playercard/1197f.jpg,SEASON_f09e7b51ecdccc3f442f,6,8,8
1197,2002,박한이,Hitter,Train,Contact,https://img.inven.co.kr/image/site_image/bm/dataninfo/playercard/1197f.jpg,SEASON_f09e7b51ecdccc3f442f,64,55,67
1197,2002,박한이,Hitter,Train,Power,https://img.inven.co.kr/image/site_image/bm/dataninfo/playercard/1197f.jpg,SEASON_f09e7b51ecdccc3f442f,68,49,63
1197,2002,박한이,Hitter,Train,Speed,https://img.inven.co.kr/image/site_image/bm/dataninfo/playercard/1197f.jpg,SEASON_f09e7b51ecdccc3f442f,71,66,68
1197,2002,박한이,Hitter,Train,Defense,https://img.inven.co.kr/image/site_image/bm/dataninfo/playercard/1197f.jpg,SEASON_f09e7b51ecdccc3f442f,80,64,78
1197,2002,박한이,Hitter,Train,BatterMental,https://img.inven.co.kr/image/site_image/bm/dataninfo/playercard/1197f.jpg,SEASON_f09e7b51ecdccc3f442f,57,65,66
1202,2007,박한이,Hitter,Train,Cost,https://img.inven.co.kr/image/site_image/bm/dataninfo/playercard/1202f.jpg,SEASON_f09f587b16c238323749,6,7,7
1202,2007,박한이,Hitter,Train,Contact,https://img.inven.co.kr/image/site_image/bm/dataninfo/playercard/1202f.jpg,SEASON_f09f587b16c238323749,65,53,66
1202,2007,박한이,Hitter,Train,Power,https://img.inven.co.kr/image/site_image/bm/dataninfo/playercard/1202f.jpg,SEASON_f09f587b16c238323749,51,37,55
1202,2007,박한이,Hitter,Train,Speed,https://img.inven.co.kr/image/site_image/bm/dataninfo/playercard/1202f.jpg,SEASON_f09f587b16c238323749,73,60,65
1202,2007,박한이,Hitter,Train,Defense,https://img.inven.co.kr/image/site_image/bm/dataninfo/playercard/1202f.jpg,SEASON_f09f587b16c238323749,80,38,63
1202,2007,박한이,Hitter,Train,BatterMental,https://img.inven.co.kr/image/site_image/bm/dataninfo/playercard/1202f.jpg,SEASON_f09f587b16c238323749,55,64,65
1460,2001,신동주,Hitter,Train,Cost,https://img.inven.co.kr/image/site_image/bm/dataninfo/playercard/1460f.jpg,SEASON_15e28ce870c72909081d,6,7,7
1460,2001,신동주,Hitter,Train,Contact,https://img.inven.co.kr/image/site_image/bm/dataninfo/playercard/1460f.jpg,SEASON_15e28ce870c72909081d,66,53,66
1460,2001,신동주,Hitter,Train,Power,https://img.inven.co.kr/image/site_image/bm/dataninfo/playercard/1460f.jpg,SEASON_15e28ce870c72909081d,69,52,65
1460,2001,신동주,Hitter,Train,Speed,https://img.inven.co.kr/image/site_image/bm/dataninfo/playercard/1460f.jpg,SEASON_15e28ce870c72909081d,72,67,69
1460,2001,신동주,Hitter,Train,Defense,https://img.inven.co.kr/image/site_image/bm/dataninfo/playercard/1460f.jpg,SEASON_15e28ce870c72909081d,70,51,71
1460,2001,신동주,Hitter,Train,BatterMental,https://img.inven.co.kr/image/site_image/bm/dataninfo/playercard/1460f.jpg,SEASON_15e28ce870c72909081d,65,58,63
1616,2002,양준혁,Hitter,Train,Cost,https://img.inven.co.kr/image/site_image/bm/dataninfo/playercard/1616f.jpg,SEASON_600615b6740cdd555d64,6,8,8
1616,2002,양준혁,Hitter,Train,Contact,https://img.inven.co.kr/image/site_image/bm/dataninfo/playercard/1616f.jpg,SEASON_600615b6740cdd555d64,65,54,67
1616,2002,양준혁,Hitter,Train,Power,https://img.inven.co.kr/image/site_image/bm/dataninfo/playercard/1616f.jpg,SEASON_600615b6740cdd555d64,71,57,69
1616,2002,양준혁,Hitter,Train,Speed,https://img.inven.co.kr/image/site_image/bm/dataninfo/playercard/1616f.jpg,SEASON_600615b6740cdd555d64,58,49,58
1616,2002,양준혁,Hitter,Train,Defense,https://img.inven.co.kr/image/site_image/bm/dataninfo/playercard/1616f.jpg,SEASON_600615b6740cdd555d64,74,56,74
1616,2002,양준혁,Hitter,Train,BatterMental,https://img.inven.co.kr/image/site_image/bm/dataninfo/playercard/1616f.jpg,SEASON_600615b6740cdd555d64,67,62,65
1875,2007,이대형,Hitter,Train,Cost,https://img.inven.co.kr/image/site_image/bm/dataninfo/playercard/1875f.jpg,SEASON_9575c6279ddebca3c5cd,6,8,8
1875,2007,이대형,Hitter,Train,Contact,https://img.inven.co.kr/image/site_image/bm/dataninfo/playercard/1875f.jpg,SEASON_9575c6279ddebca3c5cd,78,68,76
1875,2007,이대형,Hitter,Train,Power,https://img.inven.co.kr/image/site_image/bm/dataninfo/playercard/1875f.jpg,SEASON_9575c6279ddebca3c5cd,50,40,57
1875,2007,이대형,Hitter,Train,Speed,https://img.inven.co.kr/image/site_image/bm/dataninfo/playercard/1875f.jpg,SEASON_9575c6279ddebca3c5cd,85,93,84
1875,2007,이대형,Hitter,Train,Defense,https://img.inven.co.kr/image/site_image/bm/dataninfo/playercard/1875f.jpg,SEASON_9575c6279ddebca3c5cd,77,51,71
1875,2007,이대형,Hitter,Train,BatterMental,https://img.inven.co.kr/image/site_image/bm/dataninfo/playercard/1875f.jpg,SEASON_9575c6279ddebca3c5cd,56,69,67
1876,2008,이대형,Hitter,Train,Cost,https://img.inven.co.kr/image/site_image/bm/dataninfo/playercard/1876f.jpg,SEASON_7cde5010ca091df93624,6,7,7
1876,2008,이대형,Hitter,Train,Contact,https://img.inven.co.kr/image/site_image/bm/dataninfo/playercard/1876f.jpg,SEASON_7cde5010ca091df93624,64,50,64
1876,2008,이대형,Hitter,Train,Power,https://img.inven.co.kr/image/site_image/bm/dataninfo/playercard/1876f.jpg,SEASON_7cde5010ca091df93624,47,32,51
1876,2008,이대형,Hitter,Train,Speed,https://img.inven.co.kr/image/site_image/bm/dataninfo/playercard/1876f.jpg,SEASON_7cde5010ca091df93624,85,97,87
1876,2008,이대형,Hitter,Train,Defense,https://img.inven.co.kr/image/site_image/bm/dataninfo/playercard/1876f.jpg,SEASON_7cde5010ca091df93624,77,61,76
1876,2008,이대형,Hitter,Train,BatterMental,https://img.inven.co.kr/image/site_image/bm/dataninfo/playercard/1876f.jpg,SEASON_7cde5010ca091df93624,56,54,62
3599,2009,이대형,Hitter,Train,Cost,https://img.inven.co.kr/image/site_image/bm/dataninfo/playercard/3599f.jpg,SEASON_fd514575f3ee7cc59328,6,8,8
3599,2009,이대형,Hitter,Train,Contact,https://img.inven.co.kr/image/site_image/bm/dataninfo/playercard/3599f.jpg,SEASON_fd514575f3ee7cc59328,65,53,66
3599,2009,이대형,Hitter,Train,Power,https://img.inven.co.kr/image/site_image/bm/dataninfo/playercard/3599f.jpg,SEASON_fd514575f3ee7cc59328,47,32,51
3599,2009,이대형,Hitter,Train,Speed,https://img.inven.co.kr/image/site_image/bm/dataninfo/playercard/3599f.jpg,SEASON_fd514575f3ee7cc59328,81,94,85
3599,2009,이대형,Hitter,Train,Defense,https://img.inven.co.kr/image/site_image/bm/dataninfo/playercard/3599f.jpg,SEASON_fd514575f3ee7cc59328,75,56,73
3599,2009,이대형,Hitter,Train,BatterMental,https://img.inven.co.kr/image/site_image/bm/dataninfo/playercard/3599f.jpg,SEASON_fd514575f3ee7cc59328,62,57,62
1955,2002,이병규,Hitter,Train,Cost,https://img.inven.co.kr/image/site_image/bm/dataninfo/playercard/1955f.jpg,SEASON_6be36437aef0777c544b,6,8,8
1955,2002,이병규,Hitter,Train,Contact,https://img.inven.co.kr/image/site_image/bm/dataninfo/playercard/1955f.jpg,SEASON_6be36437aef0777c544b,75,61,71
1955,2002,이병규,Hitter,Train,Power,https://img.inven.co.kr/image/site_image/bm/dataninfo/playercard/1955f.jpg,SEASON_6be36437aef0777c544b,70,55,67
1955,2002,이병규,Hitter,Train,Speed,https://img.inven.co.kr/image/site_image/bm/dataninfo/playercard/1955f.jpg,SEASON_6be36437aef0777c544b,64,61,66
1955,2002,이병규,Hitter,Train,Defense,https://img.inven.co.kr/image/site_image/bm/dataninfo/playercard/1955f.jpg,SEASON_6be36437aef0777c544b,69,57,74
1955,2002,이병규,Hitter,Train,BatterMental,https://img.inven.co.kr/image/site_image/bm/dataninfo/playercard/1955f.jpg,SEASON_6be36437aef0777c544b,61,69,68
2076,2005,이용규,Hitter,Train,Cost,https://img.inven.co.kr/image/site_image/bm/dataninfo/playercard/2076f.jpg,SEASON_0679ea0f596c803eb8ba,6,8,8
2076,2005,이용규,Hitter,Train,Contact,https://img.inven.co.kr/image/site_image/bm/dataninfo/playercard/2076f.jpg,SEASON_0679ea0f596c803eb8ba,63,52,65
2076,2005,이용규,Hitter,Train,Power,https://img.inven.co.kr/image/site_image/bm/dataninfo/playercard/2076f.jpg,SEASON_0679ea0f596c803eb8ba,61,42,58
2076,2005,이용규,Hitter,Train,Speed,https://img.inven.co.kr/image/site_image/bm/dataninfo/playercard/2076f.jpg,SEASON_0679ea0f596c803eb8ba,82,87,81
2076,2005,이용규,Hitter,Train,Defense,https://img.inven.co.kr/image/site_image/bm/dataninfo/playercard/2076f.jpg,SEASON_0679ea0f596c803eb8ba,76,62,77
2076,2005,이용규,Hitter,Train,BatterMental,https://img.inven.co.kr/image/site_image/bm/dataninfo/playercard/2076f.jpg,SEASON_0679ea0f596c803eb8ba,63,59,63
2179,2006,이종욱,Hitter,Train,Cost,https://img.inven.co.kr/image/site_image/bm/dataninfo/playercard/2179f.jpg,SEASON_dbe1332924535e4e74ba,6,8,8
2179,2006,이종욱,Hitter,Train,Contact,https://img.inven.co.kr/image/site_image/bm/dataninfo/playercard/2179f.jpg,SEASON_dbe1332924535e4e74ba,71,63,72
2179,2006,이종욱,Hitter,Train,Power,https://img.inven.co.kr/image/site_image/bm/dataninfo/playercard/2179f.jpg,SEASON_dbe1332924535e4e74ba,50,41,58
2179,2006,이종욱,Hitter,Train,Speed,https://img.inven.co.kr/image/site_image/bm/dataninfo/playercard/2179f.jpg,SEASON_dbe1332924535e4e74ba,85,95,86
2179,2006,이종욱,Hitter,Train,Defense,https://img.inven.co.kr/image/site_image/bm/dataninfo/playercard/2179f.jpg,SEASON_dbe1332924535e4e74ba,73,41,65
2179,2006,이종욱,Hitter,Train,BatterMental,https://img.inven.co.kr/image/site_image/bm/dataninfo/playercard/2179f.jpg,SEASON_dbe1332924535e4e74ba,62,68,67
2192,2006,이진영,Hitter,Train,Cost,https://img.inven.co.kr/image/site_image/bm/dataninfo/playercard/2192f.jpg,SEASON_efc26bd945e09bb54c0b,6,8,8
2192,2006,이진영,Hitter,Train,Contact,https://img.inven.co.kr/image/site_image/bm/dataninfo/playercard/2192f.jpg,SEASON_efc26bd945e09bb54c0b,69,59,69
2192,2006,이진영,Hitter,Train,Power,https://img.inven.co.kr/image/site_image/bm/dataninfo/playercard/2192f.jpg,SEASON_efc26bd945e09bb54c0b,69,59,70
2192,2006,이진영,Hitter,Train,Speed,https://img.inven.co.kr/image/site_image/bm/dataninfo/playercard/2192f.jpg,SEASON_efc26bd945e09bb54c0b,59,52,60
2192,2006,이진영,Hitter,Train,Defense,https://img.inven.co.kr/image/site_image/bm/dataninfo/playercard/2192f.jpg,SEASON_efc26bd945e09bb54c0b,78,57,74
2192,2006,이진영,Hitter,Train,BatterMental,https://img.inven.co.kr/image/site_image/bm/dataninfo/playercard/2192f.jpg,SEASON_efc26bd945e09bb54c0b,65,63,65
2282,2005,임재철,Hitter,Train,Cost,https://img.inven.co.kr/image/site_image/bm/dataninfo/playercard/2282f.jpg,SEASON_591e18f8ea93c25b429f,6,7,7
2282,2005,임재철,Hitter,Train,Contact,https://img.inven.co.kr/image/site_image/bm/dataninfo/playercard/2282f.jpg,SEASON_591e18f8ea93c25b429f,80,70,77
2282,2005,임재철,Hitter,Train,Power,https://img.inven.co.kr/image/site_image/bm/dataninfo/playercard/2282f.jpg,SEASON_591e18f8ea93c25b429f,51,43,59
2282,2005,임재철,Hitter,Train,Speed,https://img.inven.co.kr/image/site_image/bm/dataninfo/playercard/2282f.jpg,SEASON_591e18f8ea93c25b429f,72,63,66
2282,2005,임재철,Hitter,Train,Defense,https://img.inven.co.kr/image/site_image/bm/dataninfo/playercard/2282f.jpg,SEASON_591e18f8ea93c25b429f,69,54,73
2282,2005,임재철,Hitter,Train,BatterMental,https://img.inven.co.kr/image/site_image/bm/dataninfo/playercard/2282f.jpg,SEASON_591e18f8ea93c25b429f,62,71,68
2446,2001,전준호,Hitter,Train,Cost,https://img.inven.co.kr/image/site_image/bm/dataninfo/playercard/2446f.jpg,SEASON_bf8e4834b7af38f4f4d5,6,8,8
2446,2001,전준호,Hitter,Train,Contact,https://img.inven.co.kr/image/site_image/bm/dataninfo/playercard/2446f.jpg,SEASON_bf8e4834b7af38f4f4d5,79,71,78
2446,2001,전준호,Hitter,Train,Power,https://img.inven.co.kr/image/site_image/bm/dataninfo/playercard/2446f.jpg,SEASON_bf8e4834b7af38f4f4d5,56,45,60
2446,2001,전준호,Hitter,Train,Speed,https://img.inven.co.kr/image/site_image/bm/dataninfo/playercard/2446f.jpg,SEASON_bf8e4834b7af38f4f4d5,79,85,80
2446,2001,전준호,Hitter,Train,Defense,https://img.inven.co.kr/image/site_image/bm/dataninfo/playercard/2446f.jpg,SEASON_bf8e4834b7af38f4f4d5,74,53,72
2446,2001,전준호,Hitter,Train,BatterMental,https://img.inven.co.kr/image/site_image/bm/dataninfo/playercard/2446f.jpg,SEASON_bf8e4834b7af38f4f4d5,54,79,71
2449,2004,전준호,Hitter,Train,Cost,https://img.inven.co.kr/image/site_image/bm/dataninfo/playercard/2449f.jpg,SEASON_78b4880568c00dfa9ccd,6,8,8
2449,2004,전준호,Hitter,Train,Contact,https://img.inven.co.kr/image/site_image/bm/dataninfo/playercard/2449f.jpg,SEASON_78b4880568c00dfa9ccd,71,62,72
2449,2004,전준호,Hitter,Train,Power,https://img.inven.co.kr/image/site_image/bm/dataninfo/playercard/2449f.jpg,SEASON_78b4880568c00dfa9ccd,56,42,58
2449,2004,전준호,Hitter,Train,Speed,https://img.inven.co.kr/image/site_image/bm/dataninfo/playercard/2449f.jpg,SEASON_78b4880568c00dfa9ccd,86,97,87
2449,2004,전준호,Hitter,Train,Defense,https://img.inven.co.kr/image/site_image/bm/dataninfo/playercard/2449f.jpg,SEASON_78b4880568c00dfa9ccd,72,52,72
2449,2004,전준호,Hitter,Train,BatterMental,https://img.inven.co.kr/image/site_image/bm/dataninfo/playercard/2449f.jpg,SEASON_78b4880568c00dfa9ccd,58,69,67
2528,2000,정수근,Hitter,Train,Cost,https://img.inven.co.kr/image/site_image/bm/dataninfo/playercard/2528f.jpg,SEASON_b13c93d6ac3dd2f7c2f2,6,7,7
2528,2000,정수근,Hitter,Train,Contact,https://img.inven.co.kr/image/site_image/bm/dataninfo/playercard/2528f.jpg,SEASON_b13c93d6ac3dd2f7c2f2,67,54,66
2528,2000,정수근,Hitter,Train,Power,https://img.inven.co.kr/image/site_image/bm/dataninfo/playercard/2528f.jpg,SEASON_b13c93d6ac3dd2f7c2f2,51,38,55
2528,2000,정수근,Hitter,Train,Speed,https://img.inven.co.kr/image/site_image/bm/dataninfo/playercard/2528f.jpg,SEASON_b13c93d6ac3dd2f7c2f2,85,55,55
2528,2000,정수근,Hitter,Train,Defense,https://img.inven.co.kr/image/site_image/bm/dataninfo/playercard/2528f.jpg,SEASON_b13c93d6ac3dd2f7c2f2,78,55,55
2528,2000,정수근,Hitter,Train,BatterMental,https://img.inven.co.kr/image/site_image/bm/dataninfo/playercard/2528f.jpg,SEASON_b13c93d6ac3dd2f7c2f2,60,59,64
2529,2001,정수근,Hitter,Train,Cost,https://img.inven.co.kr/image/site_image/bm/dataninfo/playercard/2529f.jpg,SEASON_39f2c90615cfec491ab1,6,8,8
2529,2001,정수근,Hitter,Train,Contact,https://img.inven.co.kr/image/site_image/bm/dataninfo/playercard/2529f.jpg,SEASON_39f2c90615cfec491ab1,73,64,73
2529,2001,정수근,Hitter,Train,Power,https://img.inven.co.kr/image/site_image/bm/dataninfo/playercard/2529f.jpg,SEASON_39f2c90615cfec491ab1,51,41,58
2529,2001,정수근,Hitter,Train,Speed,https://img.inven.co.kr/image/site_image/bm/dataninfo/playercard/2529f.jpg,SEASON_39f2c90615cfec491ab1,85,95,86
2529,2001,정수근,Hitter,Train,Defense,https://img.inven.co.kr/image/site_image/bm/dataninfo/playercard/2529f.jpg,SEASON_39f2c90615cfec491ab1,74,50,70
2529,2001,정수근,Hitter,Train,BatterMental,https://img.inven.co.kr/image/site_image/bm/dataninfo/playercard/2529f.jpg,SEASON_39f2c90615cfec491ab1,60,71,68
2535,2007,정수근,Hitter,Train,Cost,https://img.inven.co.kr/image/site_image/bm/dataninfo/playercard/2535f.jpg,SEASON_d1801d62f56f79ea4093,6,7,7
2535,2007,정수근,Hitter,Train,Contact,https://img.inven.co.kr/image/site_image/bm/dataninfo/playercard/2535f.jpg,SEASON_d1801d62f56f79ea4093,75,60,70
2535,2007,정수근,Hitter,Train,Power,https://img.inven.co.kr/image/site_image/bm/dataninfo/playercard/2535f.jpg,SEASON_d1801d62f56f79ea4093,56,48,63
2535,2007,정수근,Hitter,Train,Speed,https://img.inven.co.kr/image/site_image/bm/dataninfo/playercard/2535f.jpg,SEASON_d1801d62f56f79ea4093,70,63,67
2535,2007,정수근,Hitter,Train,Defense,https://img.inven.co.kr/image/site_image/bm/dataninfo/playercard/2535f.jpg,SEASON_d1801d62f56f79ea4093,71,50,70
2535,2007,정수근,Hitter,Train,BatterMental,https://img.inven.co.kr/image/site_image/bm/dataninfo/playercard/2535f.jpg,SEASON_d1801d62f56f79ea4093,64,66,66
2688,2003,조원우,Hitter,Train,Cost,https://img.inven.co.kr/image/site_image/bm/dataninfo/playercard/2688f.jpg,SEASON_5303b2b25978ed1dec5a,6,8,8
2688,2003,조원우,Hitter,Train,Contact,https://img.inven.co.kr/image/site_image/bm/dataninfo/playercard/2688f.jpg,SEASON_5303b2b25978ed1dec5a,66,56,68
2688,2003,조원우,Hitter,Train,Power,https://img.inven.co.kr/image/site_image/bm/dataninfo/playercard/2688f.jpg,SEASON_5303b2b25978ed1dec5a,66,46,61
2688,2003,조원우,Hitter,Train,Speed,https://img.inven.co.kr/image/site_image/bm/dataninfo/playercard/2688f.jpg,SEASON_5303b2b25978ed1dec5a,73,66,68
2688,2003,조원우,Hitter,Train,Defense,https://img.inven.co.kr/image/site_image/bm/dataninfo/playercard/2688f.jpg,SEASON_5303b2b25978ed1dec5a,74,62,77
2688,2003,조원우,Hitter,Train,BatterMental,https://img.inven.co.kr/image/site_image/bm/dataninfo/playercard/2688f.jpg,SEASON_5303b2b25978ed1dec5a,60,62,65
2851,2002,최경환,Hitter,Train,Cost,https://img.inven.co.kr/image/site_image/bm/dataninfo/playercard/2851f.jpg,SEASON_6db0e7d7b58554863ee9,6,7,7
2851,2002,최경환,Hitter,Train,Contact,https://img.inven.co.kr/image/site_image/bm/dataninfo/playercard/2851f.jpg,SEASON_6db0e7d7b58554863ee9,65,53,66
2851,2002,최경환,Hitter,Train,Power,https://img.inven.co.kr/image/site_image/bm/dataninfo/playercard/2851f.jpg,SEASON_6db0e7d7b58554863ee9,70,54,66
2851,2002,최경환,Hitter,Train,Speed,https://img.inven.co.kr/image/site_image/bm/dataninfo/playercard/2851f.jpg,SEASON_6db0e7d7b58554863ee9,73,71,72
2851,2002,최경환,Hitter,Train,Defense,https://img.inven.co.kr/image/site_image/bm/dataninfo/playercard/2851f.jpg,SEASON_6db0e7d7b58554863ee9,72,62,77
2851,2002,최경환,Hitter,Train,BatterMental,https://img.inven.co.kr/image/site_image/bm/dataninfo/playercard/2851f.jpg,SEASON_6db0e7d7b58554863ee9,67,58,63
3262,2009,가르시아,Hitter,Validation,Cost,https://img.inven.co.kr/image/site_image/bm/dataninfo/playercard/3262f.jpg,SEASON_f2f1f39102c4de8d7ba4,7,8,8
3262,2009,가르시아,Hitter,Validation,Contact,https://img.inven.co.kr/image/site_image/bm/dataninfo/playercard/3262f.jpg,SEASON_f2f1f39102c4de8d7ba4,66,46,61
3262,2009,가르시아,Hitter,Validation,Power,https://img.inven.co.kr/image/site_image/bm/dataninfo/playercard/3262f.jpg,SEASON_f2f1f39102c4de8d7ba4,80,77,82
3262,2009,가르시아,Hitter,Validation,Speed,https://img.inven.co.kr/image/site_image/bm/dataninfo/playercard/3262f.jpg,SEASON_f2f1f39102c4de8d7ba4,56,51,59
3262,2009,가르시아,Hitter,Validation,Defense,https://img.inven.co.kr/image/site_image/bm/dataninfo/playercard/3262f.jpg,SEASON_f2f1f39102c4de8d7ba4,76,46,68
3262,2009,가르시아,Hitter,Validation,BatterMental,https://img.inven.co.kr/image/site_image/bm/dataninfo/playercard/3262f.jpg,SEASON_f2f1f39102c4de8d7ba4,70,57,63
586,2001,김재현,Hitter,Train,Cost,https://img.inven.co.kr/image/site_image/bm/dataninfo/playercard/586f.jpg,SEASON_4b1e8afc51086c9d3177,7,8,8
586,2001,김재현,Hitter,Train,Contact,https://img.inven.co.kr/image/site_image/bm/dataninfo/playercard/586f.jpg,SEASON_4b1e8afc51086c9d3177,78,72,78
586,2001,김재현,Hitter,Train,Power,https://img.inven.co.kr/image/site_image/bm/dataninfo/playercard/586f.jpg,SEASON_4b1e8afc51086c9d3177,67,52,65
586,2001,김재현,Hitter,Train,Speed,https://img.inven.co.kr/image/site_image/bm/dataninfo/playercard/586f.jpg,SEASON_4b1e8afc51086c9d3177,69,61,65
586,2001,김재현,Hitter,Train,Defense,https://img.inven.co.kr/image/site_image/bm/dataninfo/playercard/586f.jpg,SEASON_4b1e8afc51086c9d3177,75,53,72
586,2001,김재현,Hitter,Train,BatterMental,https://img.inven.co.kr/image/site_image/bm/dataninfo/playercard/586f.jpg,SEASON_4b1e8afc51086c9d3177,66,83,73
1084,2003,박용택,Hitter,Train,Cost,https://img.inven.co.kr/image/site_image/bm/dataninfo/playercard/1084f.jpg,SEASON_f42231db3adef190e6dc,7,8,8
1084,2003,박용택,Hitter,Train,Contact,https://img.inven.co.kr/image/site_image/bm/dataninfo/playercard/1084f.jpg,SEASON_f42231db3adef190e6dc,62,47,61
1084,2003,박용택,Hitter,Train,Power,https://img.inven.co.kr/image/site_image/bm/dataninfo/playercard/1084f.jpg,SEASON_f42231db3adef190e6dc,69,50,64
1084,2003,박용택,Hitter,Train,Speed,https://img.inven.co.kr/image/site_image/bm/dataninfo/playercard/1084f.jpg,SEASON_f42231db3adef190e6dc,84,95,86
1084,2003,박용택,Hitter,Train,Defense,https://img.inven.co.kr/image/site_image/bm/dataninfo/playercard/1084f.jpg,SEASON_f42231db3adef190e6dc,80,61,76
1084,2003,박용택,Hitter,Train,BatterMental,https://img.inven.co.kr/image/site_image/bm/dataninfo/playercard/1084f.jpg,SEASON_f42231db3adef190e6dc,61,54,61
1098,2007,박재상,Hitter,Holdout,Cost,https://img.inven.co.kr/image/site_image/bm/dataninfo/playercard/1098f.jpg,SEASON_94f93daeb5a56c1c36d8,7,7,7
1098,2007,박재상,Hitter,Holdout,Contact,https://img.inven.co.kr/image/site_image/bm/dataninfo/playercard/1098f.jpg,SEASON_94f93daeb5a56c1c36d8,65,51,64
1098,2007,박재상,Hitter,Holdout,Power,https://img.inven.co.kr/image/site_image/bm/dataninfo/playercard/1098f.jpg,SEASON_94f93daeb5a56c1c36d8,68,57,68
1098,2007,박재상,Hitter,Holdout,Speed,https://img.inven.co.kr/image/site_image/bm/dataninfo/playercard/1098f.jpg,SEASON_94f93daeb5a56c1c36d8,79,79,76
1098,2007,박재상,Hitter,Holdout,Defense,https://img.inven.co.kr/image/site_image/bm/dataninfo/playercard/1098f.jpg,SEASON_94f93daeb5a56c1c36d8,73,58,75
1098,2007,박재상,Hitter,Holdout,BatterMental,https://img.inven.co.kr/image/site_image/bm/dataninfo/playercard/1098f.jpg,SEASON_94f93daeb5a56c1c36d8,67,63,65
1196,2001,박한이,Hitter,Train,Cost,https://img.inven.co.kr/image/site_image/bm/dataninfo/playercard/1196f.jpg,SEASON_fcf3c61ff87775fe5145,7,8,8
1196,2001,박한이,Hitter,Train,Contact,https://img.inven.co.kr/image/site_image/bm/dataninfo/playercard/1196f.jpg,SEASON_fcf3c61ff87775fe5145,65,52,65
1196,2001,박한이,Hitter,Train,Power,https://img.inven.co.kr/image/site_image/bm/dataninfo/playercard/1196f.jpg,SEASON_fcf3c61ff87775fe5145,70,55,67
1196,2001,박한이,Hitter,Train,Speed,https://img.inven.co.kr/image/site_image/bm/dataninfo/playercard/1196f.jpg,SEASON_fcf3c61ff87775fe5145,73,70,71
1196,2001,박한이,Hitter,Train,Defense,https://img.inven.co.kr/image/site_image/bm/dataninfo/playercard/1196f.jpg,SEASON_fcf3c61ff87775fe5145,77,60,76
1196,2001,박한이,Hitter,Train,BatterMental,https://img.inven.co.kr/image/site_image/bm/dataninfo/playercard/1196f.jpg,SEASON_fcf3c61ff87775fe5145,67,65,66
1201,2006,박한이,Hitter,Train,Cost,https://img.inven.co.kr/image/site_image/bm/dataninfo/playercard/1201f.jpg,SEASON_acb31d2507c5cedf78fb,7,8,8
1201,2006,박한이,Hitter,Train,Contact,https://img.inven.co.kr/image/site_image/bm/dataninfo/playercard/1201f.jpg,SEASON_acb31d2507c5cedf78fb,75,66,74
1201,2006,박한이,Hitter,Train,Power,https://img.inven.co.kr/image/site_image/bm/dataninfo/playercard/1201f.jpg,SEASON_acb31d2507c5cedf78fb,63,52,65
1201,2006,박한이,Hitter,Train,Speed,https://img.inven.co.kr/image/site_image/bm/dataninfo/playercard/1201f.jpg,SEASON_acb31d2507c5cedf78fb,72,67,69
1201,2006,박한이,Hitter,Train,Defense,https://img.inven.co.kr/image/site_image/bm/dataninfo/playercard/1201f.jpg,SEASON_acb31d2507c5cedf78fb,78,50,70
1201,2006,박한이,Hitter,Train,BatterMental,https://img.inven.co.kr/image/site_image/bm/dataninfo/playercard/1201f.jpg,SEASON_acb31d2507c5cedf78fb,63,77,71
3467,2009,박한이,Hitter,Train,Cost,https://img.inven.co.kr/image/site_image/bm/dataninfo/playercard/3467f.jpg,SEASON_620a8a5bca4d56edc9e9,7,7,7
3467,2009,박한이,Hitter,Train,Contact,https://img.inven.co.kr/image/site_image/bm/dataninfo/playercard/3467f.jpg,SEASON_620a8a5bca4d56edc9e9,75,63,72
3467,2009,박한이,Hitter,Train,Power,https://img.inven.co.kr/image/site_image/bm/dataninfo/playercard/3467f.jpg,SEASON_620a8a5bca4d56edc9e9,56,41,57
3467,2009,박한이,Hitter,Train,Speed,https://img.inven.co.kr/image/site_image/bm/dataninfo/playercard/3467f.jpg,SEASON_620a8a5bca4d56edc9e9,60,56,62
3467,2009,박한이,Hitter,Train,Defense,https://img.inven.co.kr/image/site_image/bm/dataninfo/playercard/3467f.jpg,SEASON_620a8a5bca4d56edc9e9,70,52,71
3467,2009,박한이,Hitter,Train,BatterMental,https://img.inven.co.kr/image/site_image/bm/dataninfo/playercard/3467f.jpg,SEASON_620a8a5bca4d56edc9e9,72,69,67
1417,2004,송지만,Hitter,Validation,Cost,https://img.inven.co.kr/image/site_image/bm/dataninfo/playercard/1417f.jpg,SEASON_6b13d17de27f6aa72a0f,7,8,8
1417,2004,송지만,Hitter,Validation,Contact,https://img.inven.co.kr/image/site_image/bm/dataninfo/playercard/1417f.jpg,SEASON_6b13d17de27f6aa72a0f,64,51,65
1417,2004,송지만,Hitter,Validation,Power,https://img.inven.co.kr/image/site_image/bm/dataninfo/playercard/1417f.jpg,SEASON_6b13d17de27f6aa72a0f,78,70,77
1417,2004,송지만,Hitter,Validation,Speed,https://img.inven.co.kr/image/site_image/bm/dataninfo/playercard/1417f.jpg,SEASON_6b13d17de27f6aa72a0f,61,58,63
1417,2004,송지만,Hitter,Validation,Defense,https://img.inven.co.kr/image/site_image/bm/dataninfo/playercard/1417f.jpg,SEASON_6b13d17de27f6aa72a0f,81,57,74
1417,2004,송지만,Hitter,Validation,BatterMental,https://img.inven.co.kr/image/site_image/bm/dataninfo/playercard/1417f.jpg,SEASON_6b13d17de27f6aa72a0f,73,63,65
1532,2000,심재학,Hitter,Train,Cost,https://img.inven.co.kr/image/site_image/bm/dataninfo/playercard/1532f.jpg,SEASON_c31dd49d6148672eddf7,7,8,8
1532,2000,심재학,Hitter,Train,Contact,https://img.inven.co.kr/image/site_image/bm/dataninfo/playercard/1532f.jpg,SEASON_c31dd49d6148672eddf7,64,48,63
1532,2000,심재학,Hitter,Train,Power,https://img.inven.co.kr/image/site_image/bm/dataninfo/playercard/1532f.jpg,SEASON_c31dd49d6148672eddf7,77,64,73
1532,2000,심재학,Hitter,Train,Speed,https://img.inven.co.kr/image/site_image/bm/dataninfo/playercard/1532f.jpg,SEASON_c31dd49d6148672eddf7,61,55,55
1532,2000,심재학,Hitter,Train,Defense,https://img.inven.co.kr/image/site_image/bm/dataninfo/playercard/1532f.jpg,SEASON_c31dd49d6148672eddf7,81,55,55
1532,2000,심재학,Hitter,Train,BatterMental,https://img.inven.co.kr/image/site_image/bm/dataninfo/playercard/1532f.jpg,SEASON_c31dd49d6148672eddf7,76,62,64
1536,2004,심재학,Hitter,Train,Cost,https://img.inven.co.kr/image/site_image/bm/dataninfo/playercard/1536f.jpg,SEASON_08b509995dd33dc4fd78,7,8,8
1536,2004,심재학,Hitter,Train,Contact,https://img.inven.co.kr/image/site_image/bm/dataninfo/playercard/1536f.jpg,SEASON_08b509995dd33dc4fd78,68,56,68
1536,2004,심재학,Hitter,Train,Power,https://img.inven.co.kr/image/site_image/bm/dataninfo/playercard/1536f.jpg,SEASON_08b509995dd33dc4fd78,78,76,81
1536,2004,심재학,Hitter,Train,Speed,https://img.inven.co.kr/image/site_image/bm/dataninfo/playercard/1536f.jpg,SEASON_08b509995dd33dc4fd78,54,50,59
1536,2004,심재학,Hitter,Train,Defense,https://img.inven.co.kr/image/site_image/bm/dataninfo/playercard/1536f.jpg,SEASON_08b509995dd33dc4fd78,79,54,72
1536,2004,심재학,Hitter,Train,BatterMental,https://img.inven.co.kr/image/site_image/bm/dataninfo/playercard/1536f.jpg,SEASON_08b509995dd33dc4fd78,77,72,69
1957,2004,이병규,Hitter,Train,Cost,https://img.inven.co.kr/image/site_image/bm/dataninfo/playercard/1957f.jpg,SEASON_c4513b90d4528ef4c256,7,8,8
1957,2004,이병규,Hitter,Train,Contact,https://img.inven.co.kr/image/site_image/bm/dataninfo/playercard/1957f.jpg,SEASON_c4513b90d4528ef4c256,80,74,80
1957,2004,이병규,Hitter,Train,Power,https://img.inven.co.kr/image/site_image/bm/dataninfo/playercard/1957f.jpg,SEASON_c4513b90d4528ef4c256,71,63,72
1957,2004,이병규,Hitter,Train,Speed,https://img.inven.co.kr/image/site_image/bm/dataninfo/playercard/1957f.jpg,SEASON_c4513b90d4528ef4c256,65,59,64
1957,2004,이병규,Hitter,Train,Defense,https://img.inven.co.kr/image/site_image/bm/dataninfo/playercard/1957f.jpg,SEASON_c4513b90d4528ef4c256,76,50,70
1957,2004,이병규,Hitter,Train,BatterMental,https://img.inven.co.kr/image/site_image/bm/dataninfo/playercard/1957f.jpg,SEASON_c4513b90d4528ef4c256,64,76,70
2009,2003,이숭용,Hitter,Validation,Cost,https://img.inven.co.kr/image/site_image/bm/dataninfo/playercard/2009f.jpg,SEASON_ac7a495b2b005ad0a1c8,7,8,8
2009,2003,이숭용,Hitter,Validation,Contact,https://img.inven.co.kr/image/site_image/bm/dataninfo/playercard/2009f.jpg,SEASON_ac7a495b2b005ad0a1c8,70,62,72
2009,2003,이숭용,Hitter,Validation,Power,https://img.inven.co.kr/image/site_image/bm/dataninfo/playercard/2009f.jpg,SEASON_ac7a495b2b005ad0a1c8,75,63,72
2009,2003,이숭용,Hitter,Validation,Speed,https://img.inven.co.kr/image/site_image/bm/dataninfo/playercard/2009f.jpg,SEASON_ac7a495b2b005ad0a1c8,62,52,60
2009,2003,이숭용,Hitter,Validation,Defense,https://img.inven.co.kr/image/site_image/bm/dataninfo/playercard/2009f.jpg,SEASON_ac7a495b2b005ad0a1c8,74,58,75
2009,2003,이숭용,Hitter,Validation,BatterMental,https://img.inven.co.kr/image/site_image/bm/dataninfo/playercard/2009f.jpg,SEASON_ac7a495b2b005ad0a1c8,73,65,66
2059,2000,이영우,Hitter,Validation,Cost,https://img.inven.co.kr/image/site_image/bm/dataninfo/playercard/2059f.jpg,SEASON_2e862fad8f7e01a0f4b3,7,9,9
2059,2000,이영우,Hitter,Validation,Contact,https://img.inven.co.kr/image/site_image/bm/dataninfo/playercard/2059f.jpg,SEASON_2e862fad8f7e01a0f4b3,77,71,78
2059,2000,이영우,Hitter,Validation,Power,https://img.inven.co.kr/image/site_image/bm/dataninfo/playercard/2059f.jpg,SEASON_2e862fad8f7e01a0f4b3,80,76,81
2059,2000,이영우,Hitter,Validation,Speed,https://img.inven.co.kr/image/site_image/bm/dataninfo/playercard/2059f.jpg,SEASON_2e862fad8f7e01a0f4b3,61,55,55
2059,2000,이영우,Hitter,Validation,Defense,https://img.inven.co.kr/image/site_image/bm/dataninfo/playercard/2059f.jpg,SEASON_2e862fad8f7e01a0f4b3,75,55,55
2059,2000,이영우,Hitter,Validation,BatterMental,https://img.inven.co.kr/image/site_image/bm/dataninfo/playercard/2059f.jpg,SEASON_2e862fad8f7e01a0f4b3,66,74,69
2061,2002,이영우,Hitter,Validation,Cost,https://img.inven.co.kr/image/site_image/bm/dataninfo/playercard/2061f.jpg,SEASON_b3a1ff89156a85164a6e,7,10,10
2061,2002,이영우,Hitter,Validation,Contact,https://img.inven.co.kr/image/site_image/bm/dataninfo/playercard/2061f.jpg,SEASON_b3a1ff89156a85164a6e,80,73,79
2061,2002,이영우,Hitter,Validation,Power,https://img.inven.co.kr/image/site_image/bm/dataninfo/playercard/2061f.jpg,SEASON_b3a1ff89156a85164a6e,79,77,82
2061,2002,이영우,Hitter,Validation,Speed,https://img.inven.co.kr/image/site_image/bm/dataninfo/playercard/2061f.jpg,SEASON_b3a1ff89156a85164a6e,71,66,68
2061,2002,이영우,Hitter,Validation,Defense,https://img.inven.co.kr/image/site_image/bm/dataninfo/playercard/2061f.jpg,SEASON_b3a1ff89156a85164a6e,70,60,76
2061,2002,이영우,Hitter,Validation,BatterMental,https://img.inven.co.kr/image/site_image/bm/dataninfo/playercard/2061f.jpg,SEASON_b3a1ff89156a85164a6e,60,82,73
2063,2004,이영우,Hitter,Validation,Cost,https://img.inven.co.kr/image/site_image/bm/dataninfo/playercard/2063f.jpg,SEASON_dcd2bf4664128008e4a5,7,8,8
2063,2004,이영우,Hitter,Validation,Contact,https://img.inven.co.kr/image/site_image/bm/dataninfo/playercard/2063f.jpg,SEASON_dcd2bf4664128008e4a5,79,73,79
2063,2004,이영우,Hitter,Validation,Power,https://img.inven.co.kr/image/site_image/bm/dataninfo/playercard/2063f.jpg,SEASON_dcd2bf4664128008e4a5,70,63,72
2063,2004,이영우,Hitter,Validation,Speed,https://img.inven.co.kr/image/site_image/bm/dataninfo/playercard/2063f.jpg,SEASON_dcd2bf4664128008e4a5,77,76,74
2063,2004,이영우,Hitter,Validation,Defense,https://img.inven.co.kr/image/site_image/bm/dataninfo/playercard/2063f.jpg,SEASON_dcd2bf4664128008e4a5,72,46,68
2063,2004,이영우,Hitter,Validation,BatterMental,https://img.inven.co.kr/image/site_image/bm/dataninfo/playercard/2063f.jpg,SEASON_dcd2bf4664128008e4a5,63,79,71
2077,2006,이용규,Hitter,Train,Cost,https://img.inven.co.kr/image/site_image/bm/dataninfo/playercard/2077f.jpg,SEASON_6e51ec7bb08311fc0192,7,8,8
2077,2006,이용규,Hitter,Train,Contact,https://img.inven.co.kr/image/site_image/bm/dataninfo/playercard/2077f.jpg,SEASON_6e51ec7bb08311fc0192,80,81,85
2077,2006,이용규,Hitter,Train,Power,https://img.inven.co.kr/image/site_image/bm/dataninfo/playercard/2077f.jpg,SEASON_6e51ec7bb08311fc0192,50,49,63
2077,2006,이용규,Hitter,Train,Speed,https://img.inven.co.kr/image/site_image/bm/dataninfo/playercard/2077f.jpg,SEASON_6e51ec7bb08311fc0192,83,90,83
2077,2006,이용규,Hitter,Train,Defense,https://img.inven.co.kr/image/site_image/bm/dataninfo/playercard/2077f.jpg,SEASON_6e51ec7bb08311fc0192,76,64,78
2077,2006,이용규,Hitter,Train,BatterMental,https://img.inven.co.kr/image/site_image/bm/dataninfo/playercard/2077f.jpg,SEASON_6e51ec7bb08311fc0192,62,80,72
2079,2008,이용규,Hitter,Train,Cost,https://img.inven.co.kr/image/site_image/bm/dataninfo/playercard/2079f.jpg,SEASON_80645f8d2ca277f231e7,7,8,8
2079,2008,이용규,Hitter,Train,Contact,https://img.inven.co.kr/image/site_image/bm/dataninfo/playercard/2079f.jpg,SEASON_80645f8d2ca277f231e7,78,69,76
2079,2008,이용규,Hitter,Train,Power,https://img.inven.co.kr/image/site_image/bm/dataninfo/playercard/2079f.jpg,SEASON_80645f8d2ca277f231e7,49,44,59
2079,2008,이용규,Hitter,Train,Speed,https://img.inven.co.kr/image/site_image/bm/dataninfo/playercard/2079f.jpg,SEASON_80645f8d2ca277f231e7,80,76,75
2079,2008,이용규,Hitter,Train,Defense,https://img.inven.co.kr/image/site_image/bm/dataninfo/playercard/2079f.jpg,SEASON_80645f8d2ca277f231e7,74,59,75
2079,2008,이용규,Hitter,Train,BatterMental,https://img.inven.co.kr/image/site_image/bm/dataninfo/playercard/2079f.jpg,SEASON_80645f8d2ca277f231e7,59,72,69
2164,2004,이종범,Hitter,Train,Cost,https://img.inven.co.kr/image/site_image/bm/dataninfo/playercard/2164f.jpg,SEASON_62800df662653e6cc1c2,7,8,8
2164,2004,이종범,Hitter,Train,Contact,https://img.inven.co.kr/image/site_image/bm/dataninfo/playercard/2164f.jpg,SEASON_62800df662653e6cc1c2,62,49,63
2164,2004,이종범,Hitter,Train,Power,https://img.inven.co.kr/image/site_image/bm/dataninfo/playercard/2164f.jpg,SEASON_62800df662653e6cc1c2,74,63,72
2164,2004,이종범,Hitter,Train,Speed,https://img.inven.co.kr/image/site_image/bm/dataninfo/playercard/2164f.jpg,SEASON_62800df662653e6cc1c2,84,94,85
2164,2004,이종범,Hitter,Train,Defense,https://img.inven.co.kr/image/site_image/bm/dataninfo/playercard/2164f.jpg,SEASON_62800df662653e6cc1c2,72,44,67
2164,2004,이종범,Hitter,Train,BatterMental,https://img.inven.co.kr/image/site_image/bm/dataninfo/playercard/2164f.jpg,SEASON_62800df662653e6cc1c2,61,61,64
3653,2009,이종범,Hitter,Train,Cost,https://img.inven.co.kr/image/site_image/bm/dataninfo/playercard/3653f.jpg,SEASON_99d5dbc6bca52d6c99da,7,7,7
3653,2009,이종범,Hitter,Train,Contact,https://img.inven.co.kr/image/site_image/bm/dataninfo/playercard/3653f.jpg,SEASON_99d5dbc6bca52d6c99da,71,48,63
3653,2009,이종범,Hitter,Train,Power,https://img.inven.co.kr/image/site_image/bm/dataninfo/playercard/3653f.jpg,SEASON_99d5dbc6bca52d6c99da,64,41,57
3653,2009,이종범,Hitter,Train,Speed,https://img.inven.co.kr/image/site_image/bm/dataninfo/playercard/3653f.jpg,SEASON_99d5dbc6bca52d6c99da,77,60,65
3653,2009,이종범,Hitter,Train,Defense,https://img.inven.co.kr/image/site_image/bm/dataninfo/playercard/3653f.jpg,SEASON_99d5dbc6bca52d6c99da,72,57,74
3653,2009,이종범,Hitter,Train,BatterMental,https://img.inven.co.kr/image/site_image/bm/dataninfo/playercard/3653f.jpg,SEASON_99d5dbc6bca52d6c99da,60,56,62
2180,2007,이종욱,Hitter,Train,Cost,https://img.inven.co.kr/image/site_image/bm/dataninfo/playercard/2180f.jpg,SEASON_2701a3ac83edd52e95f7,7,8,8
2180,2007,이종욱,Hitter,Train,Contact,https://img.inven.co.kr/image/site_image/bm/dataninfo/playercard/2180f.jpg,SEASON_2701a3ac83edd52e95f7,79,71,78
2180,2007,이종욱,Hitter,Train,Power,https://img.inven.co.kr/image/site_image/bm/dataninfo/playercard/2180f.jpg,SEASON_2701a3ac83edd52e95f7,50,47,62
2180,2007,이종욱,Hitter,Train,Speed,https://img.inven.co.kr/image/site_image/bm/dataninfo/playercard/2180f.jpg,SEASON_2701a3ac83edd52e95f7,84,94,85
2180,2007,이종욱,Hitter,Train,Defense,https://img.inven.co.kr/image/site_image/bm/dataninfo/playercard/2180f.jpg,SEASON_2701a3ac83edd52e95f7,78,63,77
2180,2007,이종욱,Hitter,Train,BatterMental,https://img.inven.co.kr/image/site_image/bm/dataninfo/playercard/2180f.jpg,SEASON_2701a3ac83edd52e95f7,62,73,69
2181,2008,이종욱,Hitter,Train,Cost,https://img.inven.co.kr/image/site_image/bm/dataninfo/playercard/2181f.jpg,SEASON_8abaffe9863a3dbf077b,7,8,8
2181,2008,이종욱,Hitter,Train,Contact,https://img.inven.co.kr/image/site_image/bm/dataninfo/playercard/2181f.jpg,SEASON_8abaffe9863a3dbf077b,77,65,74
2181,2008,이종욱,Hitter,Train,Power,https://img.inven.co.kr/image/site_image/bm/dataninfo/playercard/2181f.jpg,SEASON_8abaffe9863a3dbf077b,49,39,57
2181,2008,이종욱,Hitter,Train,Speed,https://img.inven.co.kr/image/site_image/bm/dataninfo/playercard/2181f.jpg,SEASON_8abaffe9863a3dbf077b,85,89,82
2181,2008,이종욱,Hitter,Train,Defense,https://img.inven.co.kr/image/site_image/bm/dataninfo/playercard/2181f.jpg,SEASON_8abaffe9863a3dbf077b,75,60,76
2181,2008,이종욱,Hitter,Train,BatterMental,https://img.inven.co.kr/image/site_image/bm/dataninfo/playercard/2181f.jpg,SEASON_8abaffe9863a3dbf077b,55,70,68
2188,2002,이진영,Hitter,Train,Cost,https://img.inven.co.kr/image/site_image/bm/dataninfo/playercard/2188f.jpg,SEASON_284eaf7897fc2ee094b1,7,8,8
2188,2002,이진영,Hitter,Train,Contact,https://img.inven.co.kr/image/site_image/bm/dataninfo/playercard/2188f.jpg,SEASON_284eaf7897fc2ee094b1,77,68,76
2188,2002,이진영,Hitter,Train,Power,https://img.inven.co.kr/image/site_image/bm/dataninfo/playercard/2188f.jpg,SEASON_284eaf7897fc2ee094b1,70,61,71
2188,2002,이진영,Hitter,Train,Speed,https://img.inven.co.kr/image/site_image/bm/dataninfo/playercard/2188f.jpg,SEASON_284eaf7897fc2ee094b1,70,66,68
2188,2002,이진영,Hitter,Train,Defense,https://img.inven.co.kr/image/site_image/bm/dataninfo/playercard/2188f.jpg,SEASON_284eaf7897fc2ee094b1,79,51,71
2188,2002,이진영,Hitter,Train,BatterMental,https://img.inven.co.kr/image/site_image/bm/dataninfo/playercard/2188f.jpg,SEASON_284eaf7897fc2ee094b1,60,71,68
2208,2007,이택근,Hitter,Validation,Cost,https://img.inven.co.kr/image/site_image/bm/dataninfo/playercard/2208f.jpg,SEASON_7f107054aea02a32e166,7,8,8
2208,2007,이택근,Hitter,Validation,Contact,https://img.inven.co.kr/image/site_image/bm/dataninfo/playercard/2208f.jpg,SEASON_7f107054aea02a32e166,79,69,77
2208,2007,이택근,Hitter,Validation,Power,https://img.inven.co.kr/image/site_image/bm/dataninfo/playercard/2208f.jpg,SEASON_7f107054aea02a32e166,69,61,71
2208,2007,이택근,Hitter,Validation,Speed,https://img.inven.co.kr/image/site_image/bm/dataninfo/playercard/2208f.jpg,SEASON_7f107054aea02a32e166,66,56,62
2208,2007,이택근,Hitter,Validation,Defense,https://img.inven.co.kr/image/site_image/bm/dataninfo/playercard/2208f.jpg,SEASON_7f107054aea02a32e166,69,54,72
2208,2007,이택근,Hitter,Validation,BatterMental,https://img.inven.co.kr/image/site_image/bm/dataninfo/playercard/2208f.jpg,SEASON_7f107054aea02a32e166,69,72,69
3675,2009,임재철,Hitter,Train,Cost,https://img.inven.co.kr/image/site_image/bm/dataninfo/playercard/3675f.jpg,SEASON_2eb779f61c38d4c441d5,7,6,6
3675,2009,임재철,Hitter,Train,Contact,https://img.inven.co.kr/image/site_image/bm/dataninfo/playercard/3675f.jpg,SEASON_2eb779f61c38d4c441d5,71,51,65
3675,2009,임재철,Hitter,Train,Power,https://img.inven.co.kr/image/site_image/bm/dataninfo/playercard/3675f.jpg,SEASON_2eb779f61c38d4c441d5,61,40,57
3675,2009,임재철,Hitter,Train,Speed,https://img.inven.co.kr/image/site_image/bm/dataninfo/playercard/3675f.jpg,SEASON_2eb779f61c38d4c441d5,63,60,65
3675,2009,임재철,Hitter,Train,Defense,https://img.inven.co.kr/image/site_image/bm/dataninfo/playercard/3675f.jpg,SEASON_2eb779f61c38d4c441d5,75,52,71
3675,2009,임재철,Hitter,Train,BatterMental,https://img.inven.co.kr/image/site_image/bm/dataninfo/playercard/3675f.jpg,SEASON_2eb779f61c38d4c441d5,70,65,66
2348,2000,장원진,Hitter,Train,Cost,https://img.inven.co.kr/image/site_image/bm/dataninfo/playercard/2348f.jpg,SEASON_f4c7df4d71502a0ad828,7,8,8
2348,2000,장원진,Hitter,Train,Contact,https://img.inven.co.kr/image/site_image/bm/dataninfo/playercard/2348f.jpg,SEASON_f4c7df4d71502a0ad828,78,74,80
2348,2000,장원진,Hitter,Train,Power,https://img.inven.co.kr/image/site_image/bm/dataninfo/playercard/2348f.jpg,SEASON_f4c7df4d71502a0ad828,65,48,63
2348,2000,장원진,Hitter,Train,Speed,https://img.inven.co.kr/image/site_image/bm/dataninfo/playercard/2348f.jpg,SEASON_f4c7df4d71502a0ad828,71,55,55
2348,2000,장원진,Hitter,Train,Defense,https://img.inven.co.kr/image/site_image/bm/dataninfo/playercard/2348f.jpg,SEASON_f4c7df4d71502a0ad828,79,55,55
2348,2000,장원진,Hitter,Train,BatterMental,https://img.inven.co.kr/image/site_image/bm/dataninfo/playercard/2348f.jpg,SEASON_f4c7df4d71502a0ad828,61,71,68
3044,2005,펠로우,Hitter,Holdout,Cost,https://img.inven.co.kr/image/site_image/bm/dataninfo/playercard/3044f.jpg,SEASON_458f5ffba2d4b12dbf0d,7,8,8
3044,2005,펠로우,Hitter,Holdout,Contact,https://img.inven.co.kr/image/site_image/bm/dataninfo/playercard/3044f.jpg,SEASON_458f5ffba2d4b12dbf0d,69,59,70
3044,2005,펠로우,Hitter,Holdout,Power,https://img.inven.co.kr/image/site_image/bm/dataninfo/playercard/3044f.jpg,SEASON_458f5ffba2d4b12dbf0d,78,78,82
3044,2005,펠로우,Hitter,Holdout,Speed,https://img.inven.co.kr/image/site_image/bm/dataninfo/playercard/3044f.jpg,SEASON_458f5ffba2d4b12dbf0d,59,52,60
3044,2005,펠로우,Hitter,Holdout,Defense,https://img.inven.co.kr/image/site_image/bm/dataninfo/playercard/3044f.jpg,SEASON_458f5ffba2d4b12dbf0d,70,45,68
3044,2005,펠로우,Hitter,Holdout,BatterMental,https://img.inven.co.kr/image/site_image/bm/dataninfo/playercard/3044f.jpg,SEASON_458f5ffba2d4b12dbf0d,78,63,65
3390,2009,김현수,Hitter,Train,Cost,https://img.inven.co.kr/image/site_image/bm/dataninfo/playercard/3390f.jpg,SEASON_109170ffaf271cdd2d99,8,10,10
3390,2009,김현수,Hitter,Train,Contact,https://img.inven.co.kr/image/site_image/bm/dataninfo/playercard/3390f.jpg,SEASON_109170ffaf271cdd2d99,84,87,88
3390,2009,김현수,Hitter,Train,Power,https://img.inven.co.kr/image/site_image/bm/dataninfo/playercard/3390f.jpg,SEASON_109170ffaf271cdd2d99,77,79,83
3390,2009,김현수,Hitter,Train,Speed,https://img.inven.co.kr/image/site_image/bm/dataninfo/playercard/3390f.jpg,SEASON_109170ffaf271cdd2d99,46,53,60
3390,2009,김현수,Hitter,Train,Defense,https://img.inven.co.kr/image/site_image/bm/dataninfo/playercard/3390f.jpg,SEASON_109170ffaf271cdd2d99,76,59,75
3390,2009,김현수,Hitter,Train,BatterMental,https://img.inven.co.kr/image/site_image/bm/dataninfo/playercard/3390f.jpg,SEASON_109170ffaf271cdd2d99,81,88,75
839,2002,데이비스,Hitter,Validation,Cost,https://img.inven.co.kr/image/site_image/bm/dataninfo/playercard/839f.jpg,SEASON_7436379927e20fabac40,8,8,8
839,2002,데이비스,Hitter,Validation,Contact,https://img.inven.co.kr/image/site_image/bm/dataninfo/playercard/839f.jpg,SEASON_7436379927e20fabac40,69,59,70
839,2002,데이비스,Hitter,Validation,Power,https://img.inven.co.kr/image/site_image/bm/dataninfo/playercard/839f.jpg,SEASON_7436379927e20fabac40,77,70,77
839,2002,데이비스,Hitter,Validation,Speed,https://img.inven.co.kr/image/site_image/bm/dataninfo/playercard/839f.jpg,SEASON_7436379927e20fabac40,72,69,70
839,2002,데이비스,Hitter,Validation,Defense,https://img.inven.co.kr/image/site_image/bm/dataninfo/playercard/839f.jpg,SEASON_7436379927e20fabac40,71,43,66
839,2002,데이비스,Hitter,Validation,BatterMental,https://img.inven.co.kr/image/site_image/bm/dataninfo/playercard/839f.jpg,SEASON_7436379927e20fabac40,79,67,67
840,2004,데이비스,Hitter,Validation,Cost,https://img.inven.co.kr/image/site_image/bm/dataninfo/playercard/840f.jpg,SEASON_f66fd662ce67f77e0782,8,8,8
840,2004,데이비스,Hitter,Validation,Contact,https://img.inven.co.kr/image/site_image/bm/dataninfo/playercard/840f.jpg,SEASON_f66fd662ce67f77e0782,70,61,71
840,2004,데이비스,Hitter,Validation,Power,https://img.inven.co.kr/image/site_image/bm/dataninfo/playercard/840f.jpg,SEASON_f66fd662ce67f77e0782,76,69,77
840,2004,데이비스,Hitter,Validation,Speed,https://img.inven.co.kr/image/site_image/bm/dataninfo/playercard/840f.jpg,SEASON_f66fd662ce67f77e0782,64,61,66
840,2004,데이비스,Hitter,Validation,Defense,https://img.inven.co.kr/image/site_image/bm/dataninfo/playercard/840f.jpg,SEASON_f66fd662ce67f77e0782,73,65,79
840,2004,데이비스,Hitter,Validation,BatterMental,https://img.inven.co.kr/image/site_image/bm/dataninfo/playercard/840f.jpg,SEASON_f66fd662ce67f77e0782,79,68,67
901,2002,마르티네스,Hitter,Holdout,Cost,https://img.inven.co.kr/image/site_image/bm/dataninfo/playercard/901f.jpg,SEASON_3a27c91a520a6cad56d0,8,8,8
901,2002,마르티네스,Hitter,Holdout,Contact,https://img.inven.co.kr/image/site_image/bm/dataninfo/playercard/901f.jpg,SEASON_3a27c91a520a6cad56d0,66,56,68
901,2002,마르티네스,Hitter,Holdout,Power,https://img.inven.co.kr/image/site_image/bm/dataninfo/playercard/901f.jpg,SEASON_3a27c91a520a6cad56d0,72,58,69
901,2002,마르티네스,Hitter,Holdout,Speed,https://img.inven.co.kr/image/site_image/bm/dataninfo/playercard/901f.jpg,SEASON_3a27c91a520a6cad56d0,78,80,77
901,2002,마르티네스,Hitter,Holdout,Defense,https://img.inven.co.kr/image/site_image/bm/dataninfo/playercard/901f.jpg,SEASON_3a27c91a520a6cad56d0,70,45,67
901,2002,마르티네스,Hitter,Holdout,BatterMental,https://img.inven.co.kr/image/site_image/bm/dataninfo/playercard/901f.jpg,SEASON_3a27c91a520a6cad56d0,78,65,66
902,2003,마르티네스,Hitter,Holdout,Cost,https://img.inven.co.kr/image/site_image/bm/dataninfo/playercard/902f.jpg,SEASON_e36020703aff6037a539,8,8,8
902,2003,마르티네스,Hitter,Holdout,Contact,https://img.inven.co.kr/image/site_image/bm/dataninfo/playercard/902f.jpg,SEASON_e36020703aff6037a539,64,53,66
902,2003,마르티네스,Hitter,Holdout,Power,https://img.inven.co.kr/image/site_image/bm/dataninfo/playercard/902f.jpg,SEASON_e36020703aff6037a539,74,61,71
902,2003,마르티네스,Hitter,Holdout,Speed,https://img.inven.co.kr/image/site_image/bm/dataninfo/playercard/902f.jpg,SEASON_e36020703aff6037a539,79,85,80
902,2003,마르티네스,Hitter,Holdout,Defense,https://img.inven.co.kr/image/site_image/bm/dataninfo/playercard/902f.jpg,SEASON_e36020703aff6037a539,75,56,74
902,2003,마르티네스,Hitter,Holdout,BatterMental,https://img.inven.co.kr/image/site_image/bm/dataninfo/playercard/902f.jpg,SEASON_e36020703aff6037a539,72,62,64
1083,2002,박용택,Hitter,Train,Cost,https://img.inven.co.kr/image/site_image/bm/dataninfo/playercard/1083f.jpg,SEASON_207ebb5154f9f3ab75f3,8,8,8
1083,2002,박용택,Hitter,Train,Contact,https://img.inven.co.kr/image/site_image/bm/dataninfo/playercard/1083f.jpg,SEASON_207ebb5154f9f3ab75f3,71,59,69
1083,2002,박용택,Hitter,Train,Power,https://img.inven.co.kr/image/site_image/bm/dataninfo/playercard/1083f.jpg,SEASON_207ebb5154f9f3ab75f3,67,53,66
1083,2002,박용택,Hitter,Train,Speed,https://img.inven.co.kr/image/site_image/bm/dataninfo/playercard/1083f.jpg,SEASON_207ebb5154f9f3ab75f3,79,76,74
1083,2002,박용택,Hitter,Train,Defense,https://img.inven.co.kr/image/site_image/bm/dataninfo/playercard/1083f.jpg,SEASON_207ebb5154f9f3ab75f3,70,62,77
1083,2002,박용택,Hitter,Train,BatterMental,https://img.inven.co.kr/image/site_image/bm/dataninfo/playercard/1083f.jpg,SEASON_207ebb5154f9f3ab75f3,75,65,66
3450,2009,박재상,Hitter,Holdout,Cost,https://img.inven.co.kr/image/site_image/bm/dataninfo/playercard/3450f.jpg,SEASON_88d701045a196d72d219,8,8,8
3450,2009,박재상,Hitter,Holdout,Contact,https://img.inven.co.kr/image/site_image/bm/dataninfo/playercard/3450f.jpg,SEASON_88d701045a196d72d219,76,60,70
3450,2009,박재상,Hitter,Holdout,Power,https://img.inven.co.kr/image/site_image/bm/dataninfo/playercard/3450f.jpg,SEASON_88d701045a196d72d219,72,59,69
3450,2009,박재상,Hitter,Holdout,Speed,https://img.inven.co.kr/image/site_image/bm/dataninfo/playercard/3450f.jpg,SEASON_88d701045a196d72d219,74,75,74
3450,2009,박재상,Hitter,Holdout,Defense,https://img.inven.co.kr/image/site_image/bm/dataninfo/playercard/3450f.jpg,SEASON_88d701045a196d72d219,70,44,67
3450,2009,박재상,Hitter,Holdout,BatterMental,https://img.inven.co.kr/image/site_image/bm/dataninfo/playercard/3450f.jpg,SEASON_88d701045a196d72d219,64,67,67
1198,2003,박한이,Hitter,Train,Cost,https://img.inven.co.kr/image/site_image/bm/dataninfo/playercard/1198f.jpg,SEASON_13a151a73737ca7ce57a,8,8,8
1198,2003,박한이,Hitter,Train,Contact,https://img.inven.co.kr/image/site_image/bm/dataninfo/playercard/1198f.jpg,SEASON_13a151a73737ca7ce57a,80,74,80
1198,2003,박한이,Hitter,Train,Power,https://img.inven.co.kr/image/site_image/bm/dataninfo/playercard/1198f.jpg,SEASON_13a151a73737ca7ce57a,70,58,69
1198,2003,박한이,Hitter,Train,Speed,https://img.inven.co.kr/image/site_image/bm/dataninfo/playercard/1198f.jpg,SEASON_13a151a73737ca7ce57a,74,69,70
1198,2003,박한이,Hitter,Train,Defense,https://img.inven.co.kr/image/site_image/bm/dataninfo/playercard/1198f.jpg,SEASON_13a151a73737ca7ce57a,80,55,73
1198,2003,박한이,Hitter,Train,BatterMental,https://img.inven.co.kr/image/site_image/bm/dataninfo/playercard/1198f.jpg,SEASON_13a151a73737ca7ce57a,62,78,71
1199,2004,박한이,Hitter,Train,Cost,https://img.inven.co.kr/image/site_image/bm/dataninfo/playercard/1199f.jpg,SEASON_a1da8f101fd0975dabb8,8,8,8
1199,2004,박한이,Hitter,Train,Contact,https://img.inven.co.kr/image/site_image/bm/dataninfo/playercard/1199f.jpg,SEASON_a1da8f101fd0975dabb8,78,69,77
1199,2004,박한이,Hitter,Train,Power,https://img.inven.co.kr/image/site_image/bm/dataninfo/playercard/1199f.jpg,SEASON_a1da8f101fd0975dabb8,73,66,74
1199,2004,박한이,Hitter,Train,Speed,https://img.inven.co.kr/image/site_image/bm/dataninfo/playercard/1199f.jpg,SEASON_a1da8f101fd0975dabb8,71,67,69
1199,2004,박한이,Hitter,Train,Defense,https://img.inven.co.kr/image/site_image/bm/dataninfo/playercard/1199f.jpg,SEASON_a1da8f101fd0975dabb8,79,58,75
1199,2004,박한이,Hitter,Train,BatterMental,https://img.inven.co.kr/image/site_image/bm/dataninfo/playercard/1199f.jpg,SEASON_a1da8f101fd0975dabb8,66,75,70
1200,2005,박한이,Hitter,Train,Cost,https://img.inven.co.kr/image/site_image/bm/dataninfo/playercard/1200f.jpg,SEASON_005b274fe4a1a539d689,8,8,8
1200,2005,박한이,Hitter,Train,Contact,https://img.inven.co.kr/image/site_image/bm/dataninfo/playercard/1200f.jpg,SEASON_005b274fe4a1a539d689,77,67,75
1200,2005,박한이,Hitter,Train,Power,https://img.inven.co.kr/image/site_image/bm/dataninfo/playercard/1200f.jpg,SEASON_005b274fe4a1a539d689,67,52,65
1200,2005,박한이,Hitter,Train,Speed,https://img.inven.co.kr/image/site_image/bm/dataninfo/playercard/1200f.jpg,SEASON_005b274fe4a1a539d689,71,64,67
1200,2005,박한이,Hitter,Train,Defense,https://img.inven.co.kr/image/site_image/bm/dataninfo/playercard/1200f.jpg,SEASON_005b274fe4a1a539d689,74,55,73
1200,2005,박한이,Hitter,Train,BatterMental,https://img.inven.co.kr/image/site_image/bm/dataninfo/playercard/1200f.jpg,SEASON_005b274fe4a1a539d689,66,72,69
1418,2005,송지만,Hitter,Validation,Cost,https://img.inven.co.kr/image/site_image/bm/dataninfo/playercard/1418f.jpg,SEASON_bca571e1f701f7a7361b,8,8,8
1418,2005,송지만,Hitter,Validation,Contact,https://img.inven.co.kr/image/site_image/bm/dataninfo/playercard/1418f.jpg,SEASON_bca571e1f701f7a7361b,65,55,67
1418,2005,송지만,Hitter,Validation,Power,https://img.inven.co.kr/image/site_image/bm/dataninfo/playercard/1418f.jpg,SEASON_bca571e1f701f7a7361b,79,80,84
1418,2005,송지만,Hitter,Validation,Speed,https://img.inven.co.kr/image/site_image/bm/dataninfo/playercard/1418f.jpg,SEASON_bca571e1f701f7a7361b,60,51,60
1418,2005,송지만,Hitter,Validation,Defense,https://img.inven.co.kr/image/site_image/bm/dataninfo/playercard/1418f.jpg,SEASON_bca571e1f701f7a7361b,78,53,72
1418,2005,송지만,Hitter,Validation,BatterMental,https://img.inven.co.kr/image/site_image/bm/dataninfo/playercard/1418f.jpg,SEASON_bca571e1f701f7a7361b,77,66,66
1419,2006,송지만,Hitter,Validation,Cost,https://img.inven.co.kr/image/site_image/bm/dataninfo/playercard/1419f.jpg,SEASON_60e5a44fc8fe912c3786,8,8,8
1419,2006,송지만,Hitter,Validation,Contact,https://img.inven.co.kr/image/site_image/bm/dataninfo/playercard/1419f.jpg,SEASON_60e5a44fc8fe912c3786,68,58,69
1419,2006,송지만,Hitter,Validation,Power,https://img.inven.co.kr/image/site_image/bm/dataninfo/playercard/1419f.jpg,SEASON_60e5a44fc8fe912c3786,73,72,78
1419,2006,송지만,Hitter,Validation,Speed,https://img.inven.co.kr/image/site_image/bm/dataninfo/playercard/1419f.jpg,SEASON_60e5a44fc8fe912c3786,65,58,64
1419,2006,송지만,Hitter,Validation,Defense,https://img.inven.co.kr/image/site_image/bm/dataninfo/playercard/1419f.jpg,SEASON_60e5a44fc8fe912c3786,78,46,68
1419,2006,송지만,Hitter,Validation,BatterMental,https://img.inven.co.kr/image/site_image/bm/dataninfo/playercard/1419f.jpg,SEASON_60e5a44fc8fe912c3786,73,66,66
1421,2008,송지만,Hitter,Validation,Cost,https://img.inven.co.kr/image/site_image/bm/dataninfo/playercard/1421f.jpg,SEASON_1505a96d2b09823eef43,8,8,8
1421,2008,송지만,Hitter,Validation,Contact,https://img.inven.co.kr/image/site_image/bm/dataninfo/playercard/1421f.jpg,SEASON_1505a96d2b09823eef43,68,55,67
1421,2008,송지만,Hitter,Validation,Power,https://img.inven.co.kr/image/site_image/bm/dataninfo/playercard/1421f.jpg,SEASON_1505a96d2b09823eef43,70,64,73
1421,2008,송지만,Hitter,Validation,Speed,https://img.inven.co.kr/image/site_image/bm/dataninfo/playercard/1421f.jpg,SEASON_1505a96d2b09823eef43,60,52,60
1421,2008,송지만,Hitter,Validation,Defense,https://img.inven.co.kr/image/site_image/bm/dataninfo/playercard/1421f.jpg,SEASON_1505a96d2b09823eef43,79,55,73
1421,2008,송지만,Hitter,Validation,BatterMental,https://img.inven.co.kr/image/site_image/bm/dataninfo/playercard/1421f.jpg,SEASON_1505a96d2b09823eef43,74,58,63
3510,2009,송지만,Hitter,Validation,Cost,https://img.inven.co.kr/image/site_image/bm/dataninfo/playercard/3510f.jpg,SEASON_831f34275c0ed9ce9c36,8,8,8
3510,2009,송지만,Hitter,Validation,Contact,https://img.inven.co.kr/image/site_image/bm/dataninfo/playercard/3510f.jpg,SEASON_831f34275c0ed9ce9c36,77,55,67
3510,2009,송지만,Hitter,Validation,Power,https://img.inven.co.kr/image/site_image/bm/dataninfo/playercard/3510f.jpg,SEASON_831f34275c0ed9ce9c36,77,68,76
3510,2009,송지만,Hitter,Validation,Speed,https://img.inven.co.kr/image/site_image/bm/dataninfo/playercard/3510f.jpg,SEASON_831f34275c0ed9ce9c36,67,59,64
3510,2009,송지만,Hitter,Validation,Defense,https://img.inven.co.kr/image/site_image/bm/dataninfo/playercard/3510f.jpg,SEASON_831f34275c0ed9ce9c36,66,58,75
3510,2009,송지만,Hitter,Validation,BatterMental,https://img.inven.co.kr/image/site_image/bm/dataninfo/playercard/3510f.jpg,SEASON_831f34275c0ed9ce9c36,70,65,66
1541,2000,심정수,Hitter,Train,Cost,https://img.inven.co.kr/image/site_image/bm/dataninfo/playercard/1541f.jpg,SEASON_d09ecdd6db363bee5d45,8,8,8
1541,2000,심정수,Hitter,Train,Contact,https://img.inven.co.kr/image/site_image/bm/dataninfo/playercard/1541f.jpg,SEASON_d09ecdd6db363bee5d45,73,65,74
1541,2000,심정수,Hitter,Train,Power,https://img.inven.co.kr/image/site_image/bm/dataninfo/playercard/1541f.jpg,SEASON_d09ecdd6db363bee5d45,80,78,82
1541,2000,심정수,Hitter,Train,Speed,https://img.inven.co.kr/image/site_image/bm/dataninfo/playercard/1541f.jpg,SEASON_d09ecdd6db363bee5d45,66,55,55
1541,2000,심정수,Hitter,Train,Defense,https://img.inven.co.kr/image/site_image/bm/dataninfo/playercard/1541f.jpg,SEASON_d09ecdd6db363bee5d45,80,55,55
1541,2000,심정수,Hitter,Train,BatterMental,https://img.inven.co.kr/image/site_image/bm/dataninfo/playercard/1541f.jpg,SEASON_d09ecdd6db363bee5d45,78,74,70
1599,2008,안치용,Hitter,Train,Cost,https://img.inven.co.kr/image/site_image/bm/dataninfo/playercard/1599f.jpg,SEASON_0778d38bf4219bd596f9,8,8,8
1599,2008,안치용,Hitter,Train,Contact,https://img.inven.co.kr/image/site_image/bm/dataninfo/playercard/1599f.jpg,SEASON_0778d38bf4219bd596f9,75,61,71
1599,2008,안치용,Hitter,Train,Power,https://img.inven.co.kr/image/site_image/bm/dataninfo/playercard/1599f.jpg,SEASON_0778d38bf4219bd596f9,65,57,68
1599,2008,안치용,Hitter,Train,Speed,https://img.inven.co.kr/image/site_image/bm/dataninfo/playercard/1599f.jpg,SEASON_0778d38bf4219bd596f9,66,56,62
1599,2008,안치용,Hitter,Train,Defense,https://img.inven.co.kr/image/site_image/bm/dataninfo/playercard/1599f.jpg,SEASON_0778d38bf4219bd596f9,72,54,73
1599,2008,안치용,Hitter,Train,BatterMental,https://img.inven.co.kr/image/site_image/bm/dataninfo/playercard/1599f.jpg,SEASON_0778d38bf4219bd596f9,72,63,65
1617,2003,양준혁,Hitter,Train,Cost,https://img.inven.co.kr/image/site_image/bm/dataninfo/playercard/1617f.jpg,SEASON_723e7ce60bd053b126ba,8,10,10
1617,2003,양준혁,Hitter,Train,Contact,https://img.inven.co.kr/image/site_image/bm/dataninfo/playercard/1617f.jpg,SEASON_723e7ce60bd053b126ba,81,76,81
1617,2003,양준혁,Hitter,Train,Power,https://img.inven.co.kr/image/site_image/bm/dataninfo/playercard/1617f.jpg,SEASON_723e7ce60bd053b126ba,82,92,92
1617,2003,양준혁,Hitter,Train,Speed,https://img.inven.co.kr/image/site_image/bm/dataninfo/playercard/1617f.jpg,SEASON_723e7ce60bd053b126ba,55,50,59
1617,2003,양준혁,Hitter,Train,Defense,https://img.inven.co.kr/image/site_image/bm/dataninfo/playercard/1617f.jpg,SEASON_723e7ce60bd053b126ba,79,45,67
1617,2003,양준혁,Hitter,Train,BatterMental,https://img.inven.co.kr/image/site_image/bm/dataninfo/playercard/1617f.jpg,SEASON_723e7ce60bd053b126ba,81,77,71
1958,2005,이병규,Hitter,Train,Cost,https://img.inven.co.kr/image/site_image/bm/dataninfo/playercard/1958f.jpg,SEASON_e1ce3073075fcfdd6370,8,8,8
1958,2005,이병규,Hitter,Train,Contact,https://img.inven.co.kr/image/site_image/bm/dataninfo/playercard/1958f.jpg,SEASON_e1ce3073075fcfdd6370,82,86,88
1958,2005,이병규,Hitter,Train,Power,https://img.inven.co.kr/image/site_image/bm/dataninfo/playercard/1958f.jpg,SEASON_e1ce3073075fcfdd6370,67,59,69
1958,2005,이병규,Hitter,Train,Speed,https://img.inven.co.kr/image/site_image/bm/dataninfo/playercard/1958f.jpg,SEASON_e1ce3073075fcfdd6370,70,61,66
1958,2005,이병규,Hitter,Train,Defense,https://img.inven.co.kr/image/site_image/bm/dataninfo/playercard/1958f.jpg,SEASON_e1ce3073075fcfdd6370,70,62,77
1958,2005,이병규,Hitter,Train,BatterMental,https://img.inven.co.kr/image/site_image/bm/dataninfo/playercard/1958f.jpg,SEASON_e1ce3073075fcfdd6370,75,79,72
2062,2003,이영우,Hitter,Validation,Cost,https://img.inven.co.kr/image/site_image/bm/dataninfo/playercard/2062f.jpg,SEASON_4a00567fc8ee43aa2237,8,8,8
2062,2003,이영우,Hitter,Validation,Contact,https://img.inven.co.kr/image/site_image/bm/dataninfo/playercard/2062f.jpg,SEASON_4a00567fc8ee43aa2237,74,64,73
2062,2003,이영우,Hitter,Validation,Power,https://img.inven.co.kr/image/site_image/bm/dataninfo/playercard/2062f.jpg,SEASON_4a00567fc8ee43aa2237,73,63,72
2062,2003,이영우,Hitter,Validation,Speed,https://img.inven.co.kr/image/site_image/bm/dataninfo/playercard/2062f.jpg,SEASON_4a00567fc8ee43aa2237,73,71,72
2062,2003,이영우,Hitter,Validation,Defense,https://img.inven.co.kr/image/site_image/bm/dataninfo/playercard/2062f.jpg,SEASON_4a00567fc8ee43aa2237,79,60,76
2062,2003,이영우,Hitter,Validation,BatterMental,https://img.inven.co.kr/image/site_image/bm/dataninfo/playercard/2062f.jpg,SEASON_4a00567fc8ee43aa2237,72,75,70
2162,2002,이종범,Hitter,Train,Cost,https://img.inven.co.kr/image/site_image/bm/dataninfo/playercard/2162f.jpg,SEASON_c9622f314cd986a7b39f,8,8,8
2162,2002,이종범,Hitter,Train,Contact,https://img.inven.co.kr/image/site_image/bm/dataninfo/playercard/2162f.jpg,SEASON_c9622f314cd986a7b39f,75,63,72
2162,2002,이종범,Hitter,Train,Power,https://img.inven.co.kr/image/site_image/bm/dataninfo/playercard/2162f.jpg,SEASON_c9622f314cd986a7b39f,75,65,73
2162,2002,이종범,Hitter,Train,Speed,https://img.inven.co.kr/image/site_image/bm/dataninfo/playercard/2162f.jpg,SEASON_c9622f314cd986a7b39f,83,87,81
2162,2002,이종범,Hitter,Train,Defense,https://img.inven.co.kr/image/site_image/bm/dataninfo/playercard/2162f.jpg,SEASON_c9622f314cd986a7b39f,75,57,74
2162,2002,이종범,Hitter,Train,BatterMental,https://img.inven.co.kr/image/site_image/bm/dataninfo/playercard/2162f.jpg,SEASON_c9622f314cd986a7b39f,65,69,67
2165,2005,이종범,Hitter,Train,Cost,https://img.inven.co.kr/image/site_image/bm/dataninfo/playercard/2165f.jpg,SEASON_4a17887aa2eba507746a,8,8,8
2165,2005,이종범,Hitter,Train,Contact,https://img.inven.co.kr/image/site_image/bm/dataninfo/playercard/2165f.jpg,SEASON_4a17887aa2eba507746a,80,74,79
2165,2005,이종범,Hitter,Train,Power,https://img.inven.co.kr/image/site_image/bm/dataninfo/playercard/2165f.jpg,SEASON_4a17887aa2eba507746a,64,51,64
2165,2005,이종범,Hitter,Train,Speed,https://img.inven.co.kr/image/site_image/bm/dataninfo/playercard/2165f.jpg,SEASON_4a17887aa2eba507746a,81,81,77
2165,2005,이종범,Hitter,Train,Defense,https://img.inven.co.kr/image/site_image/bm/dataninfo/playercard/2165f.jpg,SEASON_4a17887aa2eba507746a,72,52,71
2165,2005,이종범,Hitter,Train,BatterMental,https://img.inven.co.kr/image/site_image/bm/dataninfo/playercard/2165f.jpg,SEASON_4a17887aa2eba507746a,58,77,71
3658,2009,이진영,Hitter,Train,Cost,https://img.inven.co.kr/image/site_image/bm/dataninfo/playercard/3658f.jpg,SEASON_4e429c1c895df1256ceb,8,8,8
3658,2009,이진영,Hitter,Train,Contact,https://img.inven.co.kr/image/site_image/bm/dataninfo/playercard/3658f.jpg,SEASON_4e429c1c895df1256ceb,77,59,70
3658,2009,이진영,Hitter,Train,Power,https://img.inven.co.kr/image/site_image/bm/dataninfo/playercard/3658f.jpg,SEASON_4e429c1c895df1256ceb,72,55,67
3658,2009,이진영,Hitter,Train,Speed,https://img.inven.co.kr/image/site_image/bm/dataninfo/playercard/3658f.jpg,SEASON_4e429c1c895df1256ceb,64,53,61
3658,2009,이진영,Hitter,Train,Defense,https://img.inven.co.kr/image/site_image/bm/dataninfo/playercard/3658f.jpg,SEASON_4e429c1c895df1256ceb,73,57,74
3658,2009,이진영,Hitter,Train,BatterMental,https://img.inven.co.kr/image/site_image/bm/dataninfo/playercard/3658f.jpg,SEASON_4e429c1c895df1256ceb,76,62,65
2209,2008,이택근,Hitter,Validation,Cost,https://img.inven.co.kr/image/site_image/bm/dataninfo/playercard/2209f.jpg,SEASON_20e45d91a23de0c9560d,8,8,8
2209,2008,이택근,Hitter,Validation,Contact,https://img.inven.co.kr/image/site_image/bm/dataninfo/playercard/2209f.jpg,SEASON_20e45d91a23de0c9560d,80,70,77
2209,2008,이택근,Hitter,Validation,Power,https://img.inven.co.kr/image/site_image/bm/dataninfo/playercard/2209f.jpg,SEASON_20e45d91a23de0c9560d,70,67,75
2209,2008,이택근,Hitter,Validation,Speed,https://img.inven.co.kr/image/site_image/bm/dataninfo/playercard/2209f.jpg,SEASON_20e45d91a23de0c9560d,75,68,70
2209,2008,이택근,Hitter,Validation,Defense,https://img.inven.co.kr/image/site_image/bm/dataninfo/playercard/2209f.jpg,SEASON_20e45d91a23de0c9560d,70,50,70
2209,2008,이택근,Hitter,Validation,BatterMental,https://img.inven.co.kr/image/site_image/bm/dataninfo/playercard/2209f.jpg,SEASON_20e45d91a23de0c9560d,76,74,69
2837,2002,채종범,Hitter,Train,Cost,https://img.inven.co.kr/image/site_image/bm/dataninfo/playercard/2837f.jpg,SEASON_d173a73cbc42c16817fb,8,8,8
2837,2002,채종범,Hitter,Train,Contact,https://img.inven.co.kr/image/site_image/bm/dataninfo/playercard/2837f.jpg,SEASON_d173a73cbc42c16817fb,74,63,72
2837,2002,채종범,Hitter,Train,Power,https://img.inven.co.kr/image/site_image/bm/dataninfo/playercard/2837f.jpg,SEASON_d173a73cbc42c16817fb,74,62,72
2837,2002,채종범,Hitter,Train,Speed,https://img.inven.co.kr/image/site_image/bm/dataninfo/playercard/2837f.jpg,SEASON_d173a73cbc42c16817fb,69,61,66
2837,2002,채종범,Hitter,Train,Defense,https://img.inven.co.kr/image/site_image/bm/dataninfo/playercard/2837f.jpg,SEASON_d173a73cbc42c16817fb,80,61,76
2837,2002,채종범,Hitter,Train,BatterMental,https://img.inven.co.kr/image/site_image/bm/dataninfo/playercard/2837f.jpg,SEASON_d173a73cbc42c16817fb,71,71,68
2982,2008,최형우,Hitter,Train,Cost,https://img.inven.co.kr/image/site_image/bm/dataninfo/playercard/2982f.jpg,SEASON_78b86f5ddb136efc5a8f,8,8,8
2982,2008,최형우,Hitter,Train,Contact,https://img.inven.co.kr/image/site_image/bm/dataninfo/playercard/2982f.jpg,SEASON_78b86f5ddb136efc5a8f,66,53,66
2982,2008,최형우,Hitter,Train,Power,https://img.inven.co.kr/image/site_image/bm/dataninfo/playercard/2982f.jpg,SEASON_78b86f5ddb136efc5a8f,76,79,83
2982,2008,최형우,Hitter,Train,Speed,https://img.inven.co.kr/image/site_image/bm/dataninfo/playercard/2982f.jpg,SEASON_78b86f5ddb136efc5a8f,65,51,60
2982,2008,최형우,Hitter,Train,Defense,https://img.inven.co.kr/image/site_image/bm/dataninfo/playercard/2982f.jpg,SEASON_78b86f5ddb136efc5a8f,70,55,73
2982,2008,최형우,Hitter,Train,BatterMental,https://img.inven.co.kr/image/site_image/bm/dataninfo/playercard/2982f.jpg,SEASON_78b86f5ddb136efc5a8f,81,64,65
3801,2009,클락,Hitter,Validation,Cost,https://img.inven.co.kr/image/site_image/bm/dataninfo/playercard/3801f.jpg,SEASON_348bc4b7c834a37bfb2b,8,8,8
3801,2009,클락,Hitter,Validation,Contact,https://img.inven.co.kr/image/site_image/bm/dataninfo/playercard/3801f.jpg,SEASON_348bc4b7c834a37bfb2b,65,57,68
3801,2009,클락,Hitter,Validation,Power,https://img.inven.co.kr/image/site_image/bm/dataninfo/playercard/3801f.jpg,SEASON_348bc4b7c834a37bfb2b,77,72,78
3801,2009,클락,Hitter,Validation,Speed,https://img.inven.co.kr/image/site_image/bm/dataninfo/playercard/3801f.jpg,SEASON_348bc4b7c834a37bfb2b,72,68,70
3801,2009,클락,Hitter,Validation,Defense,https://img.inven.co.kr/image/site_image/bm/dataninfo/playercard/3801f.jpg,SEASON_348bc4b7c834a37bfb2b,75,56,73
3801,2009,클락,Hitter,Validation,BatterMental,https://img.inven.co.kr/image/site_image/bm/dataninfo/playercard/3801f.jpg,SEASON_348bc4b7c834a37bfb2b,76,65,66
15,2008,가르시아,Hitter,Validation,Cost,https://img.inven.co.kr/image/site_image/bm/dataninfo/playercard/15f.jpg,SEASON_be9a6ed1c8aca392b76f,9,9,9
15,2008,가르시아,Hitter,Validation,Contact,https://img.inven.co.kr/image/site_image/bm/dataninfo/playercard/15f.jpg,SEASON_be9a6ed1c8aca392b76f,70,57,69
15,2008,가르시아,Hitter,Validation,Power,https://img.inven.co.kr/image/site_image/bm/dataninfo/playercard/15f.jpg,SEASON_be9a6ed1c8aca392b76f,80,92,92
15,2008,가르시아,Hitter,Validation,Speed,https://img.inven.co.kr/image/site_image/bm/dataninfo/playercard/15f.jpg,SEASON_be9a6ed1c8aca392b76f,61,49,58
15,2008,가르시아,Hitter,Validation,Defense,https://img.inven.co.kr/image/site_image/bm/dataninfo/playercard/15f.jpg,SEASON_be9a6ed1c8aca392b76f,82,52,72
15,2008,가르시아,Hitter,Validation,BatterMental,https://img.inven.co.kr/image/site_image/bm/dataninfo/playercard/15f.jpg,SEASON_be9a6ed1c8aca392b76f,83,63,65
3269,2009,강봉규,Hitter,Holdout,Cost,https://img.inven.co.kr/image/site_image/bm/dataninfo/playercard/3269f.jpg,SEASON_64e2cd62469e945c624f,9,8,8
3269,2009,강봉규,Hitter,Holdout,Contact,https://img.inven.co.kr/image/site_image/bm/dataninfo/playercard/3269f.jpg,SEASON_64e2cd62469e945c624f,81,65,74
3269,2009,강봉규,Hitter,Holdout,Power,https://img.inven.co.kr/image/site_image/bm/dataninfo/playercard/3269f.jpg,SEASON_64e2cd62469e945c624f,75,67,75
3269,2009,강봉규,Hitter,Holdout,Speed,https://img.inven.co.kr/image/site_image/bm/dataninfo/playercard/3269f.jpg,SEASON_64e2cd62469e945c624f,76,66,69
3269,2009,강봉규,Hitter,Holdout,Defense,https://img.inven.co.kr/image/site_image/bm/dataninfo/playercard/3269f.jpg,SEASON_64e2cd62469e945c624f,73,47,69
3269,2009,강봉규,Hitter,Holdout,BatterMental,https://img.inven.co.kr/image/site_image/bm/dataninfo/playercard/3269f.jpg,SEASON_64e2cd62469e945c624f,75,73,69
3356,2009,김원섭,Hitter,Train,Cost,https://img.inven.co.kr/image/site_image/bm/dataninfo/playercard/3356f.jpg,SEASON_b75558e7ae8bc1bbe211,9,8,8
3356,2009,김원섭,Hitter,Train,Contact,https://img.inven.co.kr/image/site_image/bm/dataninfo/playercard/3356f.jpg,SEASON_b75558e7ae8bc1bbe211,77,59,70
3356,2009,김원섭,Hitter,Train,Power,https://img.inven.co.kr/image/site_image/bm/dataninfo/playercard/3356f.jpg,SEASON_b75558e7ae8bc1bbe211,69,49,63
3356,2009,김원섭,Hitter,Train,Speed,https://img.inven.co.kr/image/site_image/bm/dataninfo/playercard/3356f.jpg,SEASON_b75558e7ae8bc1bbe211,69,69,70
3356,2009,김원섭,Hitter,Train,Defense,https://img.inven.co.kr/image/site_image/bm/dataninfo/playercard/3356f.jpg,SEASON_b75558e7ae8bc1bbe211,78,61,76
3356,2009,김원섭,Hitter,Train,BatterMental,https://img.inven.co.kr/image/site_image/bm/dataninfo/playercard/3356f.jpg,SEASON_b75558e7ae8bc1bbe211,77,69,67
842,2006,데이비스,Hitter,Validation,Cost,https://img.inven.co.kr/image/site_image/bm/dataninfo/playercard/842f.jpg,SEASON_6c97d3d876226ca7a4a9,9,8,8
842,2006,데이비스,Hitter,Validation,Contact,https://img.inven.co.kr/image/site_image/bm/dataninfo/playercard/842f.jpg,SEASON_6c97d3d876226ca7a4a9,75,64,73
842,2006,데이비스,Hitter,Validation,Power,https://img.inven.co.kr/image/site_image/bm/dataninfo/playercard/842f.jpg,SEASON_6c97d3d876226ca7a4a9,77,87,88
842,2006,데이비스,Hitter,Validation,Speed,https://img.inven.co.kr/image/site_image/bm/dataninfo/playercard/842f.jpg,SEASON_6c97d3d876226ca7a4a9,63,58,64
842,2006,데이비스,Hitter,Validation,Defense,https://img.inven.co.kr/image/site_image/bm/dataninfo/playercard/842f.jpg,SEASON_6c97d3d876226ca7a4a9,71,51,71
842,2006,데이비스,Hitter,Validation,BatterMental,https://img.inven.co.kr/image/site_image/bm/dataninfo/playercard/842f.jpg,SEASON_6c97d3d876226ca7a4a9,81,71,68
900,2001,마르티네스,Hitter,Holdout,Cost,https://img.inven.co.kr/image/site_image/bm/dataninfo/playercard/900f.jpg,SEASON_6c8a5bc41a55d88e1361,9,8,8
900,2001,마르티네스,Hitter,Holdout,Contact,https://img.inven.co.kr/image/site_image/bm/dataninfo/playercard/900f.jpg,SEASON_6c8a5bc41a55d88e1361,64,52,65
900,2001,마르티네스,Hitter,Holdout,Power,https://img.inven.co.kr/image/site_image/bm/dataninfo/playercard/900f.jpg,SEASON_6c8a5bc41a55d88e1361,79,73,79
900,2001,마르티네스,Hitter,Holdout,Speed,https://img.inven.co.kr/image/site_image/bm/dataninfo/playercard/900f.jpg,SEASON_6c8a5bc41a55d88e1361,79,81,78
900,2001,마르티네스,Hitter,Holdout,Defense,https://img.inven.co.kr/image/site_image/bm/dataninfo/playercard/900f.jpg,SEASON_6c8a5bc41a55d88e1361,77,55,73
900,2001,마르티네스,Hitter,Holdout,BatterMental,https://img.inven.co.kr/image/site_image/bm/dataninfo/playercard/900f.jpg,SEASON_6c8a5bc41a55d88e1361,80,58,63
1088,2007,박용택,Hitter,Train,Cost,https://img.inven.co.kr/image/site_image/bm/dataninfo/playercard/1088f.jpg,SEASON_46ca4147b2b3a5709d38,9,8,8
1088,2007,박용택,Hitter,Train,Contact,https://img.inven.co.kr/image/site_image/bm/dataninfo/playercard/1088f.jpg,SEASON_46ca4147b2b3a5709d38,68,57,68
1088,2007,박용택,Hitter,Train,Power,https://img.inven.co.kr/image/site_image/bm/dataninfo/playercard/1088f.jpg,SEASON_46ca4147b2b3a5709d38,71,66,75
1088,2007,박용택,Hitter,Train,Speed,https://img.inven.co.kr/image/site_image/bm/dataninfo/playercard/1088f.jpg,SEASON_46ca4147b2b3a5709d38,79,71,71
1088,2007,박용택,Hitter,Train,Defense,https://img.inven.co.kr/image/site_image/bm/dataninfo/playercard/1088f.jpg,SEASON_46ca4147b2b3a5709d38,79,54,72
1088,2007,박용택,Hitter,Train,BatterMental,https://img.inven.co.kr/image/site_image/bm/dataninfo/playercard/1088f.jpg,SEASON_46ca4147b2b3a5709d38,70,60,64
1106,2005,박재홍,Hitter,Validation,Cost,https://img.inven.co.kr/image/site_image/bm/dataninfo/playercard/1106f.jpg,SEASON_0e9dfdd809922b78499b,9,8,8
1106,2005,박재홍,Hitter,Validation,Contact,https://img.inven.co.kr/image/site_image/bm/dataninfo/playercard/1106f.jpg,SEASON_0e9dfdd809922b78499b,79,70,77
1106,2005,박재홍,Hitter,Validation,Power,https://img.inven.co.kr/image/site_image/bm/dataninfo/playercard/1106f.jpg,SEASON_0e9dfdd809922b78499b,75,72,79
1106,2005,박재홍,Hitter,Validation,Speed,https://img.inven.co.kr/image/site_image/bm/dataninfo/playercard/1106f.jpg,SEASON_0e9dfdd809922b78499b,78,77,75
1106,2005,박재홍,Hitter,Validation,Defense,https://img.inven.co.kr/image/site_image/bm/dataninfo/playercard/1106f.jpg,SEASON_0e9dfdd809922b78499b,76,60,76
1106,2005,박재홍,Hitter,Validation,BatterMental,https://img.inven.co.kr/image/site_image/bm/dataninfo/playercard/1106f.jpg,SEASON_0e9dfdd809922b78499b,70,78,71
1108,2007,박재홍,Hitter,Validation,Cost,https://img.inven.co.kr/image/site_image/bm/dataninfo/playercard/1108f.jpg,SEASON_6d64b879fdbb3370e2bb,9,8,8
1108,2007,박재홍,Hitter,Validation,Contact,https://img.inven.co.kr/image/site_image/bm/dataninfo/playercard/1108f.jpg,SEASON_6d64b879fdbb3370e2bb,69,55,67
1108,2007,박재홍,Hitter,Validation,Power,https://img.inven.co.kr/image/site_image/bm/dataninfo/playercard/1108f.jpg,SEASON_6d64b879fdbb3370e2bb,76,72,78
1108,2007,박재홍,Hitter,Validation,Speed,https://img.inven.co.kr/image/site_image/bm/dataninfo/playercard/1108f.jpg,SEASON_6d64b879fdbb3370e2bb,70,64,67
1108,2007,박재홍,Hitter,Validation,Defense,https://img.inven.co.kr/image/site_image/bm/dataninfo/playercard/1108f.jpg,SEASON_6d64b879fdbb3370e2bb,76,47,68
1108,2007,박재홍,Hitter,Validation,BatterMental,https://img.inven.co.kr/image/site_image/bm/dataninfo/playercard/1108f.jpg,SEASON_6d64b879fdbb3370e2bb,77,63,65
1109,2008,박재홍,Hitter,Validation,Cost,https://img.inven.co.kr/image/site_image/bm/dataninfo/playercard/1109f.jpg,SEASON_2d939ec0341a95e2732d,9,10,10
1109,2008,박재홍,Hitter,Validation,Contact,https://img.inven.co.kr/image/site_image/bm/dataninfo/playercard/1109f.jpg,SEASON_2d939ec0341a95e2732d,80,71,78
1109,2008,박재홍,Hitter,Validation,Power,https://img.inven.co.kr/image/site_image/bm/dataninfo/playercard/1109f.jpg,SEASON_2d939ec0341a95e2732d,77,85,87
1109,2008,박재홍,Hitter,Validation,Speed,https://img.inven.co.kr/image/site_image/bm/dataninfo/playercard/1109f.jpg,SEASON_2d939ec0341a95e2732d,61,53,61
1109,2008,박재홍,Hitter,Validation,Defense,https://img.inven.co.kr/image/site_image/bm/dataninfo/playercard/1109f.jpg,SEASON_2d939ec0341a95e2732d,76,56,74
1109,2008,박재홍,Hitter,Validation,BatterMental,https://img.inven.co.kr/image/site_image/bm/dataninfo/playercard/1109f.jpg,SEASON_2d939ec0341a95e2732d,80,80,72
1420,2007,송지만,Hitter,Validation,Cost,https://img.inven.co.kr/image/site_image/bm/dataninfo/playercard/1420f.jpg,SEASON_c541d0793092366a06b4,9,8,8
1420,2007,송지만,Hitter,Validation,Contact,https://img.inven.co.kr/image/site_image/bm/dataninfo/playercard/1420f.jpg,SEASON_c541d0793092366a06b4,69,57,68
1420,2007,송지만,Hitter,Validation,Power,https://img.inven.co.kr/image/site_image/bm/dataninfo/playercard/1420f.jpg,SEASON_c541d0793092366a06b4,73,68,76
1420,2007,송지만,Hitter,Validation,Speed,https://img.inven.co.kr/image/site_image/bm/dataninfo/playercard/1420f.jpg,SEASON_c541d0793092366a06b4,71,61,66
1420,2007,송지만,Hitter,Validation,Defense,https://img.inven.co.kr/image/site_image/bm/dataninfo/playercard/1420f.jpg,SEASON_c541d0793092366a06b4,80,51,71
1420,2007,송지만,Hitter,Validation,BatterMental,https://img.inven.co.kr/image/site_image/bm/dataninfo/playercard/1420f.jpg,SEASON_c541d0793092366a06b4,77,64,65
1953,2000,이병규,Hitter,Train,Cost,https://img.inven.co.kr/image/site_image/bm/dataninfo/playercard/1953f.jpg,SEASON_35ddf57c3f638157f099,9,8,8
1953,2000,이병규,Hitter,Train,Contact,https://img.inven.co.kr/image/site_image/bm/dataninfo/playercard/1953f.jpg,SEASON_35ddf57c3f638157f099,78,74,80
1953,2000,이병규,Hitter,Train,Power,https://img.inven.co.kr/image/site_image/bm/dataninfo/playercard/1953f.jpg,SEASON_35ddf57c3f638157f099,75,63,72
1953,2000,이병규,Hitter,Train,Speed,https://img.inven.co.kr/image/site_image/bm/dataninfo/playercard/1953f.jpg,SEASON_35ddf57c3f638157f099,72,55,55
1953,2000,이병규,Hitter,Train,Defense,https://img.inven.co.kr/image/site_image/bm/dataninfo/playercard/1953f.jpg,SEASON_35ddf57c3f638157f099,79,55,55
1953,2000,이병규,Hitter,Train,BatterMental,https://img.inven.co.kr/image/site_image/bm/dataninfo/playercard/1953f.jpg,SEASON_35ddf57c3f638157f099,80,74,69
1954,2001,이병규,Hitter,Train,Cost,https://img.inven.co.kr/image/site_image/bm/dataninfo/playercard/1954f.jpg,SEASON_e3705bdbc44e34395ad0,9,8,8
1954,2001,이병규,Hitter,Train,Contact,https://img.inven.co.kr/image/site_image/bm/dataninfo/playercard/1954f.jpg,SEASON_e3705bdbc44e34395ad0,74,66,74
1954,2001,이병규,Hitter,Train,Power,https://img.inven.co.kr/image/site_image/bm/dataninfo/playercard/1954f.jpg,SEASON_e3705bdbc44e34395ad0,70,56,67
1954,2001,이병규,Hitter,Train,Speed,https://img.inven.co.kr/image/site_image/bm/dataninfo/playercard/1954f.jpg,SEASON_e3705bdbc44e34395ad0,79,74,73
1954,2001,이병규,Hitter,Train,Defense,https://img.inven.co.kr/image/site_image/bm/dataninfo/playercard/1954f.jpg,SEASON_e3705bdbc44e34395ad0,80,51,71
1954,2001,이병규,Hitter,Train,BatterMental,https://img.inven.co.kr/image/site_image/bm/dataninfo/playercard/1954f.jpg,SEASON_e3705bdbc44e34395ad0,70,67,67
2163,2003,이종범,Hitter,Train,Cost,https://img.inven.co.kr/image/site_image/bm/dataninfo/playercard/2163f.jpg,SEASON_75a248a246d5bfc02d3c,9,10,10
2163,2003,이종범,Hitter,Train,Contact,https://img.inven.co.kr/image/site_image/bm/dataninfo/playercard/2163f.jpg,SEASON_75a248a246d5bfc02d3c,78,71,78
2163,2003,이종범,Hitter,Train,Power,https://img.inven.co.kr/image/site_image/bm/dataninfo/playercard/2163f.jpg,SEASON_75a248a246d5bfc02d3c,77,71,78
2163,2003,이종범,Hitter,Train,Speed,https://img.inven.co.kr/image/site_image/bm/dataninfo/playercard/2163f.jpg,SEASON_75a248a246d5bfc02d3c,85,97,87
2163,2003,이종범,Hitter,Train,Defense,https://img.inven.co.kr/image/site_image/bm/dataninfo/playercard/2163f.jpg,SEASON_75a248a246d5bfc02d3c,80,55,73
2163,2003,이종범,Hitter,Train,BatterMental,https://img.inven.co.kr/image/site_image/bm/dataninfo/playercard/2163f.jpg,SEASON_75a248a246d5bfc02d3c,66,75,70
2189,2003,이진영,Hitter,Train,Cost,https://img.inven.co.kr/image/site_image/bm/dataninfo/playercard/2189f.jpg,SEASON_c6f069a4b6c7f3175911,9,8,8
2189,2003,이진영,Hitter,Train,Contact,https://img.inven.co.kr/image/site_image/bm/dataninfo/playercard/2189f.jpg,SEASON_c6f069a4b6c7f3175911,81,76,81
2189,2003,이진영,Hitter,Train,Power,https://img.inven.co.kr/image/site_image/bm/dataninfo/playercard/2189f.jpg,SEASON_c6f069a4b6c7f3175911,74,68,76
2189,2003,이진영,Hitter,Train,Speed,https://img.inven.co.kr/image/site_image/bm/dataninfo/playercard/2189f.jpg,SEASON_c6f069a4b6c7f3175911,75,63,66
2189,2003,이진영,Hitter,Train,Defense,https://img.inven.co.kr/image/site_image/bm/dataninfo/playercard/2189f.jpg,SEASON_c6f069a4b6c7f3175911,79,48,69
2189,2003,이진영,Hitter,Train,BatterMental,https://img.inven.co.kr/image/site_image/bm/dataninfo/playercard/2189f.jpg,SEASON_c6f069a4b6c7f3175911,73,80,72
2191,2005,이진영,Hitter,Train,Cost,https://img.inven.co.kr/image/site_image/bm/dataninfo/playercard/2191f.jpg,SEASON_ba82f3d676db0585f1d2,9,8,8
2191,2005,이진영,Hitter,Train,Contact,https://img.inven.co.kr/image/site_image/bm/dataninfo/playercard/2191f.jpg,SEASON_ba82f3d676db0585f1d2,75,64,73
2191,2005,이진영,Hitter,Train,Power,https://img.inven.co.kr/image/site_image/bm/dataninfo/playercard/2191f.jpg,SEASON_ba82f3d676db0585f1d2,77,74,79
2191,2005,이진영,Hitter,Train,Speed,https://img.inven.co.kr/image/site_image/bm/dataninfo/playercard/2191f.jpg,SEASON_ba82f3d676db0585f1d2,64,58,64
2191,2005,이진영,Hitter,Train,Defense,https://img.inven.co.kr/image/site_image/bm/dataninfo/playercard/2191f.jpg,SEASON_ba82f3d676db0585f1d2,79,54,72
2191,2005,이진영,Hitter,Train,BatterMental,https://img.inven.co.kr/image/site_image/bm/dataninfo/playercard/2191f.jpg,SEASON_ba82f3d676db0585f1d2,76,70,68
3659,2009,이택근,Hitter,Validation,Cost,https://img.inven.co.kr/image/site_image/bm/dataninfo/playercard/3659f.jpg,SEASON_6fdb1d8047cf32ac6821,9,8,8
3659,2009,이택근,Hitter,Validation,Contact,https://img.inven.co.kr/image/site_image/bm/dataninfo/playercard/3659f.jpg,SEASON_6fdb1d8047cf32ac6821,77,66,74
3659,2009,이택근,Hitter,Validation,Power,https://img.inven.co.kr/image/site_image/bm/dataninfo/playercard/3659f.jpg,SEASON_6fdb1d8047cf32ac6821,71,59,69
3659,2009,이택근,Hitter,Validation,Speed,https://img.inven.co.kr/image/site_image/bm/dataninfo/playercard/3659f.jpg,SEASON_6fdb1d8047cf32ac6821,79,83,79
3659,2009,이택근,Hitter,Validation,Defense,https://img.inven.co.kr/image/site_image/bm/dataninfo/playercard/3659f.jpg,SEASON_6fdb1d8047cf32ac6821,69,52,72
3659,2009,이택근,Hitter,Validation,BatterMental,https://img.inven.co.kr/image/site_image/bm/dataninfo/playercard/3659f.jpg,SEASON_6fdb1d8047cf32ac6821,76,74,69
3021,2008,클락,Hitter,Validation,Cost,https://img.inven.co.kr/image/site_image/bm/dataninfo/playercard/3021f.jpg,SEASON_cdd9a9a84269b9314227,9,8,8
3021,2008,클락,Hitter,Validation,Contact,https://img.inven.co.kr/image/site_image/bm/dataninfo/playercard/3021f.jpg,SEASON_cdd9a9a84269b9314227,61,42,58
3021,2008,클락,Hitter,Validation,Power,https://img.inven.co.kr/image/site_image/bm/dataninfo/playercard/3021f.jpg,SEASON_cdd9a9a84269b9314227,78,83,86
3021,2008,클락,Hitter,Validation,Speed,https://img.inven.co.kr/image/site_image/bm/dataninfo/playercard/3021f.jpg,SEASON_cdd9a9a84269b9314227,80,71,72
3021,2008,클락,Hitter,Validation,Defense,https://img.inven.co.kr/image/site_image/bm/dataninfo/playercard/3021f.jpg,SEASON_cdd9a9a84269b9314227,76,53,72
3021,2008,클락,Hitter,Validation,BatterMental,https://img.inven.co.kr/image/site_image/bm/dataninfo/playercard/3021f.jpg,SEASON_cdd9a9a84269b9314227,79,57,62
3264,2009,강동우,Hitter,Holdout,Cost,https://img.inven.co.kr/image/site_image/bm/dataninfo/playercard/3264f.jpg,SEASON_ec4c89c621840c4a5f79,10,8,8
3264,2009,강동우,Hitter,Holdout,Contact,https://img.inven.co.kr/image/site_image/bm/dataninfo/playercard/3264f.jpg,SEASON_ec4c89c621840c4a5f79,80,63,72
3264,2009,강동우,Hitter,Holdout,Power,https://img.inven.co.kr/image/site_image/bm/dataninfo/playercard/3264f.jpg,SEASON_ec4c89c621840c4a5f79,69,50,64
3264,2009,강동우,Hitter,Holdout,Speed,https://img.inven.co.kr/image/site_image/bm/dataninfo/playercard/3264f.jpg,SEASON_ec4c89c621840c4a5f79,79,71,71
3264,2009,강동우,Hitter,Holdout,Defense,https://img.inven.co.kr/image/site_image/bm/dataninfo/playercard/3264f.jpg,SEASON_ec4c89c621840c4a5f79,79,56,74
3264,2009,강동우,Hitter,Holdout,BatterMental,https://img.inven.co.kr/image/site_image/bm/dataninfo/playercard/3264f.jpg,SEASON_ec4c89c621840c4a5f79,75,68,67
838,2001,데이비스,Hitter,Validation,Cost,https://img.inven.co.kr/image/site_image/bm/dataninfo/playercard/838f.jpg,SEASON_8ba2890d0178b0a59066,10,10,10
838,2001,데이비스,Hitter,Validation,Contact,https://img.inven.co.kr/image/site_image/bm/dataninfo/playercard/838f.jpg,SEASON_8ba2890d0178b0a59066,81,77,82
838,2001,데이비스,Hitter,Validation,Power,https://img.inven.co.kr/image/site_image/bm/dataninfo/playercard/838f.jpg,SEASON_8ba2890d0178b0a59066,80,84,86
838,2001,데이비스,Hitter,Validation,Speed,https://img.inven.co.kr/image/site_image/bm/dataninfo/playercard/838f.jpg,SEASON_8ba2890d0178b0a59066,72,66,69
838,2001,데이비스,Hitter,Validation,Defense,https://img.inven.co.kr/image/site_image/bm/dataninfo/playercard/838f.jpg,SEASON_8ba2890d0178b0a59066,77,51,71
838,2001,데이비스,Hitter,Validation,BatterMental,https://img.inven.co.kr/image/site_image/bm/dataninfo/playercard/838f.jpg,SEASON_8ba2890d0178b0a59066,78,76,70
841,2005,데이비스,Hitter,Validation,Cost,https://img.inven.co.kr/image/site_image/bm/dataninfo/playercard/841f.jpg,SEASON_c6310b6718412444a86a,10,10,10
841,2005,데이비스,Hitter,Validation,Contact,https://img.inven.co.kr/image/site_image/bm/dataninfo/playercard/841f.jpg,SEASON_c6310b6718412444a86a,81,79,83
841,2005,데이비스,Hitter,Validation,Power,https://img.inven.co.kr/image/site_image/bm/dataninfo/playercard/841f.jpg,SEASON_c6310b6718412444a86a,80,86,88
841,2005,데이비스,Hitter,Validation,Speed,https://img.inven.co.kr/image/site_image/bm/dataninfo/playercard/841f.jpg,SEASON_c6310b6718412444a86a,64,57,63
841,2005,데이비스,Hitter,Validation,Defense,https://img.inven.co.kr/image/site_image/bm/dataninfo/playercard/841f.jpg,SEASON_c6310b6718412444a86a,72,53,72
841,2005,데이비스,Hitter,Validation,BatterMental,https://img.inven.co.kr/image/site_image/bm/dataninfo/playercard/841f.jpg,SEASON_c6310b6718412444a86a,81,83,73
1087,2006,박용택,Hitter,Train,Cost,https://img.inven.co.kr/image/site_image/bm/dataninfo/playercard/1087f.jpg,SEASON_2ea439e6894b4a03fb89,10,10,10
1087,2006,박용택,Hitter,Train,Contact,https://img.inven.co.kr/image/site_image/bm/dataninfo/playercard/1087f.jpg,SEASON_2ea439e6894b4a03fb89,79,70,77
1087,2006,박용택,Hitter,Train,Power,https://img.inven.co.kr/image/site_image/bm/dataninfo/playercard/1087f.jpg,SEASON_2ea439e6894b4a03fb89,73,78,82
1087,2006,박용택,Hitter,Train,Speed,https://img.inven.co.kr/image/site_image/bm/dataninfo/playercard/1087f.jpg,SEASON_2ea439e6894b4a03fb89,81,76,74
1087,2006,박용택,Hitter,Train,Defense,https://img.inven.co.kr/image/site_image/bm/dataninfo/playercard/1087f.jpg,SEASON_2ea439e6894b4a03fb89,73,57,74
1087,2006,박용택,Hitter,Train,BatterMental,https://img.inven.co.kr/image/site_image/bm/dataninfo/playercard/1087f.jpg,SEASON_2ea439e6894b4a03fb89,76,71,68
1107,2006,박재홍,Hitter,Validation,Cost,https://img.inven.co.kr/image/site_image/bm/dataninfo/playercard/1107f.jpg,SEASON_5cb5b9493464cbe86e61,10,8,8
1107,2006,박재홍,Hitter,Validation,Contact,https://img.inven.co.kr/image/site_image/bm/dataninfo/playercard/1107f.jpg,SEASON_5cb5b9493464cbe86e61,66,53,66
1107,2006,박재홍,Hitter,Validation,Power,https://img.inven.co.kr/image/site_image/bm/dataninfo/playercard/1107f.jpg,SEASON_5cb5b9493464cbe86e61,74,77,82
1107,2006,박재홍,Hitter,Validation,Speed,https://img.inven.co.kr/image/site_image/bm/dataninfo/playercard/1107f.jpg,SEASON_5cb5b9493464cbe86e61,78,75,74
1107,2006,박재홍,Hitter,Validation,Defense,https://img.inven.co.kr/image/site_image/bm/dataninfo/playercard/1107f.jpg,SEASON_5cb5b9493464cbe86e61,76,53,72
1107,2006,박재홍,Hitter,Validation,BatterMental,https://img.inven.co.kr/image/site_image/bm/dataninfo/playercard/1107f.jpg,SEASON_5cb5b9493464cbe86e61,79,65,66
1413,2000,송지만,Hitter,Validation,Cost,https://img.inven.co.kr/image/site_image/bm/dataninfo/playercard/1413f.jpg,SEASON_2473821c363862cacbd1,10,10,10
1413,2000,송지만,Hitter,Validation,Contact,https://img.inven.co.kr/image/site_image/bm/dataninfo/playercard/1413f.jpg,SEASON_2473821c363862cacbd1,81,79,83
1413,2000,송지만,Hitter,Validation,Power,https://img.inven.co.kr/image/site_image/bm/dataninfo/playercard/1413f.jpg,SEASON_2473821c363862cacbd1,82,86,88
1413,2000,송지만,Hitter,Validation,Speed,https://img.inven.co.kr/image/site_image/bm/dataninfo/playercard/1413f.jpg,SEASON_2473821c363862cacbd1,78,55,55
1413,2000,송지만,Hitter,Validation,Defense,https://img.inven.co.kr/image/site_image/bm/dataninfo/playercard/1413f.jpg,SEASON_2473821c363862cacbd1,79,55,55
1413,2000,송지만,Hitter,Validation,BatterMental,https://img.inven.co.kr/image/site_image/bm/dataninfo/playercard/1413f.jpg,SEASON_2473821c363862cacbd1,81,80,72
1415,2002,송지만,Hitter,Validation,Cost,https://img.inven.co.kr/image/site_image/bm/dataninfo/playercard/1415f.jpg,SEASON_ae2204932fd7a2ada6f5,10,10,10
1415,2002,송지만,Hitter,Validation,Contact,https://img.inven.co.kr/image/site_image/bm/dataninfo/playercard/1415f.jpg,SEASON_ae2204932fd7a2ada6f5,74,63,72
1415,2002,송지만,Hitter,Validation,Power,https://img.inven.co.kr/image/site_image/bm/dataninfo/playercard/1415f.jpg,SEASON_ae2204932fd7a2ada6f5,84,90,91
1415,2002,송지만,Hitter,Validation,Speed,https://img.inven.co.kr/image/site_image/bm/dataninfo/playercard/1415f.jpg,SEASON_ae2204932fd7a2ada6f5,65,57,63
1415,2002,송지만,Hitter,Validation,Defense,https://img.inven.co.kr/image/site_image/bm/dataninfo/playercard/1415f.jpg,SEASON_ae2204932fd7a2ada6f5,80,54,72
1415,2002,송지만,Hitter,Validation,BatterMental,https://img.inven.co.kr/image/site_image/bm/dataninfo/playercard/1415f.jpg,SEASON_ae2204932fd7a2ada6f5,82,71,68
1533,2001,심재학,Hitter,Train,Cost,https://img.inven.co.kr/image/site_image/bm/dataninfo/playercard/1533f.jpg,SEASON_69a529483fca15cad7fd,10,8,8
1533,2001,심재학,Hitter,Train,Contact,https://img.inven.co.kr/image/site_image/bm/dataninfo/playercard/1533f.jpg,SEASON_69a529483fca15cad7fd,84,78,82
1533,2001,심재학,Hitter,Train,Power,https://img.inven.co.kr/image/site_image/bm/dataninfo/playercard/1533f.jpg,SEASON_69a529483fca15cad7fd,80,79,83
1533,2001,심재학,Hitter,Train,Speed,https://img.inven.co.kr/image/site_image/bm/dataninfo/playercard/1533f.jpg,SEASON_69a529483fca15cad7fd,67,56,62
1533,2001,심재학,Hitter,Train,Defense,https://img.inven.co.kr/image/site_image/bm/dataninfo/playercard/1533f.jpg,SEASON_69a529483fca15cad7fd,80,46,68
1533,2001,심재학,Hitter,Train,BatterMental,https://img.inven.co.kr/image/site_image/bm/dataninfo/playercard/1533f.jpg,SEASON_69a529483fca15cad7fd,83,90,76
1543,2002,심정수,Hitter,Train,Cost,https://img.inven.co.kr/image/site_image/bm/dataninfo/playercard/1543f.jpg,SEASON_73a04756f9800d3ea387,10,10,10
1543,2002,심정수,Hitter,Train,Contact,https://img.inven.co.kr/image/site_image/bm/dataninfo/playercard/1543f.jpg,SEASON_73a04756f9800d3ea387,80,76,81
1543,2002,심정수,Hitter,Train,Power,https://img.inven.co.kr/image/site_image/bm/dataninfo/playercard/1543f.jpg,SEASON_73a04756f9800d3ea387,86,98,96
1543,2002,심정수,Hitter,Train,Speed,https://img.inven.co.kr/image/site_image/bm/dataninfo/playercard/1543f.jpg,SEASON_73a04756f9800d3ea387,60,48,58
1543,2002,심정수,Hitter,Train,Defense,https://img.inven.co.kr/image/site_image/bm/dataninfo/playercard/1543f.jpg,SEASON_73a04756f9800d3ea387,80,64,78
1543,2002,심정수,Hitter,Train,BatterMental,https://img.inven.co.kr/image/site_image/bm/dataninfo/playercard/1543f.jpg,SEASON_73a04756f9800d3ea387,84,81,72
1548,2007,심정수,Hitter,Train,Cost,https://img.inven.co.kr/image/site_image/bm/dataninfo/playercard/1548f.jpg,SEASON_d26be21efe6c56ecb444,10,8,8
1548,2007,심정수,Hitter,Train,Contact,https://img.inven.co.kr/image/site_image/bm/dataninfo/playercard/1548f.jpg,SEASON_d26be21efe6c56ecb444,63,49,63
1548,2007,심정수,Hitter,Train,Power,https://img.inven.co.kr/image/site_image/bm/dataninfo/playercard/1548f.jpg,SEASON_d26be21efe6c56ecb444,81,89,89
1548,2007,심정수,Hitter,Train,Speed,https://img.inven.co.kr/image/site_image/bm/dataninfo/playercard/1548f.jpg,SEASON_d26be21efe6c56ecb444,68,56,62
1548,2007,심정수,Hitter,Train,Defense,https://img.inven.co.kr/image/site_image/bm/dataninfo/playercard/1548f.jpg,SEASON_d26be21efe6c56ecb444,78,61,77
1548,2007,심정수,Hitter,Train,BatterMental,https://img.inven.co.kr/image/site_image/bm/dataninfo/playercard/1548f.jpg,SEASON_d26be21efe6c56ecb444,82,67,67
3291,2009,구톰슨,Pitcher,Train,Cost,https://img.inven.co.kr/image/site_image/bm/dataninfo/playercard/3291f.jpg,SEASON_ada614da6d12b912b4ee,9,9,9
3291,2009,구톰슨,Pitcher,Train,Stamina,https://img.inven.co.kr/image/site_image/bm/dataninfo/playercard/3291f.jpg,SEASON_ada614da6d12b912b4ee,80,53,53
3291,2009,구톰슨,Pitcher,Train,Velocity,https://img.inven.co.kr/image/site_image/bm/dataninfo/playercard/3291f.jpg,SEASON_ada614da6d12b912b4ee,70,55,55
3291,2009,구톰슨,Pitcher,Train,Stuff,https://img.inven.co.kr/image/site_image/bm/dataninfo/playercard/3291f.jpg,SEASON_ada614da6d12b912b4ee,70,70,84
3291,2009,구톰슨,Pitcher,Train,Breaking,https://img.inven.co.kr/image/site_image/bm/dataninfo/playercard/3291f.jpg,SEASON_ada614da6d12b912b4ee,87,68,84
3291,2009,구톰슨,Pitcher,Train,Control,https://img.inven.co.kr/image/site_image/bm/dataninfo/playercard/3291f.jpg,SEASON_ada614da6d12b912b4ee,72,72,83
3291,2009,구톰슨,Pitcher,Train,PitcherMental,https://img.inven.co.kr/image/site_image/bm/dataninfo/playercard/3291f.jpg,SEASON_ada614da6d12b912b4ee,77,68,80
218,2006,그레이싱어,Pitcher,Train,Cost,https://img.inven.co.kr/image/site_image/bm/dataninfo/playercard/218f.jpg,SEASON_b3b5a484f7aefde708de,9,9,9
218,2006,그레이싱어,Pitcher,Train,Stamina,https://img.inven.co.kr/image/site_image/bm/dataninfo/playercard/218f.jpg,SEASON_b3b5a484f7aefde708de,85,58,58
218,2006,그레이싱어,Pitcher,Train,Velocity,https://img.inven.co.kr/image/site_image/bm/dataninfo/playercard/218f.jpg,SEASON_b3b5a484f7aefde708de,68,55,55
218,2006,그레이싱어,Pitcher,Train,Stuff,https://img.inven.co.kr/image/site_image/bm/dataninfo/playercard/218f.jpg,SEASON_b3b5a484f7aefde708de,83,63,77
218,2006,그레이싱어,Pitcher,Train,Breaking,https://img.inven.co.kr/image/site_image/bm/dataninfo/playercard/218f.jpg,SEASON_b3b5a484f7aefde708de,84,62,78
218,2006,그레이싱어,Pitcher,Train,Control,https://img.inven.co.kr/image/site_image/bm/dataninfo/playercard/218f.jpg,SEASON_b3b5a484f7aefde708de,78,70,82
218,2006,그레이싱어,Pitcher,Train,PitcherMental,https://img.inven.co.kr/image/site_image/bm/dataninfo/playercard/218f.jpg,SEASON_b3b5a484f7aefde708de,67,62,74
3301,2009,글로버,Pitcher,Holdout,Cost,https://img.inven.co.kr/image/site_image/bm/dataninfo/playercard/3301f.jpg,SEASON_cf286b89a58cc1728796,9,8,8
3301,2009,글로버,Pitcher,Holdout,Stamina,https://img.inven.co.kr/image/site_image/bm/dataninfo/playercard/3301f.jpg,SEASON_cf286b89a58cc1728796,78,44,44
3301,2009,글로버,Pitcher,Holdout,Velocity,https://img.inven.co.kr/image/site_image/bm/dataninfo/playercard/3301f.jpg,SEASON_cf286b89a58cc1728796,72,55,55
3301,2009,글로버,Pitcher,Holdout,Stuff,https://img.inven.co.kr/image/site_image/bm/dataninfo/playercard/3301f.jpg,SEASON_cf286b89a58cc1728796,77,78,92
3301,2009,글로버,Pitcher,Holdout,Breaking,https://img.inven.co.kr/image/site_image/bm/dataninfo/playercard/3301f.jpg,SEASON_cf286b89a58cc1728796,87,74,90
3301,2009,글로버,Pitcher,Holdout,Control,https://img.inven.co.kr/image/site_image/bm/dataninfo/playercard/3301f.jpg,SEASON_cf286b89a58cc1728796,70,72,83
3301,2009,글로버,Pitcher,Holdout,PitcherMental,https://img.inven.co.kr/image/site_image/bm/dataninfo/playercard/3301f.jpg,SEASON_cf286b89a58cc1728796,74,74,86
683,2003,김진우,Pitcher,Train,Cost,https://img.inven.co.kr/image/site_image/bm/dataninfo/playercard/683f.jpg,SEASON_46d6ba4153e678f9c23f,9,8,8
683,2003,김진우,Pitcher,Train,Stamina,https://img.inven.co.kr/image/site_image/bm/dataninfo/playercard/683f.jpg,SEASON_46d6ba4153e678f9c23f,87,55,55
683,2003,김진우,Pitcher,Train,Velocity,https://img.inven.co.kr/image/site_image/bm/dataninfo/playercard/683f.jpg,SEASON_46d6ba4153e678f9c23f,67,55,55
683,2003,김진우,Pitcher,Train,Stuff,https://img.inven.co.kr/image/site_image/bm/dataninfo/playercard/683f.jpg,SEASON_46d6ba4153e678f9c23f,82,65,79
683,2003,김진우,Pitcher,Train,Breaking,https://img.inven.co.kr/image/site_image/bm/dataninfo/playercard/683f.jpg,SEASON_46d6ba4153e678f9c23f,74,64,80
683,2003,김진우,Pitcher,Train,Control,https://img.inven.co.kr/image/site_image/bm/dataninfo/playercard/683f.jpg,SEASON_46d6ba4153e678f9c23f,82,55,77
683,2003,김진우,Pitcher,Train,PitcherMental,https://img.inven.co.kr/image/site_image/bm/dataninfo/playercard/683f.jpg,SEASON_46d6ba4153e678f9c23f,76,64,76
856,2006,랜들,Pitcher,Validation,Cost,https://img.inven.co.kr/image/site_image/bm/dataninfo/playercard/856f.jpg,SEASON_afc9a1e2404b42a8f22d,9,9,9
856,2006,랜들,Pitcher,Validation,Stamina,https://img.inven.co.kr/image/site_image/bm/dataninfo/playercard/856f.jpg,SEASON_afc9a1e2404b42a8f22d,84,59,59
856,2006,랜들,Pitcher,Validation,Velocity,https://img.inven.co.kr/image/site_image/bm/dataninfo/playercard/856f.jpg,SEASON_afc9a1e2404b42a8f22d,67,55,55
856,2006,랜들,Pitcher,Validation,Stuff,https://img.inven.co.kr/image/site_image/bm/dataninfo/playercard/856f.jpg,SEASON_afc9a1e2404b42a8f22d,84,64,78
856,2006,랜들,Pitcher,Validation,Breaking,https://img.inven.co.kr/image/site_image/bm/dataninfo/playercard/856f.jpg,SEASON_afc9a1e2404b42a8f22d,83,63,79
856,2006,랜들,Pitcher,Validation,Control,https://img.inven.co.kr/image/site_image/bm/dataninfo/playercard/856f.jpg,SEASON_afc9a1e2404b42a8f22d,80,63,80
856,2006,랜들,Pitcher,Validation,PitcherMental,https://img.inven.co.kr/image/site_image/bm/dataninfo/playercard/856f.jpg,SEASON_afc9a1e2404b42a8f22d,72,63,75
857,2007,랜들,Pitcher,Validation,Cost,https://img.inven.co.kr/image/site_image/bm/dataninfo/playercard/857f.jpg,SEASON_49b98a69f28874e73081,9,8,8
857,2007,랜들,Pitcher,Validation,Stamina,https://img.inven.co.kr/image/site_image/bm/dataninfo/playercard/857f.jpg,SEASON_49b98a69f28874e73081,81,54,54
857,2007,랜들,Pitcher,Validation,Velocity,https://img.inven.co.kr/image/site_image/bm/dataninfo/playercard/857f.jpg,SEASON_49b98a69f28874e73081,67,55,55
857,2007,랜들,Pitcher,Validation,Stuff,https://img.inven.co.kr/image/site_image/bm/dataninfo/playercard/857f.jpg,SEASON_49b98a69f28874e73081,80,65,79
857,2007,랜들,Pitcher,Validation,Breaking,https://img.inven.co.kr/image/site_image/bm/dataninfo/playercard/857f.jpg,SEASON_49b98a69f28874e73081,78,63,79
857,2007,랜들,Pitcher,Validation,Control,https://img.inven.co.kr/image/site_image/bm/dataninfo/playercard/857f.jpg,SEASON_49b98a69f28874e73081,77,63,80
857,2007,랜들,Pitcher,Validation,PitcherMental,https://img.inven.co.kr/image/site_image/bm/dataninfo/playercard/857f.jpg,SEASON_49b98a69f28874e73081,76,63,75
862,2004,레스,Pitcher,Train,Cost,https://img.inven.co.kr/image/site_image/bm/dataninfo/playercard/862f.jpg,SEASON_b5b51cde5a0ec9933843,9,10,10
862,2004,레스,Pitcher,Train,Stamina,https://img.inven.co.kr/image/site_image/bm/dataninfo/playercard/862f.jpg,SEASON_b5b51cde5a0ec9933843,86,60,60
862,2004,레스,Pitcher,Train,Velocity,https://img.inven.co.kr/image/site_image/bm/dataninfo/playercard/862f.jpg,SEASON_b5b51cde5a0ec9933843,52,55,55
862,2004,레스,Pitcher,Train,Stuff,https://img.inven.co.kr/image/site_image/bm/dataninfo/playercard/862f.jpg,SEASON_b5b51cde5a0ec9933843,82,74,88
862,2004,레스,Pitcher,Train,Breaking,https://img.inven.co.kr/image/site_image/bm/dataninfo/playercard/862f.jpg,SEASON_b5b51cde5a0ec9933843,79,71,87
862,2004,레스,Pitcher,Train,Control,https://img.inven.co.kr/image/site_image/bm/dataninfo/playercard/862f.jpg,SEASON_b5b51cde5a0ec9933843,84,70,82
862,2004,레스,Pitcher,Train,PitcherMental,https://img.inven.co.kr/image/site_image/bm/dataninfo/playercard/862f.jpg,SEASON_b5b51cde5a0ec9933843,79,71,83
886,2008,류현진,Pitcher,Train,Cost,https://img.inven.co.kr/image/site_image/bm/dataninfo/playercard/886f.jpg,SEASON_26fe4e6c860818bc9bc8,9,8,8
886,2008,류현진,Pitcher,Train,Stamina,https://img.inven.co.kr/image/site_image/bm/dataninfo/playercard/886f.jpg,SEASON_26fe4e6c860818bc9bc8,84,54,54
886,2008,류현진,Pitcher,Train,Velocity,https://img.inven.co.kr/image/site_image/bm/dataninfo/playercard/886f.jpg,SEASON_26fe4e6c860818bc9bc8,80,55,55
886,2008,류현진,Pitcher,Train,Stuff,https://img.inven.co.kr/image/site_image/bm/dataninfo/playercard/886f.jpg,SEASON_26fe4e6c860818bc9bc8,82,62,76
886,2008,류현진,Pitcher,Train,Breaking,https://img.inven.co.kr/image/site_image/bm/dataninfo/playercard/886f.jpg,SEASON_26fe4e6c860818bc9bc8,78,61,77
886,2008,류현진,Pitcher,Train,Control,https://img.inven.co.kr/image/site_image/bm/dataninfo/playercard/886f.jpg,SEASON_26fe4e6c860818bc9bc8,78,52,76
886,2008,류현진,Pitcher,Train,PitcherMental,https://img.inven.co.kr/image/site_image/bm/dataninfo/playercard/886f.jpg,SEASON_26fe4e6c860818bc9bc8,71,61,73
1034,2004,박명환,Pitcher,Train,Cost,https://img.inven.co.kr/image/site_image/bm/dataninfo/playercard/1034f.jpg,SEASON_38291e56cf170e92413c,9,9,9
1034,2004,박명환,Pitcher,Train,Stamina,https://img.inven.co.kr/image/site_image/bm/dataninfo/playercard/1034f.jpg,SEASON_38291e56cf170e92413c,78,53,53
1034,2004,박명환,Pitcher,Train,Velocity,https://img.inven.co.kr/image/site_image/bm/dataninfo/playercard/1034f.jpg,SEASON_38291e56cf170e92413c,75,55,55
1034,2004,박명환,Pitcher,Train,Stuff,https://img.inven.co.kr/image/site_image/bm/dataninfo/playercard/1034f.jpg,SEASON_38291e56cf170e92413c,90,73,87
1034,2004,박명환,Pitcher,Train,Breaking,https://img.inven.co.kr/image/site_image/bm/dataninfo/playercard/1034f.jpg,SEASON_38291e56cf170e92413c,79,70,86
1034,2004,박명환,Pitcher,Train,Control,https://img.inven.co.kr/image/site_image/bm/dataninfo/playercard/1034f.jpg,SEASON_38291e56cf170e92413c,85,62,79
1034,2004,박명환,Pitcher,Train,PitcherMental,https://img.inven.co.kr/image/site_image/bm/dataninfo/playercard/1034f.jpg,SEASON_38291e56cf170e92413c,82,70,82
1228,2005,배영수,Pitcher,Train,Cost,https://img.inven.co.kr/image/site_image/bm/dataninfo/playercard/1228f.jpg,SEASON_d52b5aab917ea9649a78,9,9,9
1228,2005,배영수,Pitcher,Train,Stamina,https://img.inven.co.kr/image/site_image/bm/dataninfo/playercard/1228f.jpg,SEASON_d52b5aab917ea9649a78,79,55,55
1228,2005,배영수,Pitcher,Train,Velocity,https://img.inven.co.kr/image/site_image/bm/dataninfo/playercard/1228f.jpg,SEASON_d52b5aab917ea9649a78,69,55,55
1228,2005,배영수,Pitcher,Train,Stuff,https://img.inven.co.kr/image/site_image/bm/dataninfo/playercard/1228f.jpg,SEASON_d52b5aab917ea9649a78,83,71,85
1228,2005,배영수,Pitcher,Train,Breaking,https://img.inven.co.kr/image/site_image/bm/dataninfo/playercard/1228f.jpg,SEASON_d52b5aab917ea9649a78,77,68,84
1228,2005,배영수,Pitcher,Train,Control,https://img.inven.co.kr/image/site_image/bm/dataninfo/playercard/1228f.jpg,SEASON_d52b5aab917ea9649a78,83,67,81
1228,2005,배영수,Pitcher,Train,PitcherMental,https://img.inven.co.kr/image/site_image/bm/dataninfo/playercard/1228f.jpg,SEASON_d52b5aab917ea9649a78,79,68,80
3484,2009,봉중근,Pitcher,Train,Cost,https://img.inven.co.kr/image/site_image/bm/dataninfo/playercard/3484f.jpg,SEASON_8c0f74045116cf9d0bee,9,9,9
3484,2009,봉중근,Pitcher,Train,Stamina,https://img.inven.co.kr/image/site_image/bm/dataninfo/playercard/3484f.jpg,SEASON_8c0f74045116cf9d0bee,81,55,55
3484,2009,봉중근,Pitcher,Train,Velocity,https://img.inven.co.kr/image/site_image/bm/dataninfo/playercard/3484f.jpg,SEASON_8c0f74045116cf9d0bee,72,55,55
3484,2009,봉중근,Pitcher,Train,Stuff,https://img.inven.co.kr/image/site_image/bm/dataninfo/playercard/3484f.jpg,SEASON_8c0f74045116cf9d0bee,79,70,84
3484,2009,봉중근,Pitcher,Train,Breaking,https://img.inven.co.kr/image/site_image/bm/dataninfo/playercard/3484f.jpg,SEASON_8c0f74045116cf9d0bee,83,68,84
3484,2009,봉중근,Pitcher,Train,Control,https://img.inven.co.kr/image/site_image/bm/dataninfo/playercard/3484f.jpg,SEASON_8c0f74045116cf9d0bee,74,67,81
3484,2009,봉중근,Pitcher,Train,PitcherMental,https://img.inven.co.kr/image/site_image/bm/dataninfo/playercard/3484f.jpg,SEASON_8c0f74045116cf9d0bee,74,68,80
1334,2001,손민한,Pitcher,Train,Cost,https://img.inven.co.kr/image/site_image/bm/dataninfo/playercard/1334f.jpg,SEASON_d75d0856a09738d910b6,9,8,8
1334,2001,손민한,Pitcher,Train,Stamina,https://img.inven.co.kr/image/site_image/bm/dataninfo/playercard/1334f.jpg,SEASON_d75d0856a09738d910b6,81,55,55
1334,2001,손민한,Pitcher,Train,Velocity,https://img.inven.co.kr/image/site_image/bm/dataninfo/playercard/1334f.jpg,SEASON_d75d0856a09738d910b6,64,55,55
1334,2001,손민한,Pitcher,Train,Stuff,https://img.inven.co.kr/image/site_image/bm/dataninfo/playercard/1334f.jpg,SEASON_d75d0856a09738d910b6,82,61,75
1334,2001,손민한,Pitcher,Train,Breaking,https://img.inven.co.kr/image/site_image/bm/dataninfo/playercard/1334f.jpg,SEASON_d75d0856a09738d910b6,79,60,76
1334,2001,손민한,Pitcher,Train,Control,https://img.inven.co.kr/image/site_image/bm/dataninfo/playercard/1334f.jpg,SEASON_d75d0856a09738d910b6,82,60,79
1334,2001,손민한,Pitcher,Train,PitcherMental,https://img.inven.co.kr/image/site_image/bm/dataninfo/playercard/1334f.jpg,SEASON_d75d0856a09738d910b6,70,60,72
1340,2007,손민한,Pitcher,Train,Cost,https://img.inven.co.kr/image/site_image/bm/dataninfo/playercard/1340f.jpg,SEASON_04ceca8b3c781a3dc8d2,9,9,9
1340,2007,손민한,Pitcher,Train,Stamina,https://img.inven.co.kr/image/site_image/bm/dataninfo/playercard/1340f.jpg,SEASON_04ceca8b3c781a3dc8d2,85,59,59
1340,2007,손민한,Pitcher,Train,Velocity,https://img.inven.co.kr/image/site_image/bm/dataninfo/playercard/1340f.jpg,SEASON_04ceca8b3c781a3dc8d2,65,55,55
1340,2007,손민한,Pitcher,Train,Stuff,https://img.inven.co.kr/image/site_image/bm/dataninfo/playercard/1340f.jpg,SEASON_04ceca8b3c781a3dc8d2,72,62,76
1340,2007,손민한,Pitcher,Train,Breaking,https://img.inven.co.kr/image/site_image/bm/dataninfo/playercard/1340f.jpg,SEASON_04ceca8b3c781a3dc8d2,81,61,77
1340,2007,손민한,Pitcher,Train,Control,https://img.inven.co.kr/image/site_image/bm/dataninfo/playercard/1340f.jpg,SEASON_04ceca8b3c781a3dc8d2,87,79,85
1340,2007,손민한,Pitcher,Train,PitcherMental,https://img.inven.co.kr/image/site_image/bm/dataninfo/playercard/1340f.jpg,SEASON_04ceca8b3c781a3dc8d2,80,61,73
3508,2009,송은범,Pitcher,Train,Cost,https://img.inven.co.kr/image/site_image/bm/dataninfo/playercard/3508f.jpg,SEASON_1f834e4c9dd1c1e7b9b5,9,8,8
3508,2009,송은범,Pitcher,Train,Stamina,https://img.inven.co.kr/image/site_image/bm/dataninfo/playercard/3508f.jpg,SEASON_1f834e4c9dd1c1e7b9b5,67,51,51
3508,2009,송은범,Pitcher,Train,Velocity,https://img.inven.co.kr/image/site_image/bm/dataninfo/playercard/3508f.jpg,SEASON_1f834e4c9dd1c1e7b9b5,74,55,55
3508,2009,송은범,Pitcher,Train,Stuff,https://img.inven.co.kr/image/site_image/bm/dataninfo/playercard/3508f.jpg,SEASON_1f834e4c9dd1c1e7b9b5,76,71,85
3508,2009,송은범,Pitcher,Train,Breaking,https://img.inven.co.kr/image/site_image/bm/dataninfo/playercard/3508f.jpg,SEASON_1f834e4c9dd1c1e7b9b5,89,68,84
3508,2009,송은범,Pitcher,Train,Control,https://img.inven.co.kr/image/site_image/bm/dataninfo/playercard/3508f.jpg,SEASON_1f834e4c9dd1c1e7b9b5,77,67,81
3508,2009,송은범,Pitcher,Train,PitcherMental,https://img.inven.co.kr/image/site_image/bm/dataninfo/playercard/3508f.jpg,SEASON_1f834e4c9dd1c1e7b9b5,78,68,80
1653,2002,엘비라,Pitcher,Train,Cost,https://img.inven.co.kr/image/site_image/bm/dataninfo/playercard/1653f.jpg,SEASON_f64f954ceb5cca2f8c94,9,8,8
1653,2002,엘비라,Pitcher,Train,Stamina,https://img.inven.co.kr/image/site_image/bm/dataninfo/playercard/1653f.jpg,SEASON_f64f954ceb5cca2f8c94,78,49,49
1653,2002,엘비라,Pitcher,Train,Velocity,https://img.inven.co.kr/image/site_image/bm/dataninfo/playercard/1653f.jpg,SEASON_f64f954ceb5cca2f8c94,56,55,55
1653,2002,엘비라,Pitcher,Train,Stuff,https://img.inven.co.kr/image/site_image/bm/dataninfo/playercard/1653f.jpg,SEASON_f64f954ceb5cca2f8c94,82,76,90
1653,2002,엘비라,Pitcher,Train,Breaking,https://img.inven.co.kr/image/site_image/bm/dataninfo/playercard/1653f.jpg,SEASON_f64f954ceb5cca2f8c94,80,73,89
1653,2002,엘비라,Pitcher,Train,Control,https://img.inven.co.kr/image/site_image/bm/dataninfo/playercard/1653f.jpg,SEASON_f64f954ceb5cca2f8c94,81,47,74
1653,2002,엘비라,Pitcher,Train,PitcherMental,https://img.inven.co.kr/image/site_image/bm/dataninfo/playercard/1653f.jpg,SEASON_f64f954ceb5cca2f8c94,81,73,85
1805,2008,윤석민,Pitcher,Train,Cost,https://img.inven.co.kr/image/site_image/bm/dataninfo/playercard/1805f.jpg,SEASON_e8fda9ab2ca8578719c4,9,10,10
1805,2008,윤석민,Pitcher,Train,Stamina,https://img.inven.co.kr/image/site_image/bm/dataninfo/playercard/1805f.jpg,SEASON_e8fda9ab2ca8578719c4,79,52,52
1805,2008,윤석민,Pitcher,Train,Velocity,https://img.inven.co.kr/image/site_image/bm/dataninfo/playercard/1805f.jpg,SEASON_e8fda9ab2ca8578719c4,74,55,55
1805,2008,윤석민,Pitcher,Train,Stuff,https://img.inven.co.kr/image/site_image/bm/dataninfo/playercard/1805f.jpg,SEASON_e8fda9ab2ca8578719c4,86,72,86
1805,2008,윤석민,Pitcher,Train,Breaking,https://img.inven.co.kr/image/site_image/bm/dataninfo/playercard/1805f.jpg,SEASON_e8fda9ab2ca8578719c4,80,69,85
1805,2008,윤석민,Pitcher,Train,Control,https://img.inven.co.kr/image/site_image/bm/dataninfo/playercard/1805f.jpg,SEASON_e8fda9ab2ca8578719c4,85,69,82
1805,2008,윤석민,Pitcher,Train,PitcherMental,https://img.inven.co.kr/image/site_image/bm/dataninfo/playercard/1805f.jpg,SEASON_e8fda9ab2ca8578719c4,80,69,81
2342,2008,장원삼,Pitcher,Train,Cost,https://img.inven.co.kr/image/site_image/bm/dataninfo/playercard/2342f.jpg,SEASON_0435b70dedca58347b61,9,9,9
2342,2008,장원삼,Pitcher,Train,Stamina,https://img.inven.co.kr/image/site_image/bm/dataninfo/playercard/2342f.jpg,SEASON_0435b70dedca58347b61,83,54,54
2342,2008,장원삼,Pitcher,Train,Velocity,https://img.inven.co.kr/image/site_image/bm/dataninfo/playercard/2342f.jpg,SEASON_0435b70dedca58347b61,62,55,55
2342,2008,장원삼,Pitcher,Train,Stuff,https://img.inven.co.kr/image/site_image/bm/dataninfo/playercard/2342f.jpg,SEASON_0435b70dedca58347b61,85,67,81
2342,2008,장원삼,Pitcher,Train,Breaking,https://img.inven.co.kr/image/site_image/bm/dataninfo/playercard/2342f.jpg,SEASON_0435b70dedca58347b61,81,65,81
2342,2008,장원삼,Pitcher,Train,Control,https://img.inven.co.kr/image/site_image/bm/dataninfo/playercard/2342f.jpg,SEASON_0435b70dedca58347b61,84,60,79
2342,2008,장원삼,Pitcher,Train,PitcherMental,https://img.inven.co.kr/image/site_image/bm/dataninfo/playercard/2342f.jpg,SEASON_0435b70dedca58347b61,77,65,77
2488,2007,정민철,Pitcher,Train,Cost,https://img.inven.co.kr/image/site_image/bm/dataninfo/playercard/2488f.jpg,SEASON_762f1459e4745d2e210a,9,9,9
2488,2007,정민철,Pitcher,Train,Stamina,https://img.inven.co.kr/image/site_image/bm/dataninfo/playercard/2488f.jpg,SEASON_762f1459e4745d2e210a,77,52,52
2488,2007,정민철,Pitcher,Train,Velocity,https://img.inven.co.kr/image/site_image/bm/dataninfo/playercard/2488f.jpg,SEASON_762f1459e4745d2e210a,65,55,55
2488,2007,정민철,Pitcher,Train,Stuff,https://img.inven.co.kr/image/site_image/bm/dataninfo/playercard/2488f.jpg,SEASON_762f1459e4745d2e210a,67,67,81
2488,2007,정민철,Pitcher,Train,Breaking,https://img.inven.co.kr/image/site_image/bm/dataninfo/playercard/2488f.jpg,SEASON_762f1459e4745d2e210a,82,65,81
2488,2007,정민철,Pitcher,Train,Control,https://img.inven.co.kr/image/site_image/bm/dataninfo/playercard/2488f.jpg,SEASON_762f1459e4745d2e210a,87,84,87
2488,2007,정민철,Pitcher,Train,PitcherMental,https://img.inven.co.kr/image/site_image/bm/dataninfo/playercard/2488f.jpg,SEASON_762f1459e4745d2e210a,78,65,77
2491,2003,정민태,Pitcher,Train,Cost,https://img.inven.co.kr/image/site_image/bm/dataninfo/playercard/2491f.jpg,SEASON_a7a443a313b8122dc26a,9,9,9
2491,2003,정민태,Pitcher,Train,Stamina,https://img.inven.co.kr/image/site_image/bm/dataninfo/playercard/2491f.jpg,SEASON_a7a443a313b8122dc26a,82,56,56
2491,2003,정민태,Pitcher,Train,Velocity,https://img.inven.co.kr/image/site_image/bm/dataninfo/playercard/2491f.jpg,SEASON_a7a443a313b8122dc26a,60,55,55
2491,2003,정민태,Pitcher,Train,Stuff,https://img.inven.co.kr/image/site_image/bm/dataninfo/playercard/2491f.jpg,SEASON_a7a443a313b8122dc26a,85,68,82
2491,2003,정민태,Pitcher,Train,Breaking,https://img.inven.co.kr/image/site_image/bm/dataninfo/playercard/2491f.jpg,SEASON_a7a443a313b8122dc26a,85,66,82
2491,2003,정민태,Pitcher,Train,Control,https://img.inven.co.kr/image/site_image/bm/dataninfo/playercard/2491f.jpg,SEASON_a7a443a313b8122dc26a,84,73,83
2491,2003,정민태,Pitcher,Train,PitcherMental,https://img.inven.co.kr/image/site_image/bm/dataninfo/playercard/2491f.jpg,SEASON_a7a443a313b8122dc26a,77,66,78
3743,2009,조정훈,Pitcher,Holdout,Cost,https://img.inven.co.kr/image/site_image/bm/dataninfo/playercard/3743f.jpg,SEASON_6fc5fbb01b24a01538da,9,9,9
3743,2009,조정훈,Pitcher,Holdout,Stamina,https://img.inven.co.kr/image/site_image/bm/dataninfo/playercard/3743f.jpg,SEASON_6fc5fbb01b24a01538da,85,57,57
3743,2009,조정훈,Pitcher,Holdout,Velocity,https://img.inven.co.kr/image/site_image/bm/dataninfo/playercard/3743f.jpg,SEASON_6fc5fbb01b24a01538da,72,55,55
3743,2009,조정훈,Pitcher,Holdout,Stuff,https://img.inven.co.kr/image/site_image/bm/dataninfo/playercard/3743f.jpg,SEASON_6fc5fbb01b24a01538da,75,63,77
3743,2009,조정훈,Pitcher,Holdout,Breaking,https://img.inven.co.kr/image/site_image/bm/dataninfo/playercard/3743f.jpg,SEASON_6fc5fbb01b24a01538da,86,62,78
3743,2009,조정훈,Pitcher,Holdout,Control,https://img.inven.co.kr/image/site_image/bm/dataninfo/playercard/3743f.jpg,SEASON_6fc5fbb01b24a01538da,79,73,83
3743,2009,조정훈,Pitcher,Holdout,PitcherMental,https://img.inven.co.kr/image/site_image/bm/dataninfo/playercard/3743f.jpg,SEASON_6fc5fbb01b24a01538da,73,62,74
2820,2008,채병용,Pitcher,Train,Cost,https://img.inven.co.kr/image/site_image/bm/dataninfo/playercard/2820f.jpg,SEASON_0682b78e9d70b023e0d3,9,8,8
2820,2008,채병용,Pitcher,Train,Stamina,https://img.inven.co.kr/image/site_image/bm/dataninfo/playercard/2820f.jpg,SEASON_0682b78e9d70b023e0d3,68,49,49
2820,2008,채병용,Pitcher,Train,Velocity,https://img.inven.co.kr/image/site_image/bm/dataninfo/playercard/2820f.jpg,SEASON_0682b78e9d70b023e0d3,62,55,55
2820,2008,채병용,Pitcher,Train,Stuff,https://img.inven.co.kr/image/site_image/bm/dataninfo/playercard/2820f.jpg,SEASON_0682b78e9d70b023e0d3,83,68,82
2820,2008,채병용,Pitcher,Train,Breaking,https://img.inven.co.kr/image/site_image/bm/dataninfo/playercard/2820f.jpg,SEASON_0682b78e9d70b023e0d3,83,66,82
2820,2008,채병용,Pitcher,Train,Control,https://img.inven.co.kr/image/site_image/bm/dataninfo/playercard/2820f.jpg,SEASON_0682b78e9d70b023e0d3,85,63,80
2820,2008,채병용,Pitcher,Train,PitcherMental,https://img.inven.co.kr/image/site_image/bm/dataninfo/playercard/2820f.jpg,SEASON_0682b78e9d70b023e0d3,78,66,78
3087,2000,해리거,Pitcher,Train,Cost,https://img.inven.co.kr/image/site_image/bm/dataninfo/playercard/3087f.jpg,SEASON_13182e6fd4cc9b2dd8e3,9,10,10
3087,2000,해리거,Pitcher,Train,Stamina,https://img.inven.co.kr/image/site_image/bm/dataninfo/playercard/3087f.jpg,SEASON_13182e6fd4cc9b2dd8e3,89,64,64
3087,2000,해리거,Pitcher,Train,Velocity,https://img.inven.co.kr/image/site_image/bm/dataninfo/playercard/3087f.jpg,SEASON_13182e6fd4cc9b2dd8e3,58,55,55
3087,2000,해리거,Pitcher,Train,Stuff,https://img.inven.co.kr/image/site_image/bm/dataninfo/playercard/3087f.jpg,SEASON_13182e6fd4cc9b2dd8e3,78,74,88
3087,2000,해리거,Pitcher,Train,Breaking,https://img.inven.co.kr/image/site_image/bm/dataninfo/playercard/3087f.jpg,SEASON_13182e6fd4cc9b2dd8e3,79,70,86
3087,2000,해리거,Pitcher,Train,Control,https://img.inven.co.kr/image/site_image/bm/dataninfo/playercard/3087f.jpg,SEASON_13182e6fd4cc9b2dd8e3,85,75,84
3087,2000,해리거,Pitcher,Train,PitcherMental,https://img.inven.co.kr/image/site_image/bm/dataninfo/playercard/3087f.jpg,SEASON_13182e6fd4cc9b2dd8e3,80,70,82
3313,2009,김광현,Pitcher,Holdout,Cost,https://img.inven.co.kr/image/site_image/bm/dataninfo/playercard/3313f.jpg,SEASON_13a084838ec06c121de4,10,8,8
3313,2009,김광현,Pitcher,Holdout,Stamina,https://img.inven.co.kr/image/site_image/bm/dataninfo/playercard/3313f.jpg,SEASON_13a084838ec06c121de4,83,49,49
3313,2009,김광현,Pitcher,Holdout,Velocity,https://img.inven.co.kr/image/site_image/bm/dataninfo/playercard/3313f.jpg,SEASON_13a084838ec06c121de4,76,55,55
3313,2009,김광현,Pitcher,Holdout,Stuff,https://img.inven.co.kr/image/site_image/bm/dataninfo/playercard/3313f.jpg,SEASON_13a084838ec06c121de4,80,73,87
3313,2009,김광현,Pitcher,Holdout,Breaking,https://img.inven.co.kr/image/site_image/bm/dataninfo/playercard/3313f.jpg,SEASON_13a084838ec06c121de4,84,70,86
3313,2009,김광현,Pitcher,Holdout,Control,https://img.inven.co.kr/image/site_image/bm/dataninfo/playercard/3313f.jpg,SEASON_13a084838ec06c121de4,76,60,79
3313,2009,김광현,Pitcher,Holdout,PitcherMental,https://img.inven.co.kr/image/site_image/bm/dataninfo/playercard/3313f.jpg,SEASON_13a084838ec06c121de4,80,70,82
885,2007,류현진,Pitcher,Train,Cost,https://img.inven.co.kr/image/site_image/bm/dataninfo/playercard/885f.jpg,SEASON_133b6cbb40e1172040fc,10,9,9
885,2007,류현진,Pitcher,Train,Stamina,https://img.inven.co.kr/image/site_image/bm/dataninfo/playercard/885f.jpg,SEASON_133b6cbb40e1172040fc,87,62,62
885,2007,류현진,Pitcher,Train,Velocity,https://img.inven.co.kr/image/site_image/bm/dataninfo/playercard/885f.jpg,SEASON_133b6cbb40e1172040fc,80,55,55
885,2007,류현진,Pitcher,Train,Stuff,https://img.inven.co.kr/image/site_image/bm/dataninfo/playercard/885f.jpg,SEASON_133b6cbb40e1172040fc,86,69,83
885,2007,류현진,Pitcher,Train,Breaking,https://img.inven.co.kr/image/site_image/bm/dataninfo/playercard/885f.jpg,SEASON_133b6cbb40e1172040fc,87,66,82
885,2007,류현진,Pitcher,Train,Control,https://img.inven.co.kr/image/site_image/bm/dataninfo/playercard/885f.jpg,SEASON_133b6cbb40e1172040fc,81,67,81
885,2007,류현진,Pitcher,Train,PitcherMental,https://img.inven.co.kr/image/site_image/bm/dataninfo/playercard/885f.jpg,SEASON_133b6cbb40e1172040fc,80,66,78
3409,2009,류현진,Pitcher,Train,Cost,https://img.inven.co.kr/image/site_image/bm/dataninfo/playercard/3409f.jpg,SEASON_f5283382d150027bc8ca,10,9,9
3409,2009,류현진,Pitcher,Train,Stamina,https://img.inven.co.kr/image/site_image/bm/dataninfo/playercard/3409f.jpg,SEASON_f5283382d150027bc8ca,86,58,58
3409,2009,류현진,Pitcher,Train,Velocity,https://img.inven.co.kr/image/site_image/bm/dataninfo/playercard/3409f.jpg,SEASON_f5283382d150027bc8ca,74,55,55
3409,2009,류현진,Pitcher,Train,Stuff,https://img.inven.co.kr/image/site_image/bm/dataninfo/playercard/3409f.jpg,SEASON_f5283382d150027bc8ca,81,68,82
3409,2009,류현진,Pitcher,Train,Breaking,https://img.inven.co.kr/image/site_image/bm/dataninfo/playercard/3409f.jpg,SEASON_f5283382d150027bc8ca,82,66,82
3409,2009,류현진,Pitcher,Train,Control,https://img.inven.co.kr/image/site_image/bm/dataninfo/playercard/3409f.jpg,SEASON_f5283382d150027bc8ca,77,65,80
3409,2009,류현진,Pitcher,Train,PitcherMental,https://img.inven.co.kr/image/site_image/bm/dataninfo/playercard/3409f.jpg,SEASON_f5283382d150027bc8ca,76,66,78
892,2004,리오스,Pitcher,Holdout,Cost,https://img.inven.co.kr/image/site_image/bm/dataninfo/playercard/892f.jpg,SEASON_e66618554fa7f52a9181,10,9,9
892,2004,리오스,Pitcher,Holdout,Stamina,https://img.inven.co.kr/image/site_image/bm/dataninfo/playercard/892f.jpg,SEASON_e66618554fa7f52a9181,86,64,64
892,2004,리오스,Pitcher,Holdout,Velocity,https://img.inven.co.kr/image/site_image/bm/dataninfo/playercard/892f.jpg,SEASON_e66618554fa7f52a9181,71,55,55
892,2004,리오스,Pitcher,Holdout,Stuff,https://img.inven.co.kr/image/site_image/bm/dataninfo/playercard/892f.jpg,SEASON_e66618554fa7f52a9181,88,72,86
892,2004,리오스,Pitcher,Holdout,Breaking,https://img.inven.co.kr/image/site_image/bm/dataninfo/playercard/892f.jpg,SEASON_e66618554fa7f52a9181,85,69,85
892,2004,리오스,Pitcher,Holdout,Control,https://img.inven.co.kr/image/site_image/bm/dataninfo/playercard/892f.jpg,SEASON_e66618554fa7f52a9181,86,67,81
892,2004,리오스,Pitcher,Holdout,PitcherMental,https://img.inven.co.kr/image/site_image/bm/dataninfo/playercard/892f.jpg,SEASON_e66618554fa7f52a9181,76,69,81
894,2005,리오스,Pitcher,Holdout,Cost,https://img.inven.co.kr/image/site_image/bm/dataninfo/playercard/894f.jpg,SEASON_525497b140e9ceb8d31f,10,9,9
894,2005,리오스,Pitcher,Holdout,Stamina,https://img.inven.co.kr/image/site_image/bm/dataninfo/playercard/894f.jpg,SEASON_525497b140e9ceb8d31f,80,61,61
894,2005,리오스,Pitcher,Holdout,Velocity,https://img.inven.co.kr/image/site_image/bm/dataninfo/playercard/894f.jpg,SEASON_525497b140e9ceb8d31f,70,55,55
894,2005,리오스,Pitcher,Holdout,Stuff,https://img.inven.co.kr/image/site_image/bm/dataninfo/playercard/894f.jpg,SEASON_525497b140e9ceb8d31f,84,63,77
894,2005,리오스,Pitcher,Holdout,Breaking,https://img.inven.co.kr/image/site_image/bm/dataninfo/playercard/894f.jpg,SEASON_525497b140e9ceb8d31f,89,62,78
894,2005,리오스,Pitcher,Holdout,Control,https://img.inven.co.kr/image/site_image/bm/dataninfo/playercard/894f.jpg,SEASON_525497b140e9ceb8d31f,86,68,81
894,2005,리오스,Pitcher,Holdout,PitcherMental,https://img.inven.co.kr/image/site_image/bm/dataninfo/playercard/894f.jpg,SEASON_525497b140e9ceb8d31f,85,62,74
1264,2008,봉중근,Pitcher,Train,Cost,https://img.inven.co.kr/image/site_image/bm/dataninfo/playercard/1264f.jpg,SEASON_9b14694a624a47ebdafb,10,9,9
1264,2008,봉중근,Pitcher,Train,Stamina,https://img.inven.co.kr/image/site_image/bm/dataninfo/playercard/1264f.jpg,SEASON_9b14694a624a47ebdafb,85,58,58
1264,2008,봉중근,Pitcher,Train,Velocity,https://img.inven.co.kr/image/site_image/bm/dataninfo/playercard/1264f.jpg,SEASON_9b14694a624a47ebdafb,66,55,55
1264,2008,봉중근,Pitcher,Train,Stuff,https://img.inven.co.kr/image/site_image/bm/dataninfo/playercard/1264f.jpg,SEASON_9b14694a624a47ebdafb,84,70,84
1264,2008,봉중근,Pitcher,Train,Breaking,https://img.inven.co.kr/image/site_image/bm/dataninfo/playercard/1264f.jpg,SEASON_9b14694a624a47ebdafb,81,68,84
1264,2008,봉중근,Pitcher,Train,Control,https://img.inven.co.kr/image/site_image/bm/dataninfo/playercard/1264f.jpg,SEASON_9b14694a624a47ebdafb,84,58,78
1264,2008,봉중근,Pitcher,Train,PitcherMental,https://img.inven.co.kr/image/site_image/bm/dataninfo/playercard/1264f.jpg,SEASON_9b14694a624a47ebdafb,79,68,80
1339,2006,손민한,Pitcher,Train,Cost,https://img.inven.co.kr/image/site_image/bm/dataninfo/playercard/1339f.jpg,SEASON_ab3af4b601365853d36f,10,9,9
1339,2006,손민한,Pitcher,Train,Stamina,https://img.inven.co.kr/image/site_image/bm/dataninfo/playercard/1339f.jpg,SEASON_ab3af4b601365853d36f,84,53,53
1339,2006,손민한,Pitcher,Train,Velocity,https://img.inven.co.kr/image/site_image/bm/dataninfo/playercard/1339f.jpg,SEASON_ab3af4b601365853d36f,65,55,55
1339,2006,손민한,Pitcher,Train,Stuff,https://img.inven.co.kr/image/site_image/bm/dataninfo/playercard/1339f.jpg,SEASON_ab3af4b601365853d36f,86,66,80
1339,2006,손민한,Pitcher,Train,Breaking,https://img.inven.co.kr/image/site_image/bm/dataninfo/playercard/1339f.jpg,SEASON_ab3af4b601365853d36f,83,64,80
1339,2006,손민한,Pitcher,Train,Control,https://img.inven.co.kr/image/site_image/bm/dataninfo/playercard/1339f.jpg,SEASON_ab3af4b601365853d36f,86,70,82
1339,2006,손민한,Pitcher,Train,PitcherMental,https://img.inven.co.kr/image/site_image/bm/dataninfo/playercard/1339f.jpg,SEASON_ab3af4b601365853d36f,76,64,76
1341,2008,손민한,Pitcher,Train,Cost,https://img.inven.co.kr/image/site_image/bm/dataninfo/playercard/1341f.jpg,SEASON_9a334aa87cbf91633b5d,10,9,9
1341,2008,손민한,Pitcher,Train,Stamina,https://img.inven.co.kr/image/site_image/bm/dataninfo/playercard/1341f.jpg,SEASON_9a334aa87cbf91633b5d,86,56,56
1341,2008,손민한,Pitcher,Train,Velocity,https://img.inven.co.kr/image/site_image/bm/dataninfo/playercard/1341f.jpg,SEASON_9a334aa87cbf91633b5d,65,55,55
1341,2008,손민한,Pitcher,Train,Stuff,https://img.inven.co.kr/image/site_image/bm/dataninfo/playercard/1341f.jpg,SEASON_9a334aa87cbf91633b5d,82,67,81
1341,2008,손민한,Pitcher,Train,Breaking,https://img.inven.co.kr/image/site_image/bm/dataninfo/playercard/1341f.jpg,SEASON_9a334aa87cbf91633b5d,82,65,81
1341,2008,손민한,Pitcher,Train,Control,https://img.inven.co.kr/image/site_image/bm/dataninfo/playercard/1341f.jpg,SEASON_9a334aa87cbf91633b5d,86,77,84
1341,2008,손민한,Pitcher,Train,PitcherMental,https://img.inven.co.kr/image/site_image/bm/dataninfo/playercard/1341f.jpg,SEASON_9a334aa87cbf91633b5d,76,65,77
1971,2003,이상목,Pitcher,Train,Cost,https://img.inven.co.kr/image/site_image/bm/dataninfo/playercard/1971f.jpg,SEASON_24fdb33e03226e737bda,10,9,9
1971,2003,이상목,Pitcher,Train,Stamina,https://img.inven.co.kr/image/site_image/bm/dataninfo/playercard/1971f.jpg,SEASON_24fdb33e03226e737bda,80,58,58
1971,2003,이상목,Pitcher,Train,Velocity,https://img.inven.co.kr/image/site_image/bm/dataninfo/playercard/1971f.jpg,SEASON_24fdb33e03226e737bda,65,55,55
1971,2003,이상목,Pitcher,Train,Stuff,https://img.inven.co.kr/image/site_image/bm/dataninfo/playercard/1971f.jpg,SEASON_24fdb33e03226e737bda,84,65,79
1971,2003,이상목,Pitcher,Train,Breaking,https://img.inven.co.kr/image/site_image/bm/dataninfo/playercard/1971f.jpg,SEASON_24fdb33e03226e737bda,88,63,79
1971,2003,이상목,Pitcher,Train,Control,https://img.inven.co.kr/image/site_image/bm/dataninfo/playercard/1971f.jpg,SEASON_24fdb33e03226e737bda,87,84,87
1971,2003,이상목,Pitcher,Train,PitcherMental,https://img.inven.co.kr/image/site_image/bm/dataninfo/playercard/1971f.jpg,SEASON_24fdb33e03226e737bda,75,63,75
3024,2002,키퍼,Pitcher,Train,Cost,https://img.inven.co.kr/image/site_image/bm/dataninfo/playercard/3024f.jpg,SEASON_7fe93baf362ff17f89d3,10,9,9
3024,2002,키퍼,Pitcher,Train,Stamina,https://img.inven.co.kr/image/site_image/bm/dataninfo/playercard/3024f.jpg,SEASON_7fe93baf362ff17f89d3,84,61,61
3024,2002,키퍼,Pitcher,Train,Velocity,https://img.inven.co.kr/image/site_image/bm/dataninfo/playercard/3024f.jpg,SEASON_7fe93baf362ff17f89d3,52,55,55
3024,2002,키퍼,Pitcher,Train,Stuff,https://img.inven.co.kr/image/site_image/bm/dataninfo/playercard/3024f.jpg,SEASON_7fe93baf362ff17f89d3,80,67,81
3024,2002,키퍼,Pitcher,Train,Breaking,https://img.inven.co.kr/image/site_image/bm/dataninfo/playercard/3024f.jpg,SEASON_7fe93baf362ff17f89d3,87,65,81
3024,2002,키퍼,Pitcher,Train,Control,https://img.inven.co.kr/image/site_image/bm/dataninfo/playercard/3024f.jpg,SEASON_7fe93baf362ff17f89d3,82,68,81
3024,2002,키퍼,Pitcher,Train,PitcherMental,https://img.inven.co.kr/image/site_image/bm/dataninfo/playercard/3024f.jpg,SEASON_7fe93baf362ff17f89d3,75,65,77
1693,2006,오승환,Pitcher,Train,Cost,https://img.inven.co.kr/image/site_image/bm/dataninfo/playercard/1693f.jpg,SEASON_bcafd08defb349600390,9,8,8
1693,2006,오승환,Pitcher,Train,Stamina,https://img.inven.co.kr/image/site_image/bm/dataninfo/playercard/1693f.jpg,SEASON_bcafd08defb349600390,47,39,39
1693,2006,오승환,Pitcher,Train,Velocity,https://img.inven.co.kr/image/site_image/bm/dataninfo/playercard/1693f.jpg,SEASON_bcafd08defb349600390,87,55,55
1693,2006,오승환,Pitcher,Train,Stuff,https://img.inven.co.kr/image/site_image/bm/dataninfo/playercard/1693f.jpg,SEASON_bcafd08defb349600390,90,72,86
1693,2006,오승환,Pitcher,Train,Breaking,https://img.inven.co.kr/image/site_image/bm/dataninfo/playercard/1693f.jpg,SEASON_bcafd08defb349600390,90,69,85
1693,2006,오승환,Pitcher,Train,Control,https://img.inven.co.kr/image/site_image/bm/dataninfo/playercard/1693f.jpg,SEASON_bcafd08defb349600390,90,70,82
1693,2006,오승환,Pitcher,Train,PitcherMental,https://img.inven.co.kr/image/site_image/bm/dataninfo/playercard/1693f.jpg,SEASON_bcafd08defb349600390,85,69,81
273,2000,김기덕,Pitcher,Train,Cost,https://img.inven.co.kr/image/site_image/bm/dataninfo/playercard/273f.jpg,SEASON_d23b74c0f40afdef244f,4,8,8
273,2000,김기덕,Pitcher,Train,Stamina,https://img.inven.co.kr/image/site_image/bm/dataninfo/playercard/273f.jpg,SEASON_d23b74c0f40afdef244f,65,49,49
273,2000,김기덕,Pitcher,Train,Velocity,https://img.inven.co.kr/image/site_image/bm/dataninfo/playercard/273f.jpg,SEASON_d23b74c0f40afdef244f,60,55,55
273,2000,김기덕,Pitcher,Train,Stuff,https://img.inven.co.kr/image/site_image/bm/dataninfo/playercard/273f.jpg,SEASON_d23b74c0f40afdef244f,56,46,60
273,2000,김기덕,Pitcher,Train,Breaking,https://img.inven.co.kr/image/site_image/bm/dataninfo/playercard/273f.jpg,SEASON_d23b74c0f40afdef244f,65,47,63
273,2000,김기덕,Pitcher,Train,Control,https://img.inven.co.kr/image/site_image/bm/dataninfo/playercard/273f.jpg,SEASON_d23b74c0f40afdef244f,80,76,84
273,2000,김기덕,Pitcher,Train,PitcherMental,https://img.inven.co.kr/image/site_image/bm/dataninfo/playercard/273f.jpg,SEASON_d23b74c0f40afdef244f,56,47,59
529,2004,김원형,Pitcher,Holdout,Cost,https://img.inven.co.kr/image/site_image/bm/dataninfo/playercard/529f.jpg,SEASON_f35bc7ca1ed6bde7d4fa,5,8,8
529,2004,김원형,Pitcher,Holdout,Stamina,https://img.inven.co.kr/image/site_image/bm/dataninfo/playercard/529f.jpg,SEASON_f35bc7ca1ed6bde7d4fa,66,49,49
529,2004,김원형,Pitcher,Holdout,Velocity,https://img.inven.co.kr/image/site_image/bm/dataninfo/playercard/529f.jpg,SEASON_f35bc7ca1ed6bde7d4fa,53,55,55
529,2004,김원형,Pitcher,Holdout,Stuff,https://img.inven.co.kr/image/site_image/bm/dataninfo/playercard/529f.jpg,SEASON_f35bc7ca1ed6bde7d4fa,67,54,68
529,2004,김원형,Pitcher,Holdout,Breaking,https://img.inven.co.kr/image/site_image/bm/dataninfo/playercard/529f.jpg,SEASON_f35bc7ca1ed6bde7d4fa,68,54,70
529,2004,김원형,Pitcher,Holdout,Control,https://img.inven.co.kr/image/site_image/bm/dataninfo/playercard/529f.jpg,SEASON_f35bc7ca1ed6bde7d4fa,75,65,80
529,2004,김원형,Pitcher,Holdout,PitcherMental,https://img.inven.co.kr/image/site_image/bm/dataninfo/playercard/529f.jpg,SEASON_f35bc7ca1ed6bde7d4fa,65,54,66
1665,2006,염종석,Pitcher,Train,Cost,https://img.inven.co.kr/image/site_image/bm/dataninfo/playercard/1665f.jpg,SEASON_ba6439eefe561d40db63,5,8,8
1665,2006,염종석,Pitcher,Train,Stamina,https://img.inven.co.kr/image/site_image/bm/dataninfo/playercard/1665f.jpg,SEASON_ba6439eefe561d40db63,71,48,48
1665,2006,염종석,Pitcher,Train,Velocity,https://img.inven.co.kr/image/site_image/bm/dataninfo/playercard/1665f.jpg,SEASON_ba6439eefe561d40db63,56,55,55
1665,2006,염종석,Pitcher,Train,Stuff,https://img.inven.co.kr/image/site_image/bm/dataninfo/playercard/1665f.jpg,SEASON_ba6439eefe561d40db63,63,51,65
1665,2006,염종석,Pitcher,Train,Breaking,https://img.inven.co.kr/image/site_image/bm/dataninfo/playercard/1665f.jpg,SEASON_ba6439eefe561d40db63,68,52,68
1665,2006,염종석,Pitcher,Train,Control,https://img.inven.co.kr/image/site_image/bm/dataninfo/playercard/1665f.jpg,SEASON_ba6439eefe561d40db63,79,68,81
1665,2006,염종석,Pitcher,Train,PitcherMental,https://img.inven.co.kr/image/site_image/bm/dataninfo/playercard/1665f.jpg,SEASON_ba6439eefe561d40db63,59,52,64
2416,2007,전병호,Pitcher,Train,Cost,https://img.inven.co.kr/image/site_image/bm/dataninfo/playercard/2416f.jpg,SEASON_4f7d4e89b897955a7716,5,8,8
2416,2007,전병호,Pitcher,Train,Stamina,https://img.inven.co.kr/image/site_image/bm/dataninfo/playercard/2416f.jpg,SEASON_4f7d4e89b897955a7716,65,49,49
2416,2007,전병호,Pitcher,Train,Velocity,https://img.inven.co.kr/image/site_image/bm/dataninfo/playercard/2416f.jpg,SEASON_4f7d4e89b897955a7716,40,55,55
2416,2007,전병호,Pitcher,Train,Stuff,https://img.inven.co.kr/image/site_image/bm/dataninfo/playercard/2416f.jpg,SEASON_4f7d4e89b897955a7716,60,50,64
2416,2007,전병호,Pitcher,Train,Breaking,https://img.inven.co.kr/image/site_image/bm/dataninfo/playercard/2416f.jpg,SEASON_4f7d4e89b897955a7716,68,51,67
2416,2007,전병호,Pitcher,Train,Control,https://img.inven.co.kr/image/site_image/bm/dataninfo/playercard/2416f.jpg,SEASON_4f7d4e89b897955a7716,77,68,81
2416,2007,전병호,Pitcher,Train,PitcherMental,https://img.inven.co.kr/image/site_image/bm/dataninfo/playercard/2416f.jpg,SEASON_4f7d4e89b897955a7716,66,51,63
2620,2000,조계현,Pitcher,Train,Cost,https://img.inven.co.kr/image/site_image/bm/dataninfo/playercard/2620f.jpg,SEASON_2f44cb62b13d2078ea0a,5,7,7
2620,2000,조계현,Pitcher,Train,Stamina,https://img.inven.co.kr/image/site_image/bm/dataninfo/playercard/2620f.jpg,SEASON_2f44cb62b13d2078ea0a,63,41,41
2620,2000,조계현,Pitcher,Train,Velocity,https://img.inven.co.kr/image/site_image/bm/dataninfo/playercard/2620f.jpg,SEASON_2f44cb62b13d2078ea0a,52,55,55
2620,2000,조계현,Pitcher,Train,Stuff,https://img.inven.co.kr/image/site_image/bm/dataninfo/playercard/2620f.jpg,SEASON_2f44cb62b13d2078ea0a,61,59,73
2620,2000,조계현,Pitcher,Train,Breaking,https://img.inven.co.kr/image/site_image/bm/dataninfo/playercard/2620f.jpg,SEASON_2f44cb62b13d2078ea0a,67,58,74
2620,2000,조계현,Pitcher,Train,Control,https://img.inven.co.kr/image/site_image/bm/dataninfo/playercard/2620f.jpg,SEASON_2f44cb62b13d2078ea0a,76,64,80
2620,2000,조계현,Pitcher,Train,PitcherMental,https://img.inven.co.kr/image/site_image/bm/dataninfo/playercard/2620f.jpg,SEASON_2f44cb62b13d2078ea0a,72,58,70
3078,2000,한용덕,Pitcher,Holdout,Cost,https://img.inven.co.kr/image/site_image/bm/dataninfo/playercard/3078f.jpg,SEASON_5ddf8fd1496b3e57f06b,5,8,8
3078,2000,한용덕,Pitcher,Holdout,Stamina,https://img.inven.co.kr/image/site_image/bm/dataninfo/playercard/3078f.jpg,SEASON_5ddf8fd1496b3e57f06b,60,48,48
3078,2000,한용덕,Pitcher,Holdout,Velocity,https://img.inven.co.kr/image/site_image/bm/dataninfo/playercard/3078f.jpg,SEASON_5ddf8fd1496b3e57f06b,58,55,55
3078,2000,한용덕,Pitcher,Holdout,Stuff,https://img.inven.co.kr/image/site_image/bm/dataninfo/playercard/3078f.jpg,SEASON_5ddf8fd1496b3e57f06b,64,52,66
3078,2000,한용덕,Pitcher,Holdout,Breaking,https://img.inven.co.kr/image/site_image/bm/dataninfo/playercard/3078f.jpg,SEASON_5ddf8fd1496b3e57f06b,68,52,68
3078,2000,한용덕,Pitcher,Holdout,Control,https://img.inven.co.kr/image/site_image/bm/dataninfo/playercard/3078f.jpg,SEASON_5ddf8fd1496b3e57f06b,76,67,81
3078,2000,한용덕,Pitcher,Holdout,PitcherMental,https://img.inven.co.kr/image/site_image/bm/dataninfo/playercard/3078f.jpg,SEASON_5ddf8fd1496b3e57f06b,62,52,64
261,2004,김광삼,Pitcher,Train,Cost,https://img.inven.co.kr/image/site_image/bm/dataninfo/playercard/261f.jpg,SEASON_eb1ff38dabb52261f378,6,8,8
261,2004,김광삼,Pitcher,Train,Stamina,https://img.inven.co.kr/image/site_image/bm/dataninfo/playercard/261f.jpg,SEASON_eb1ff38dabb52261f378,69,52,52
261,2004,김광삼,Pitcher,Train,Velocity,https://img.inven.co.kr/image/site_image/bm/dataninfo/playercard/261f.jpg,SEASON_eb1ff38dabb52261f378,70,55,55
261,2004,김광삼,Pitcher,Train,Stuff,https://img.inven.co.kr/image/site_image/bm/dataninfo/playercard/261f.jpg,SEASON_eb1ff38dabb52261f378,72,51,65
261,2004,김광삼,Pitcher,Train,Breaking,https://img.inven.co.kr/image/site_image/bm/dataninfo/playercard/261f.jpg,SEASON_eb1ff38dabb52261f378,68,52,68
261,2004,김광삼,Pitcher,Train,Control,https://img.inven.co.kr/image/site_image/bm/dataninfo/playercard/261f.jpg,SEASON_eb1ff38dabb52261f378,80,40,72
261,2004,김광삼,Pitcher,Train,PitcherMental,https://img.inven.co.kr/image/site_image/bm/dataninfo/playercard/261f.jpg,SEASON_eb1ff38dabb52261f378,64,52,64
858,2008,랜들,Pitcher,Validation,Cost,https://img.inven.co.kr/image/site_image/bm/dataninfo/playercard/858f.jpg,SEASON_fb7aec433fa8481648c4,6,8,8
858,2008,랜들,Pitcher,Validation,Stamina,https://img.inven.co.kr/image/site_image/bm/dataninfo/playercard/858f.jpg,SEASON_fb7aec433fa8481648c4,72,51,51
858,2008,랜들,Pitcher,Validation,Velocity,https://img.inven.co.kr/image/site_image/bm/dataninfo/playercard/858f.jpg,SEASON_fb7aec433fa8481648c4,67,55,55
858,2008,랜들,Pitcher,Validation,Stuff,https://img.inven.co.kr/image/site_image/bm/dataninfo/playercard/858f.jpg,SEASON_fb7aec433fa8481648c4,74,49,63
858,2008,랜들,Pitcher,Validation,Breaking,https://img.inven.co.kr/image/site_image/bm/dataninfo/playercard/858f.jpg,SEASON_fb7aec433fa8481648c4,69,50,66
858,2008,랜들,Pitcher,Validation,Control,https://img.inven.co.kr/image/site_image/bm/dataninfo/playercard/858f.jpg,SEASON_fb7aec433fa8481648c4,75,62,79
858,2008,랜들,Pitcher,Validation,PitcherMental,https://img.inven.co.kr/image/site_image/bm/dataninfo/playercard/858f.jpg,SEASON_fb7aec433fa8481648c4,65,50,62
1171,2004,박지철,Pitcher,Train,Cost,https://img.inven.co.kr/image/site_image/bm/dataninfo/playercard/1171f.jpg,SEASON_8c3dcb251ade73da9f9b,6,8,8
1171,2004,박지철,Pitcher,Train,Stamina,https://img.inven.co.kr/image/site_image/bm/dataninfo/playercard/1171f.jpg,SEASON_8c3dcb251ade73da9f9b,71,50,50
1171,2004,박지철,Pitcher,Train,Velocity,https://img.inven.co.kr/image/site_image/bm/dataninfo/playercard/1171f.jpg,SEASON_8c3dcb251ade73da9f9b,57,55,55
1171,2004,박지철,Pitcher,Train,Stuff,https://img.inven.co.kr/image/site_image/bm/dataninfo/playercard/1171f.jpg,SEASON_8c3dcb251ade73da9f9b,69,57,71
1171,2004,박지철,Pitcher,Train,Breaking,https://img.inven.co.kr/image/site_image/bm/dataninfo/playercard/1171f.jpg,SEASON_8c3dcb251ade73da9f9b,67,57,73
1171,2004,박지철,Pitcher,Train,Control,https://img.inven.co.kr/image/site_image/bm/dataninfo/playercard/1171f.jpg,SEASON_8c3dcb251ade73da9f9b,75,49,75
1171,2004,박지철,Pitcher,Train,PitcherMental,https://img.inven.co.kr/image/site_image/bm/dataninfo/playercard/1171f.jpg,SEASON_8c3dcb251ade73da9f9b,68,57,69
1229,2006,배영수,Pitcher,Train,Cost,https://img.inven.co.kr/image/site_image/bm/dataninfo/playercard/1229f.jpg,SEASON_7954bc4465efce39e288,6,8,8
1229,2006,배영수,Pitcher,Train,Stamina,https://img.inven.co.kr/image/site_image/bm/dataninfo/playercard/1229f.jpg,SEASON_7954bc4465efce39e288,69,53,53
1229,2006,배영수,Pitcher,Train,Velocity,https://img.inven.co.kr/image/site_image/bm/dataninfo/playercard/1229f.jpg,SEASON_7954bc4465efce39e288,69,55,55
1229,2006,배영수,Pitcher,Train,Stuff,https://img.inven.co.kr/image/site_image/bm/dataninfo/playercard/1229f.jpg,SEASON_7954bc4465efce39e288,77,63,77
1229,2006,배영수,Pitcher,Train,Breaking,https://img.inven.co.kr/image/site_image/bm/dataninfo/playercard/1229f.jpg,SEASON_7954bc4465efce39e288,67,62,78
1229,2006,배영수,Pitcher,Train,Control,https://img.inven.co.kr/image/site_image/bm/dataninfo/playercard/1229f.jpg,SEASON_7954bc4465efce39e288,78,69,82
1229,2006,배영수,Pitcher,Train,PitcherMental,https://img.inven.co.kr/image/site_image/bm/dataninfo/playercard/1229f.jpg,SEASON_7954bc4465efce39e288,68,62,74
1304,2008,서재응,Pitcher,Train,Cost,https://img.inven.co.kr/image/site_image/bm/dataninfo/playercard/1304f.jpg,SEASON_49ed8ceb8f467f13a7e3,6,6,6
1304,2008,서재응,Pitcher,Train,Stamina,https://img.inven.co.kr/image/site_image/bm/dataninfo/playercard/1304f.jpg,SEASON_49ed8ceb8f467f13a7e3,69,39,39
1304,2008,서재응,Pitcher,Train,Velocity,https://img.inven.co.kr/image/site_image/bm/dataninfo/playercard/1304f.jpg,SEASON_49ed8ceb8f467f13a7e3,62,55,55
1304,2008,서재응,Pitcher,Train,Stuff,https://img.inven.co.kr/image/site_image/bm/dataninfo/playercard/1304f.jpg,SEASON_49ed8ceb8f467f13a7e3,66,50,64
1304,2008,서재응,Pitcher,Train,Breaking,https://img.inven.co.kr/image/site_image/bm/dataninfo/playercard/1304f.jpg,SEASON_49ed8ceb8f467f13a7e3,69,51,67
1304,2008,서재응,Pitcher,Train,Control,https://img.inven.co.kr/image/site_image/bm/dataninfo/playercard/1304f.jpg,SEASON_49ed8ceb8f467f13a7e3,77,58,78
1304,2008,서재응,Pitcher,Train,PitcherMental,https://img.inven.co.kr/image/site_image/bm/dataninfo/playercard/1304f.jpg,SEASON_49ed8ceb8f467f13a7e3,67,51,63
1408,2008,송은범,Pitcher,Train,Cost,https://img.inven.co.kr/image/site_image/bm/dataninfo/playercard/1408f.jpg,SEASON_034a585d661a8d4bacff,6,8,8
1408,2008,송은범,Pitcher,Train,Stamina,https://img.inven.co.kr/image/site_image/bm/dataninfo/playercard/1408f.jpg,SEASON_034a585d661a8d4bacff,65,45,45
1408,2008,송은범,Pitcher,Train,Velocity,https://img.inven.co.kr/image/site_image/bm/dataninfo/playercard/1408f.jpg,SEASON_034a585d661a8d4bacff,70,55,55
1408,2008,송은범,Pitcher,Train,Stuff,https://img.inven.co.kr/image/site_image/bm/dataninfo/playercard/1408f.jpg,SEASON_034a585d661a8d4bacff,72,55,69
1408,2008,송은범,Pitcher,Train,Breaking,https://img.inven.co.kr/image/site_image/bm/dataninfo/playercard/1408f.jpg,SEASON_034a585d661a8d4bacff,68,55,71
1408,2008,송은범,Pitcher,Train,Control,https://img.inven.co.kr/image/site_image/bm/dataninfo/playercard/1408f.jpg,SEASON_034a585d661a8d4bacff,76,64,80
1408,2008,송은범,Pitcher,Train,PitcherMental,https://img.inven.co.kr/image/site_image/bm/dataninfo/playercard/1408f.jpg,SEASON_034a585d661a8d4bacff,69,55,67
1973,2005,이상목,Pitcher,Train,Cost,https://img.inven.co.kr/image/site_image/bm/dataninfo/playercard/1973f.jpg,SEASON_7a8a63518d25cb8fd3da,6,8,8
1973,2005,이상목,Pitcher,Train,Stamina,https://img.inven.co.kr/image/site_image/bm/dataninfo/playercard/1973f.jpg,SEASON_7a8a63518d25cb8fd3da,67,43,43
1973,2005,이상목,Pitcher,Train,Velocity,https://img.inven.co.kr/image/site_image/bm/dataninfo/playercard/1973f.jpg,SEASON_7a8a63518d25cb8fd3da,64,55,55
1973,2005,이상목,Pitcher,Train,Stuff,https://img.inven.co.kr/image/site_image/bm/dataninfo/playercard/1973f.jpg,SEASON_7a8a63518d25cb8fd3da,70,64,78
1973,2005,이상목,Pitcher,Train,Breaking,https://img.inven.co.kr/image/site_image/bm/dataninfo/playercard/1973f.jpg,SEASON_7a8a63518d25cb8fd3da,66,62,78
1973,2005,이상목,Pitcher,Train,Control,https://img.inven.co.kr/image/site_image/bm/dataninfo/playercard/1973f.jpg,SEASON_7a8a63518d25cb8fd3da,76,76,84
1973,2005,이상목,Pitcher,Train,PitcherMental,https://img.inven.co.kr/image/site_image/bm/dataninfo/playercard/1973f.jpg,SEASON_7a8a63518d25cb8fd3da,73,62,74
3026,2003,키퍼,Pitcher,Train,Cost,https://img.inven.co.kr/image/site_image/bm/dataninfo/playercard/3026f.jpg,SEASON_d0025e69c1442709de6e,6,8,8
3026,2003,키퍼,Pitcher,Train,Stamina,https://img.inven.co.kr/image/site_image/bm/dataninfo/playercard/3026f.jpg,SEASON_d0025e69c1442709de6e,80,55,55
3026,2003,키퍼,Pitcher,Train,Velocity,https://img.inven.co.kr/image/site_image/bm/dataninfo/playercard/3026f.jpg,SEASON_d0025e69c1442709de6e,50,55,55
3026,2003,키퍼,Pitcher,Train,Stuff,https://img.inven.co.kr/image/site_image/bm/dataninfo/playercard/3026f.jpg,SEASON_d0025e69c1442709de6e,64,60,74
3026,2003,키퍼,Pitcher,Train,Breaking,https://img.inven.co.kr/image/site_image/bm/dataninfo/playercard/3026f.jpg,SEASON_d0025e69c1442709de6e,65,59,75
3026,2003,키퍼,Pitcher,Train,Control,https://img.inven.co.kr/image/site_image/bm/dataninfo/playercard/3026f.jpg,SEASON_d0025e69c1442709de6e,81,68,81
3026,2003,키퍼,Pitcher,Train,PitcherMental,https://img.inven.co.kr/image/site_image/bm/dataninfo/playercard/3026f.jpg,SEASON_d0025e69c1442709de6e,74,59,71
449,2007,김수경,Pitcher,Holdout,Cost,https://img.inven.co.kr/image/site_image/bm/dataninfo/playercard/449f.jpg,SEASON_054dc7e0e7731c147d07,7,8,8
449,2007,김수경,Pitcher,Holdout,Stamina,https://img.inven.co.kr/image/site_image/bm/dataninfo/playercard/449f.jpg,SEASON_054dc7e0e7731c147d07,81,56,56
449,2007,김수경,Pitcher,Holdout,Velocity,https://img.inven.co.kr/image/site_image/bm/dataninfo/playercard/449f.jpg,SEASON_054dc7e0e7731c147d07,66,55,55
449,2007,김수경,Pitcher,Holdout,Stuff,https://img.inven.co.kr/image/site_image/bm/dataninfo/playercard/449f.jpg,SEASON_054dc7e0e7731c147d07,81,54,68
449,2007,김수경,Pitcher,Holdout,Breaking,https://img.inven.co.kr/image/site_image/bm/dataninfo/playercard/449f.jpg,SEASON_054dc7e0e7731c147d07,66,54,70
449,2007,김수경,Pitcher,Holdout,Control,https://img.inven.co.kr/image/site_image/bm/dataninfo/playercard/449f.jpg,SEASON_054dc7e0e7731c147d07,76,62,79
449,2007,김수경,Pitcher,Holdout,PitcherMental,https://img.inven.co.kr/image/site_image/bm/dataninfo/playercard/449f.jpg,SEASON_054dc7e0e7731c147d07,67,54,66
1335,2002,손민한,Pitcher,Train,Cost,https://img.inven.co.kr/image/site_image/bm/dataninfo/playercard/1335f.jpg,SEASON_2e6145273a0c933f5c8b,7,8,8
1335,2002,손민한,Pitcher,Train,Stamina,https://img.inven.co.kr/image/site_image/bm/dataninfo/playercard/1335f.jpg,SEASON_2e6145273a0c933f5c8b,78,50,50
1335,2002,손민한,Pitcher,Train,Velocity,https://img.inven.co.kr/image/site_image/bm/dataninfo/playercard/1335f.jpg,SEASON_2e6145273a0c933f5c8b,63,55,55
1335,2002,손민한,Pitcher,Train,Stuff,https://img.inven.co.kr/image/site_image/bm/dataninfo/playercard/1335f.jpg,SEASON_2e6145273a0c933f5c8b,68,60,74
1335,2002,손민한,Pitcher,Train,Breaking,https://img.inven.co.kr/image/site_image/bm/dataninfo/playercard/1335f.jpg,SEASON_2e6145273a0c933f5c8b,66,59,75
1335,2002,손민한,Pitcher,Train,Control,https://img.inven.co.kr/image/site_image/bm/dataninfo/playercard/1335f.jpg,SEASON_2e6145273a0c933f5c8b,80,72,83
1335,2002,손민한,Pitcher,Train,PitcherMental,https://img.inven.co.kr/image/site_image/bm/dataninfo/playercard/1335f.jpg,SEASON_2e6145273a0c933f5c8b,73,59,71
2720,2008,조정훈,Pitcher,Holdout,Cost,https://img.inven.co.kr/image/site_image/bm/dataninfo/playercard/2720f.jpg,SEASON_781a70e8c472e2a31acc,7,7,7
2720,2008,조정훈,Pitcher,Holdout,Stamina,https://img.inven.co.kr/image/site_image/bm/dataninfo/playercard/2720f.jpg,SEASON_781a70e8c472e2a31acc,72,39,39
2720,2008,조정훈,Pitcher,Holdout,Velocity,https://img.inven.co.kr/image/site_image/bm/dataninfo/playercard/2720f.jpg,SEASON_781a70e8c472e2a31acc,58,55,55
2720,2008,조정훈,Pitcher,Holdout,Stuff,https://img.inven.co.kr/image/site_image/bm/dataninfo/playercard/2720f.jpg,SEASON_781a70e8c472e2a31acc,73,58,72
2720,2008,조정훈,Pitcher,Holdout,Breaking,https://img.inven.co.kr/image/site_image/bm/dataninfo/playercard/2720f.jpg,SEASON_781a70e8c472e2a31acc,68,58,74
2720,2008,조정훈,Pitcher,Holdout,Control,https://img.inven.co.kr/image/site_image/bm/dataninfo/playercard/2720f.jpg,SEASON_781a70e8c472e2a31acc,80,68,81
2720,2008,조정훈,Pitcher,Holdout,PitcherMental,https://img.inven.co.kr/image/site_image/bm/dataninfo/playercard/2720f.jpg,SEASON_781a70e8c472e2a31acc,73,58,70
